work_id	lemma	count	resolution	joined_key
tlg0003.tlg001	δηϊόω	56	accent-blind	δηιόω
tlg0003.tlg001	ἀποθνῄσκω	44	accent-blind	ἀποθνήσκω
tlg0003.tlg001	Ἀμφίπολις	31	accent-blind	ἀμφίπολις
tlg0003.tlg001	σῴζω	29	accent-blind	σώζω
tlg0003.tlg001	θνῄσκω	23	accent-blind	θνήσκω
tlg0003.tlg001	μιμνῄσκω	13	accent-blind	μιμνήσκω
tlg0003.tlg001	Ἀριστεύς	13	accent-blind	ἀριστεύς
tlg0003.tlg001	Ἠϊών	12	accent-blind	ἠιών
tlg0003.tlg001	Κνῆμος	12	accent-blind	κνημός
tlg0003.tlg001	Ὄλυνθος	10	accent-blind	ὄλυνθος
tlg0003.tlg001	Ῥίον	8	accent-blind	ῥίον
tlg0003.tlg001	Φίλιππος	7	accent-blind	φίλιππος
tlg0003.tlg001	ληΐζομαι	6	accent-blind	ληίζομαι
tlg0003.tlg001	πλώϊμος	6	accent-blind	πλώιμος
tlg0003.tlg001	διΐστημι	6	accent-blind	διίστημι
tlg0003.tlg001	Στράτος	6	accent-blind	στρατός
tlg0003.tlg001	τριακονταέτης	5	accent-blind	τριακονταετής
tlg0003.tlg001	Καλλίας	5	accent-blind	καλλίας
tlg0003.tlg001	Ἀνακτόριος	5	accent-blind	ἀνακτόριος
tlg0003.tlg001	Λήκυθος	5	accent-blind	λήκυθος
tlg0003.tlg001	Ἱππίας	4	accent-blind	ἱππίας
tlg0003.tlg001	πανταχῇ	4	accent-blind	πανταχῆ
tlg0003.tlg001	κορίνθιος	4	accent-blind	Κορίνθιος
tlg0003.tlg001	Χρυσίς	4	accent-blind	χρυσίς
tlg0003.tlg001	Πάραλος	4	accent-blind	πάραλος
tlg0003.tlg001	προΐστημι	4	accent-blind	προίστημι
tlg0003.tlg001	Πόντος	4	accent-blind	πόντος
tlg0003.tlg001	Λέων	4	accent-blind	λέων
tlg0003.tlg001	διΐημι	4	accent-blind	διίημι
tlg0003.tlg001	Χερσόνησος	3	accent-blind	χερσόνησος
tlg0003.tlg001	Ἵππαρχος	3	accent-blind	ἵππαρχος
tlg0003.tlg001	ἀναμιμνῄσκω	3	accent-blind	ἀναμιμνήσκω
tlg0003.tlg001	Πάνορμος	3	accent-blind	πάνορμος
tlg0003.tlg001	βορέας	3	accent-blind	Βορέας
tlg0003.tlg001	Πύρρα	3	accent-blind	πύρρα
tlg0003.tlg001	μηδίζω	3	accent-blind	Μηδίζω
tlg0003.tlg001	Ἠιών	3	accent-blind	ἠιών
tlg0003.tlg001	Μηνᾶς	3	accent-blind	μηνάς
tlg0003.tlg001	Πολυκράτης	2	accent-blind	πολυκρατής
tlg0003.tlg001	Ἁρμόδιος	2	accent-blind	ἁρμόδιος
tlg0003.tlg001	Θέρμη	2	accent-blind	θέρμη
tlg0003.tlg001	ἐπιμιμνῄσκομαι	2	accent-blind	ἐπιμιμνήσκομαι
tlg0003.tlg001	Φοῖβος	2	accent-blind	φοῖβος
tlg0003.tlg001	προϋπάρχω	2	accent-blind	προυπάρχω
tlg0003.tlg001	ἐναποθνῄσκω	2	accent-blind	ἐναποθνήσκω
tlg0003.tlg001	Εὐριπίδης	2	accent-blind	εὐριπίδης
tlg0003.tlg001	Σκόμβρος	2	accent-blind	σκόμβρος
tlg0003.tlg001	Πέλλα	2	accent-blind	πέλλα
tlg0003.tlg001	μηδισμός	2	accent-blind	Μηδισμός
tlg0003.tlg001	Ἱερή	2	accent-blind	ἱερή
tlg0003.tlg001	Μακάριος	2	accent-blind	μακάριος
tlg0003.tlg001	Δῖον	2	accent-blind	Δίον
tlg0003.tlg001	Ἀκτή	2	accent-blind	ἀκτή
tlg0003.tlg001	Ἀλκαῖος	2	accent-blind	ἀλκαῖος
tlg0003.tlg001	Μεταγένης	2	accent-blind	μεταγενής
tlg0003.tlg001	Ἅλυς	1	accent-blind	ἄλυς
tlg0003.tlg001	Παλή	1	accent-blind	πάλη
tlg0003.tlg001	Ἀδείμαντος	1	accent-blind	ἀδείμαντος
tlg0003.tlg001	Ζώπυρος	1	accent-blind	ζώπυρος
tlg0003.tlg001	Μειλίχιος	1	accent-blind	μειλίχιος
tlg0003.tlg001	εἵλως	1	accent-blind	Εἵλως
tlg0003.tlg001	Γογγύλος	1	accent-blind	γογγύλος
tlg0003.tlg001	Γόγγυλος	1	accent-blind	γογγύλος
tlg0003.tlg001	Κολώνη	1	accent-blind	κολώνη
tlg0003.tlg001	ἀπομιμνῄσκομαι	1	accent-blind	ἀπομιμνήσκομαι
tlg0003.tlg001	Γῆ	1	accent-blind	γῆ
tlg0003.tlg001	Λίμνη	1	accent-blind	λίμνη
tlg0003.tlg001	Καρκίνος	1	accent-blind	καρκίνος
tlg0003.tlg001	Ἰχθύς	1	accent-blind	ἰχθύς
tlg0003.tlg001	Χρύσις	1	accent-blind	χρυσίς
tlg0003.tlg001	προθνῄσκω	1	accent-blind	προθνήσκω
tlg0003.tlg001	ὑπομιμνῄσκω	1	accent-blind	ὑπομιμνήσκω
tlg0003.tlg001	ἑλληνίζω	1	accent-blind	Ἑλληνίζω
tlg0003.tlg001	Φοινίκη	1	accent-blind	φοινίκη
tlg0003.tlg001	Κρουσίς	1	accent-blind	κροῦσις
tlg0003.tlg001	Ἰσοκράτης	1	accent-blind	ἰσοκρατής
tlg0003.tlg001	παίων	1	accent-blind	Παίων
tlg0003.tlg001	Ἀρχέλαος	1	accent-blind	ἀρχέλαος
tlg0003.tlg001	Εὐρωπός	1	accent-blind	εὐρωπός
tlg0003.tlg001	Ἐπίκουρος	1	accent-blind	ἐπίκουρος
tlg0003.tlg001	Δρύς	1	accent-blind	δρῦς
tlg0003.tlg001	μεγαρεύς	1	accent-blind	Μεγαρεύς
tlg0003.tlg001	Εὐφίλητος	1	accent-blind	εὐφίλητος
tlg0003.tlg001	Παράλιος	1	accent-blind	παράλιος
tlg0003.tlg001	Ἠπειρωτικός	1	accent-blind	ἠπειρωτικός
tlg0003.tlg001	Τείχιον	1	accent-blind	τειχίον
tlg0003.tlg001	περ	1	accent-blind	πέρ
tlg0003.tlg001	Πόλις	1	accent-blind	πόλις
tlg0003.tlg001	Πρόξενος	1	accent-blind	πρόξενος
tlg0003.tlg001	Μεδεών	1	accent-blind	μεδέων
tlg0003.tlg001	Μητρόπολις	1	accent-blind	μητρόπολις
tlg0003.tlg001	πρῴην	1	accent-blind	πρώην
tlg0003.tlg001	πρωΐ	1	accent-blind	πρωί
tlg0003.tlg001	Μόλοβρος	1	accent-blind	μολοβρός
tlg0003.tlg001	Ἕλος	1	accent-blind	ἕλος
tlg0003.tlg001	τροπαῖον	1	accent-blind	τρόπαιον
tlg0003.tlg001	ἀπόλλων	1	accent-blind	Ἀπόλλων
tlg0003.tlg001	Αὐλών	1	accent-blind	αὐλών
tlg0003.tlg001	Τομεύς	1	accent-blind	τομεύς
tlg0003.tlg001	Ταῦρος	1	accent-blind	ταῦρος
tlg0003.tlg001	μη	1	accent-blind	μή
tlg0003.tlg001	Κωφός	1	accent-blind	κωφός
tlg0003.tlg001	Πυθώ	1	accent-blind	πύθω
tlg0003.tlg001	Βασιλίς	1	accent-blind	βασιλίς
tlg0003.tlg001	Εὔστροφος	1	accent-blind	εὔστροφος
tlg0003.tlg001	Ἔνδιος	1	accent-blind	ἔνδιος
tlg0003.tlg001	Ἀλκίφρων	1	accent-blind	ἀλκίφρων
tlg0003.tlg001	Χάραδρος	1	accent-blind	χάραδρος
tlg0059.tlg001	ἀποθνῄσκω	5	accent-blind	ἀποθνήσκω
tlg0059.tlg001	θνῄσκω	3	accent-blind	θνήσκω
tlg0059.tlg001	μιμνῄσκω	3	accent-blind	μιμνήσκω
tlg0059.tlg001	διϊσχυρίζομαι	1	accent-blind	διισχυρίζομαι
tlg0059.tlg001	Κρόνος	1	accent-blind	κρόνος
tlg0059.tlg001	νυν	1	accent-blind	νῦν
tlg0059.tlg001	σῴζω	1	accent-blind	σώζω
tlg0059.tlg001	ἁφίημι	1	accent-blind	ἀφίημι
tlg0059.tlg002	θνῄσκω	12	accent-blind	θνήσκω
tlg0059.tlg002	ἀποθνῄσκω	10	accent-blind	ἀποθνήσκω
tlg0059.tlg002	σῴζω	3	accent-blind	σώζω
tlg0059.tlg002	μιμνῄσκω	2	accent-blind	μιμνήσκω
tlg0059.tlg002	Λέων	2	accent-blind	λέων
tlg0059.tlg002	ἐπαΐω	1	accent-blind	ἐπαίω
tlg0059.tlg002	Πρόδικος	1	accent-blind	πρόδικος
tlg0059.tlg002	Λύκος	1	accent-blind	λύκος
tlg0059.tlg002	νυν	1	accent-blind	νῦν
tlg0059.tlg002	Ἀμφίπολις	1	accent-blind	ἀμφίπολις
tlg0059.tlg002	Λυσανίας	1	accent-blind	λυσανίας
tlg0059.tlg002	Παράλιος	1	accent-blind	παράλιος
tlg0059.tlg002	Ἀδείμαντος	1	accent-blind	ἀδείμαντος
tlg0059.tlg002	ἀναμιμνῄσκω	1	accent-blind	ἀναμιμνήσκω
tlg0059.tlg002	Ὀρφεύς	1	accent-blind	ὀρφεύς
tlg0059.tlg003	σῴζω	7	accent-blind	σώζω
tlg0059.tlg003	ἀποθνῄσκω	6	accent-blind	ἀποθνήσκω
tlg0059.tlg003	ἐπαΐω	5	accent-blind	ἐπαίω
tlg0059.tlg003	πρωΐ	2	accent-blind	πρωί
tlg0059.tlg003	θνῄσκω	2	accent-blind	θνήσκω
tlg0059.tlg003	Φθία	1	accent-blind	φθία
tlg0059.tlg003	παιδιά	1	accent-blind	παιδία
tlg0059.tlg011	Ἔρως	76	accent-blind	ἔρως
tlg0059.tlg011	Φαῖδρος	23	accent-blind	φαιδρός
tlg0059.tlg011	ἀποθνῄσκω	8	accent-blind	ἀποθνήσκω
tlg0059.tlg011	μιμνῄσκω	6	accent-blind	μιμνήσκω
tlg0059.tlg011	ὑπεραποθνῄσκω	4	accent-blind	ὑπεραποθνήσκω
tlg0059.tlg011	ἀναμιμνῄσκω	4	accent-blind	ἀναμιμνήσκω
tlg0059.tlg011	σῴζω	4	accent-blind	σώζω
tlg0059.tlg011	Πόρος	4	accent-blind	πόρος
tlg0059.tlg011	πρῴην	3	accent-blind	πρώην
tlg0059.tlg011	Πάνδημος	3	accent-blind	πάνδημος
tlg0059.tlg011	Πενία	3	accent-blind	πενία
tlg0059.tlg011	θνῄσκω	2	accent-blind	θνήσκω
tlg0059.tlg011	ἐπαποθνῄσκω	2	accent-blind	ἐπαποθνήσκω
tlg0059.tlg011	ἀφροδίσιος	2	accent-blind	Ἀφροδίσιος
tlg0059.tlg011	σάτυρος	2	accent-blind	Σάτυρος
tlg0059.tlg011	πανταχῇ	2	accent-blind	πανταχῆ
tlg0059.tlg011	Φίλιππος	1	accent-blind	φίλιππος
tlg0059.tlg011	ᾀζω	1	accent-blind	ἄζω
tlg0059.tlg011	Εὐριπίδης	1	accent-blind	εὐριπίδης
tlg0059.tlg011	παίων	1	accent-blind	Παίων
tlg0059.tlg011	Πρόδικος	1	accent-blind	πρόδικος
tlg0059.tlg011	Γαῖα	1	accent-blind	γαῖα
tlg0059.tlg011	Ἔρος	1	accent-blind	ἔρος
tlg0059.tlg011	Γῆ	1	accent-blind	γῆ
tlg0059.tlg011	Ὀρφεύς	1	accent-blind	ὀρφεύς
tlg0059.tlg011	Οὐρανός	1	accent-blind	οὐρανός
tlg0059.tlg011	Οὐράνιος	1	accent-blind	οὐράνιος
tlg0059.tlg011	Ἁρμόδιος	1	accent-blind	ἁρμόδιος
tlg0059.tlg011	αὑτός	1	accent-blind	αὐτός
tlg0059.tlg011	παιδοποιΐα	1	accent-blind	παιδοποιία
tlg0059.tlg011	Κρόνος	1	accent-blind	κρόνος
tlg0059.tlg011	Ἀνάγκη	1	accent-blind	ἀνάγκη
tlg0059.tlg011	Ἄτη	1	accent-blind	ἄτη
tlg0059.tlg011	παιδιά	1	accent-blind	παιδία
tlg0059.tlg011	Καλλονή	1	accent-blind	καλλονή
tlg0059.tlg011	προαποθνῄσκω	1	accent-blind	προαποθνήσκω
tlg0059.tlg011	ἴων	1	accent-blind	Ἴων
tlg0059.tlg011	σειληνός	1	accent-blind	Σειληνός
tlg0059.tlg011	βακχεία	1	accent-blind	Βακχεία
tlg0059.tlg011	Νήφω	1	accent-blind	νήφω
tlg0059.tlg011	σατυρικός	1	accent-blind	Σατυρικός
tlg0059.tlg030	Θρασύμαχος	59	accent-blind	θρασύμαχος
tlg0059.tlg030	Ἀδείμαντος	36	accent-blind	ἀδείμαντος
tlg0059.tlg030	Πολέμαρχος	24	accent-blind	πολέμαρχος
tlg0059.tlg030	σῴζω	24	accent-blind	σώζω
tlg0059.tlg030	μιμνῄσκω	21	accent-blind	μιμνήσκω
tlg0059.tlg030	ἀναμιμνῄσκω	16	accent-blind	ἀναμιμνήσκω
tlg0059.tlg030	προΐστημι	9	accent-blind	προίστημι
tlg0059.tlg030	ἀφροδίσιος	8	accent-blind	Ἀφροδίσιος
tlg0059.tlg030	παιδιά	8	accent-blind	παιδία
tlg0059.tlg030	ἀποθνῄσκω	8	accent-blind	ἀποθνήσκω
tlg0059.tlg030	Ἔρως	5	accent-blind	ἔρως
tlg0059.tlg030	θνῄσκω	4	accent-blind	θνήσκω
tlg0059.tlg030	ὑπομιμνῄσκω	4	accent-blind	ὑπομιμνήσκω
tlg0059.tlg030	πανταχῇ	4	accent-blind	πανταχῆ
tlg0059.tlg030	ἐπαΐω	4	accent-blind	ἐπαίω
tlg0059.tlg030	Κλωθώ	4	accent-blind	κλώθω
tlg0059.tlg030	περ	3	accent-blind	πέρ
tlg0059.tlg030	διϊσχυρίζομαι	3	accent-blind	διισχυρίζομαι
tlg0059.tlg030	παιδοποιΐα	3	accent-blind	παιδοποιία
tlg0059.tlg030	διΐστημι	3	accent-blind	διίστημι
tlg0059.tlg030	βαβαῖ	2	accent-blind	βαβαί
tlg0059.tlg030	ἰχθῦς	2	accent-blind	ἰχθύς
tlg0059.tlg030	Ὀρφεύς	2	accent-blind	ὀρφεύς
tlg0059.tlg030	Κρόνος	2	accent-blind	κρόνος
tlg0059.tlg030	οἷον	2	accent-blind	Οἶον
tlg0059.tlg030	Λήθη	2	accent-blind	λήθη
tlg0059.tlg030	Λυσανίας	1	accent-blind	λυσανίας
tlg0059.tlg030	ἑκαστός	1	accent-blind	ἕκαστος
tlg0059.tlg030	πρωΐ	1	accent-blind	πρωί
tlg0059.tlg030	τοίουτος	1	accent-blind	τοιοῦτος
tlg0059.tlg030	Σελήνη	1	accent-blind	σελήνη
tlg0059.tlg030	Ἄνευ	1	accent-blind	ἄνευ
tlg0059.tlg030	Οὐρανός	1	accent-blind	οὐρανός
tlg0059.tlg030	γιγαντομαχία	1	accent-blind	Γιγαντομαχία
tlg0059.tlg030	Θέμις	1	accent-blind	θέμις
tlg0059.tlg030	παιάν	1	accent-blind	Παιάν
tlg0059.tlg030	Φοῖβος	1	accent-blind	φοῖβος
tlg0059.tlg030	ἀΐσσω	1	accent-blind	ἀίσσω
tlg0059.tlg030	ἠΰτε	1	accent-blind	ἠύτε
tlg0059.tlg030	ἀφροδίτη	1	accent-blind	Ἀφροδίτη
tlg0059.tlg030	ἑκάεργος	1	accent-blind	Ἑκάεργος
tlg0059.tlg030	Ὕδρα	1	accent-blind	ὕδρα
tlg0059.tlg030	νυν	1	accent-blind	νῦν
tlg0059.tlg030	ἐπιμιμνῄσκομαι	1	accent-blind	ἐπιμιμνήσκομαι
tlg0059.tlg030	τηθή	1	accent-blind	τήθη
tlg0059.tlg030	κεραμεῖς	1	accent-blind	Κεραμεῖς
tlg0059.tlg030	Μῶμος	1	accent-blind	μῶμος
tlg0059.tlg030	αὑτός	1	accent-blind	αὐτός
tlg0059.tlg030	μοῦσα	1	accent-blind	Μοῦσα
tlg0059.tlg030	ἐκΒακχεύω	1	accent-blind	ἐκβακχεύω
tlg0059.tlg030	Εὐριπίδης	1	accent-blind	εὐριπίδης
tlg0059.tlg030	μάγος	1	accent-blind	Μάγος
tlg0059.tlg030	Πρόδικος	1	accent-blind	πρόδικος
tlg0059.tlg030	Ἦρος	1	accent-blind	ἦρος
tlg0059.tlg030	Μοῖρα	1	accent-blind	μοῖρα
tlg0059.tlg030	πλούτων	1	accent-blind	Πλούτων
tlg0059.tlg030	νῆσις	1	accent-blind	νησίς
tlg0059.tlg030	Ἀμέλης	1	accent-blind	ἀμελής
tlg0003.tlg001	Ἀθηναῖος	963	corpus-only	Ἀθηναῖος
tlg0003.tlg001	Λακεδαιμόνιος	477	corpus-only	Λακεδαιμόνιος
tlg0003.tlg001	Ἀργεῖος	166	corpus-only	Ἀργεῖος
tlg0003.tlg001	Πελοποννήσιος	162	corpus-only	Πελοποννήσιος
tlg0003.tlg001	ἐπειδή	142	corpus-only	ἐπειδή
tlg0003.tlg001	Βοιωτός	116	corpus-only	Βοιωτός
tlg0003.tlg001	Ἕλλην	115	corpus-only	Ἕλλην
tlg0003.tlg001	Πελοπόννησος	111	corpus-only	Πελοπόννησος
tlg0003.tlg001	ἀφίστημι	95	corpus-only	ἀφίστημι
tlg0003.tlg001	Βρασίδας	94	corpus-only	Βρασίδας
tlg0003.tlg001	Κερκυραῖος	85	corpus-only	Κερκυραῖος
tlg0003.tlg001	Ἀθῆναι	64	corpus-only	Ἀθῆναι
tlg0003.tlg001	Μαντινεύς	53	corpus-only	Μαντινεύς
tlg0003.tlg001	Θρᾴκη	50	corpus-only	Θρᾴκη
tlg0003.tlg001	Δημοσθένης	49	corpus-only	Δημοσθένης
tlg0003.tlg001	Μυτιληναῖος	48	corpus-only	Μυτιληναῖος
tlg0003.tlg001	Περδίκκας	47	corpus-only	Περδίκκας
tlg0003.tlg001	Ἀττική	46	corpus-only	Ἀττική
tlg0003.tlg001	Ἠλεῖος	46	corpus-only	Ἠλεῖος
tlg0003.tlg001	Ἀκαρνάν	45	corpus-only	Ἀκαρνάν
tlg0003.tlg001	Σικελία	45	corpus-only	Σικελία
tlg0003.tlg001	Λακεδαίμων	45	corpus-only	Λακεδαίμων
tlg0003.tlg001	Ἀμπρακιώτης	42	corpus-only	Ἀμπρακιώτης
tlg0003.tlg001	Θηβαῖος	40	corpus-only	Θηβαῖος
tlg0003.tlg001	Χαλκιδεύς	39	corpus-only	Χαλκιδεύς
tlg0003.tlg001	Μεσσήνιος	39	corpus-only	Μεσσήνιος
tlg0003.tlg001	Ποτείδαια	34	corpus-only	Ποτείδαια
tlg0003.tlg001	Πλαταιεύς	34	corpus-only	Πλαταιεύς
tlg0003.tlg001	Λοκροί	32	corpus-only	Λοκροί
tlg0003.tlg001	Ναύπακτος	32	corpus-only	Ναύπακτος
tlg0003.tlg001	προσπίπτω	31	corpus-only	προσπίπτω
tlg0003.tlg001	Κέρκυρα	30	corpus-only	Κέρκυρα
tlg0003.tlg001	Παυσανίας	30	corpus-only	Παυσανίας
tlg0003.tlg001	Νικίας	30	corpus-only	Νικίας
tlg0003.tlg001	Ἀττικός	27	corpus-only	Ἀττικός
tlg0003.tlg001	Νίσαια	27	corpus-only	Νίσαια
tlg0003.tlg001	Κόρινθος	26	corpus-only	Κόρινθος
tlg0003.tlg001	Κλέων	26	corpus-only	Κλέων
tlg0003.tlg001	Θεσσαλός	25	corpus-only	Θεσσαλός
tlg0003.tlg001	που	25	corpus-only	που
tlg0003.tlg001	εἴωθα	25	corpus-only	εἴωθα
tlg0003.tlg001	Ἀρχίδαμος	23	corpus-only	Ἀρχίδαμος
tlg0003.tlg001	Περικλῆς	23	corpus-only	Περικλῆς
tlg0003.tlg001	Ἐπιδαύριος	22	corpus-only	Ἐπιδαύριος
tlg0003.tlg001	Μακεδών	22	corpus-only	Μακεδών
tlg0003.tlg001	Φορμίων	22	corpus-only	Φορμίων
tlg0003.tlg001	Συρακούσιος	22	corpus-only	Συρακούσιος
tlg0003.tlg001	ἐπέχω	21	corpus-only	ἐπέχω
tlg0003.tlg001	Ἄγις	21	corpus-only	Ἄγις
tlg0003.tlg001	Βοιωτία	20	corpus-only	Βοιωτία
tlg0003.tlg001	Πλάταια	20	corpus-only	Πλάταια
tlg0003.tlg001	καταλείπω	19	corpus-only	καταλείπω
tlg0003.tlg001	Αἰγινήτης	18	corpus-only	Αἰγινήτης
tlg0003.tlg001	Εὔβοια	18	corpus-only	Εὔβοια
tlg0003.tlg001	Αἰτωλός	17	corpus-only	Αἰτωλός
tlg0003.tlg001	Μηδικός	17	corpus-only	Μηδικός
tlg0003.tlg001	Δελφοί	17	corpus-only	Δελφοί
tlg0003.tlg001	Ποτειδεάτης	17	corpus-only	Ποτειδεάτης
tlg0003.tlg001	Πειραιεύς	17	corpus-only	Πειραιεύς
tlg0003.tlg001	Λέσβος	17	corpus-only	Λέσβος
tlg0003.tlg001	Πλαταιός	17	corpus-only	Πλαταιός
tlg0003.tlg001	Μεσσήνη	17	corpus-only	Μεσσήνη
tlg0003.tlg001	Ἐπίδαμνος	16	corpus-only	Ἐπίδαμνος
tlg0003.tlg001	Ἀκαρνανία	16	corpus-only	Ἀκαρνανία
tlg0003.tlg001	Μυτιλήνη	16	corpus-only	Μυτιλήνη
tlg0003.tlg001	Πάνακτον	16	corpus-only	Πάνακτον
tlg0003.tlg001	Σάμιος	15	corpus-only	Σάμιος
tlg0003.tlg001	Θρᾷξ	15	corpus-only	Θρᾷξ
tlg0003.tlg001	Αἴγυπτος	15	corpus-only	Αἴγυπτος
tlg0003.tlg001	Σπαρτιάτης	15	corpus-only	Σπαρτιάτης
tlg0003.tlg001	Ἀρκάς	14	corpus-only	Ἀρκάς
tlg0003.tlg001	Δωριεύς	14	corpus-only	Δωριεύς
tlg0003.tlg001	Θεμιστοκλῆς	14	corpus-only	Θεμιστοκλῆς
tlg0003.tlg001	ὅπῃ	14	corpus-only	ὅπῃ
tlg0003.tlg001	Χαλκιδικός	14	corpus-only	Χαλκιδικός
tlg0003.tlg001	Δήλιος	13	corpus-only	Δήλιος
tlg0003.tlg001	Λευκάδιος	13	corpus-only	Λευκάδιος
tlg0003.tlg001	Σικυώνιος	13	corpus-only	Σικυώνιος
tlg0003.tlg001	Μακεδονία	13	corpus-only	Μακεδονία
tlg0003.tlg001	Στρυμών	13	corpus-only	Στρυμών
tlg0003.tlg001	Ἐπίδαυρος	13	corpus-only	Ἐπίδαυρος
tlg0003.tlg001	Ἀμφίλοχος	13	corpus-only	Ἀμφίλοχος
tlg0003.tlg001	Σκιώνη	13	corpus-only	Σκιώνη
tlg0003.tlg001	ἀπολείπω	12	corpus-only	ἀπολείπω
tlg0003.tlg001	Παλλήνη	12	corpus-only	Παλλήνη
tlg0003.tlg001	λακεδαιμόνιος	12	corpus-only	λακεδαιμόνιος
tlg0003.tlg001	Σιτάλκης	12	corpus-only	Σιτάλκης
tlg0003.tlg001	Ἱπποκράτης	12	corpus-only	Ἱπποκράτης
tlg0003.tlg001	Σκιωναῖος	12	corpus-only	Σκιωναῖος
tlg0003.tlg001	Κλεαρίδας	12	corpus-only	Κλεαρίδας
tlg0003.tlg001	Τεγέα	12	corpus-only	Τεγέα
tlg0003.tlg001	Ἀλκιβιάδης	12	corpus-only	Ἀλκιβιάδης
tlg0003.tlg001	Θουκυδίδης	11	corpus-only	Θουκυδίδης
tlg0003.tlg001	ἐκπίπτω	11	corpus-only	ἐκπίπτω
tlg0003.tlg001	Ἰωνία	11	corpus-only	Ἰωνία
tlg0003.tlg001	Φλιάσιος	11	corpus-only	Φλιάσιος
tlg0003.tlg001	ἀθήναιος	11	corpus-only	ἀθήναιος
tlg0003.tlg001	Ἅγνων	11	corpus-only	Ἅγνων
tlg0003.tlg001	Ἀλκίδης	11	corpus-only	Ἀλκίδης
tlg0003.tlg001	Πάχης	11	corpus-only	Πάχης
tlg0003.tlg001	Λάχης	11	corpus-only	Λάχης
tlg0003.tlg001	Μήλιος	11	corpus-only	Μήλιος
tlg0003.tlg001	Εὐρύλοχος	11	corpus-only	Εὐρύλοχος
tlg0003.tlg001	Δήλιον	11	corpus-only	Δήλιον
tlg0003.tlg001	Τορώνη	11	corpus-only	Τορώνη
tlg0003.tlg001	Σαλαμίς	10	corpus-only	Σαλαμίς
tlg0003.tlg001	Πλειστοάναξ	10	corpus-only	Πλειστοάναξ
tlg0003.tlg001	Οἰνιάδαι	10	corpus-only	Οἰνιάδαι
tlg0003.tlg001	Λοκρίς	10	corpus-only	Λοκρίς
tlg0003.tlg001	Τεγεάτης	10	corpus-only	Τεγεάτης
tlg0003.tlg001	Ῥήγιον	10	corpus-only	Ῥήγιον
tlg0003.tlg001	Τορωναῖος	10	corpus-only	Τορωναῖος
tlg0003.tlg001	Ἰταλία	9	corpus-only	Ἰταλία
tlg0003.tlg001	Αἴγινα	9	corpus-only	Αἴγινα
tlg0003.tlg001	Ὀρχομενός	9	corpus-only	Ὀρχομενός
tlg0003.tlg001	Νικήρατος	9	corpus-only	Νικήρατος
tlg0003.tlg001	Νικόστρατος	9	corpus-only	Νικόστρατος
tlg0003.tlg001	Λεοντῖνος	9	corpus-only	Λεοντῖνος
tlg0003.tlg001	Μένδαῖος	9	corpus-only	Μένδαῖος
tlg0003.tlg001	Σῖφαι	9	corpus-only	Σῖφαι
tlg0003.tlg001	ἀνοκωχή	8	corpus-only	ἀνοκωχή
tlg0003.tlg001	Σύβοτα	8	corpus-only	Σύβοτα
tlg0003.tlg001	συμμείγνυμι	8	corpus-only	συμμείγνυμι
tlg0003.tlg001	Ἑλλήσποντος	8	corpus-only	Ἑλλήσποντος
tlg0003.tlg001	Πηγαί	8	corpus-only	Πηγαί
tlg0003.tlg001	ἐξαπίναιος	8	corpus-only	ἐξαπίναιος
tlg0003.tlg001	Πυθόδωρος	8	corpus-only	Πυθόδωρος
tlg0003.tlg001	ἤ1	8	corpus-only	ἤ1
tlg0003.tlg001	ἐμπίπτω	8	corpus-only	ἐμπίπτω
tlg0003.tlg001	Ῥηγῖνος	8	corpus-only	Ῥηγῖνος
tlg0003.tlg001	Σικελιώτης	8	corpus-only	Σικελιώτης
tlg0003.tlg001	Ὄλπη	8	corpus-only	Ὄλπη
tlg0003.tlg001	Μένδη	8	corpus-only	Μένδη
tlg0003.tlg001	Θεσσαλία	7	corpus-only	Θεσσαλία
tlg0003.tlg001	Τρωϊκός	7	corpus-only	Τρωϊκός
tlg0003.tlg001	Ἀχαιός	7	corpus-only	Ἀχαιός
tlg0003.tlg001	Ξέρξης	7	corpus-only	Ξέρξης
tlg0003.tlg001	Ἐπιδάμνιος	7	corpus-only	Ἐπιδάμνιος
tlg0003.tlg001	Μεγαρίς	7	corpus-only	Μεγαρίς
tlg0003.tlg001	Βοττιαῖος	7	corpus-only	Βοττιαῖος
tlg0003.tlg001	Θῆβαι	7	corpus-only	Θῆβαι
tlg0003.tlg001	Κρισαῖος	7	corpus-only	Κρισαῖος
tlg0003.tlg001	Ὀλυμπία	7	corpus-only	Ὀλυμπία
tlg0003.tlg001	Ζάκυνθος	7	corpus-only	Ζάκυνθος
tlg0003.tlg001	Ὀλύμπιος	7	corpus-only	Ὀλύμπιος
tlg0003.tlg001	Χάων	7	corpus-only	Χάων
tlg0003.tlg001	Ἀγραῖος	7	corpus-only	Ἀγραῖος
tlg0003.tlg001	Νεμέα	7	corpus-only	Νεμέα
tlg0003.tlg001	Μαντίνεια	7	corpus-only	Μαντίνεια
tlg0003.tlg001	Σκιρῖται	7	corpus-only	Σκιρῖται
tlg0003.tlg001	ἐπιμείγνυμι	6	corpus-only	ἐπιμείγνυμι
tlg0003.tlg001	Ἥραιον	6	corpus-only	Ἥραιον
tlg0003.tlg001	Φαίαξ	6	corpus-only	Φαίαξ
tlg0003.tlg001	Κυλλήνη	6	corpus-only	Κυλλήνη
tlg0003.tlg001	Θεσπρωτίς	6	corpus-only	Θεσπρωτίς
tlg0003.tlg001	Κίμων	6	corpus-only	Κίμων
tlg0003.tlg001	Ἀλέξανδρος	6	corpus-only	Ἀλέξανδρος
tlg0003.tlg001	Κύπρος	6	corpus-only	Κύπρος
tlg0003.tlg001	Βυζάντιος	6	corpus-only	Βυζάντιος
tlg0003.tlg001	Ἰθώμη	6	corpus-only	Ἰθώμη
tlg0003.tlg001	Ξάνθιππος	6	corpus-only	Ξάνθιππος
tlg0003.tlg001	Ἐλευσίς	6	corpus-only	Ἐλευσίς
tlg0003.tlg001	Μιλήσιος	6	corpus-only	Μιλήσιος
tlg0003.tlg001	Κεφαλληνία	6	corpus-only	Κεφαλληνία
tlg0003.tlg001	Πελλήνη	6	corpus-only	Πελλήνη
tlg0003.tlg001	Κρήτη	6	corpus-only	Κρήτη
tlg0003.tlg001	Ἀχαρναί	6	corpus-only	Ἀχαρναί
tlg0003.tlg001	Ὀδρύσης	6	corpus-only	Ὀδρύσης
tlg0003.tlg001	Τιμοκράτης	6	corpus-only	Τιμοκράτης
tlg0003.tlg001	Ἀμφιλοχικός	6	corpus-only	Ἀμφιλοχικός
tlg0003.tlg001	Στράτιος	6	corpus-only	Στράτιος
tlg0003.tlg001	Λυγκησταί	6	corpus-only	Λυγκησταί
tlg0003.tlg001	Ἠδῶνες	6	corpus-only	Ἠδῶνες
tlg0003.tlg001	Ἡράκλεια	6	corpus-only	Ἡράκλεια
tlg0003.tlg001	Ἀθήναζε	6	corpus-only	Ἀθήναζε
tlg0003.tlg001	Ἄνδριος	6	corpus-only	Ἄνδριος
tlg0003.tlg001	Ἀρριβαῖος	6	corpus-only	Ἀρριβαῖος
tlg0003.tlg001	Ἀρραβαῖος	6	corpus-only	Ἀρραβαῖος
tlg0003.tlg001	Ἄκανθος	6	corpus-only	Ἄκανθος
tlg0003.tlg001	Ἀμφιπολίτης	6	corpus-only	Ἀμφιπολίτης
tlg0003.tlg001	Ἰσχαγόρας	6	corpus-only	Ἰσχαγόρας
tlg0003.tlg001	Ἀρκαδία	5	corpus-only	Ἀρκαδία
tlg0003.tlg001	Ὀζόλαι	5	corpus-only	Ὀζόλαι
tlg0003.tlg001	Ἰλλυριοί	5	corpus-only	Ἰλλυριοί
tlg0003.tlg001	Ἀμπρακικός	5	corpus-only	Ἀμπρακικός
tlg0003.tlg001	Λευκίμμη	5	corpus-only	Λευκίμμη
tlg0003.tlg001	πάρειμι1	5	corpus-only	πάρειμι1
tlg0003.tlg001	ποτείδαια	5	corpus-only	ποτείδαια
tlg0003.tlg001	Θάσιος	5	corpus-only	Θάσιος
tlg0003.tlg001	Τάναγρα	5	corpus-only	Τάναγρα
tlg0003.tlg001	Χαιρώνεια	5	corpus-only	Χαιρώνεια
tlg0003.tlg001	Θεαγένης	5	corpus-only	Θεαγένης
tlg0003.tlg001	Ἀργίλιος	5	corpus-only	Ἀργίλιος
tlg0003.tlg001	Μῆλος	5	corpus-only	Μῆλος
tlg0003.tlg001	αὐθημερόν	5	corpus-only	αὐθημερόν
tlg0003.tlg001	Τέλλις	5	corpus-only	Τέλλις
tlg0003.tlg001	Ἦλις	5	corpus-only	Ἦλις
tlg0003.tlg001	Τηρεύς	5	corpus-only	Τηρεύς
tlg0003.tlg001	Σιτάλκας	5	corpus-only	Σιτάλκας
tlg0003.tlg001	Κράνιος	5	corpus-only	Κράνιος
tlg0003.tlg001	Ἀριστώνυμος	5	corpus-only	Ἀριστώνυμος
tlg0003.tlg001	Ἀμφιλοχίη	5	corpus-only	Ἀμφιλοχίη
tlg0003.tlg001	Σπάρτωλος	5	corpus-only	Σπάρτωλος
tlg0003.tlg001	Ἀμπρακία	5	corpus-only	Ἀμπρακία
tlg0003.tlg001	Ἀχαία	5	corpus-only	Ἀχαία
tlg0003.tlg001	Σεύθης	5	corpus-only	Σεύθης
tlg0003.tlg001	Ἀχελῷος	5	corpus-only	Ἀχελῷος
tlg0003.tlg001	Σάλαιθος	5	corpus-only	Σάλαιθος
tlg0003.tlg001	Κολοφώνιος	5	corpus-only	Κολοφώνιος
tlg0003.tlg001	Μινῴα	5	corpus-only	Μινῴα
tlg0003.tlg001	Πειθίας	5	corpus-only	Πειθίας
tlg0003.tlg001	Σικελός	5	corpus-only	Σικελός
tlg0003.tlg001	Αἰτωλία	5	corpus-only	Αἰτωλία
tlg0003.tlg001	Σοφοκλῆς	5	corpus-only	Σοφοκλῆς
tlg0003.tlg001	Ἐπιτάδας	5	corpus-only	Ἐπιτάδας
tlg0003.tlg001	Κύθηρα	5	corpus-only	Κύθηρα
tlg0003.tlg001	Κύθηρος	5	corpus-only	Κύθηρος
tlg0003.tlg001	Φιλοχαρίδας	5	corpus-only	Φιλοχαρίδας
tlg0003.tlg001	Εὐρυσθεύς	4	corpus-only	Εὐρυσθεύς
tlg0003.tlg001	Ῥηνεία	4	corpus-only	Ῥηνεία
tlg0003.tlg001	Δωρικός	4	corpus-only	Δωρικός
tlg0003.tlg001	Χειμέριον	4	corpus-only	Χειμέριον
tlg0003.tlg001	Ζακύνθιος	4	corpus-only	Ζακύνθιος
tlg0003.tlg001	συμπίπτω	4	corpus-only	συμπίπτω
tlg0003.tlg001	Ἀνακτόριον	4	corpus-only	Ἀνακτόριον
tlg0003.tlg001	Ἀριστείδης	4	corpus-only	Ἀριστείδης
tlg0003.tlg001	Καρύστιος	4	corpus-only	Καρύστιος
tlg0003.tlg001	μεσόγεια	4	corpus-only	μεσόγεια
tlg0003.tlg001	Αἰγύπτιος	4	corpus-only	Αἰγύπτιος
tlg0003.tlg001	Γερανεία	4	corpus-only	Γερανεία
tlg0003.tlg001	Κορώνεια	4	corpus-only	Κορώνεια
tlg0003.tlg001	Τροιζήν	4	corpus-only	Τροιζήν
tlg0003.tlg001	Λῆμνος	4	corpus-only	Λῆμνος
tlg0003.tlg001	Καρία	4	corpus-only	Καρία
tlg0003.tlg001	Κύλων	4	corpus-only	Κύλων
tlg0003.tlg001	Βυζάντιον	4	corpus-only	Βυζάντιον
tlg0003.tlg001	Ἔφεσος	4	corpus-only	Ἔφεσος
tlg0003.tlg001	Ῥαμφίας	4	corpus-only	Ῥαμφίας
tlg0003.tlg001	Οἰνόη	4	corpus-only	Οἰνόη
tlg0003.tlg001	Ὠρωπός	4	corpus-only	Ὠρωπός
tlg0003.tlg001	Φειά	4	corpus-only	Φειά
tlg0003.tlg001	Κλείνιος	4	corpus-only	Κλείνιος
tlg0003.tlg001	Θυρέα	4	corpus-only	Θυρέα
tlg0003.tlg001	Ἀταλάντη	4	corpus-only	Ἀταλάντη
tlg0003.tlg001	Λυκόφρων	4	corpus-only	Λυκόφρων
tlg0003.tlg001	Ἀχαϊκός	4	corpus-only	Ἀχαϊκός
tlg0003.tlg001	Λευκαδία	4	corpus-only	Λευκαδία
tlg0003.tlg001	Ῥοδόπη	4	corpus-only	Ῥοδόπη
tlg0003.tlg001	Θερμοπύλαι	4	corpus-only	Θερμοπύλαι
tlg0003.tlg001	Μαλέα	4	corpus-only	Μαλέα
tlg0003.tlg001	Νότιον	4	corpus-only	Νότιον
tlg0003.tlg001	Διειτρέφης	4	corpus-only	Διειτρέφης
tlg0003.tlg001	Καμαριναῖος	4	corpus-only	Καμαριναῖος
tlg0003.tlg001	Προκλῆς	4	corpus-only	Προκλῆς
tlg0003.tlg001	Μηλιεύς	4	corpus-only	Μηλιεύς
tlg0003.tlg001	Ὀφιονεύς	4	corpus-only	Ὀφιονεύς
tlg0003.tlg001	Σαλύνθιος	4	corpus-only	Σαλύνθιος
tlg0003.tlg001	Ἰδομενή	4	corpus-only	Ἰδομενή
tlg0003.tlg001	σολψγεια	4	corpus-only	σολψγεια
tlg0003.tlg001	Ἄντανδρος	4	corpus-only	Ἄντανδρος
tlg0003.tlg001	Κυθήριος	4	corpus-only	Κυθήριος
tlg0003.tlg001	Λάμαχος	4	corpus-only	Λάμαχος
tlg0003.tlg001	Ὀρχομένιος	4	corpus-only	Ὀρχομένιος
tlg0003.tlg001	Λύγκος	4	corpus-only	Λύγκος
tlg0003.tlg001	Ἀκάνθιος	4	corpus-only	Ἀκάνθιος
tlg0003.tlg001	Παγώνδας	4	corpus-only	Παγώνδας
tlg0003.tlg001	Ἄθως	4	corpus-only	Ἄθως
tlg0003.tlg001	Ὀλύνθιος	4	corpus-only	Ὀλύνθιος
tlg0003.tlg001	Πασιτελίδης	4	corpus-only	Πασιτελίδης
tlg0003.tlg001	Φλιοῦς	4	corpus-only	Φλιοῦς
tlg0003.tlg001	Κερδύλιος	4	corpus-only	Κερδύλιος
tlg0003.tlg001	πλειστολας	4	corpus-only	πλειστολας
tlg0003.tlg001	Λέπρεος	4	corpus-only	Λέπρεος
tlg0003.tlg001	Λεπρεάτης	4	corpus-only	Λεπρεάτης
tlg0003.tlg001	Λέπρεον	4	corpus-only	Λέπρεον
tlg0003.tlg001	Παρράσιος	4	corpus-only	Παρράσιος
tlg0003.tlg001	εἰσσέω	4	corpus-only	εἰσσέω
tlg0003.tlg001	ἀντίσχω	3	corpus-only	ἀντίσχω
tlg0003.tlg001	Ἡρακλείδης	3	corpus-only	Ἡρακλείδης
tlg0003.tlg001	Ἀτρεύς	3	corpus-only	Ἀτρεύς
tlg0003.tlg001	Ἴλιον	3	corpus-only	Ἴλιον
tlg0003.tlg001	Καμβύσης	3	corpus-only	Καμβύσης
tlg0003.tlg001	Δαρεῖος	3	corpus-only	Δαρεῖος
tlg0003.tlg001	Μαραθών	3	corpus-only	Μαραθών
tlg0003.tlg001	Κεφαλλήν	3	corpus-only	Κεφαλλήν
tlg0003.tlg001	Κερυκυραῖος	3	corpus-only	Κερυκυραῖος
tlg0003.tlg001	Ἑλληνίς	3	corpus-only	Ἑλληνίς
tlg0003.tlg001	ἀθηναῖος	3	corpus-only	ἀθηναῖος
tlg0003.tlg001	ἀττική	3	corpus-only	ἀττική
tlg0003.tlg001	Μυγδονία	3	corpus-only	Μυγδονία
tlg0003.tlg001	Πύδνα	3	corpus-only	Πύδνα
tlg0003.tlg001	εὐθύς2	3	corpus-only	εὐθύς2
tlg0003.tlg001	Ἀσώπιος	3	corpus-only	Ἀσώπιος
tlg0003.tlg001	Βοττική	3	corpus-only	Βοττική
tlg0003.tlg001	φορμίων	3	corpus-only	φορμίων
tlg0003.tlg001	διαγνώμη	3	corpus-only	διαγνώμη
tlg0003.tlg001	Εὐρώπη	3	corpus-only	Εὐρώπη
tlg0003.tlg001	Κλεόμβροτος	3	corpus-only	Κλεόμβροτος
tlg0003.tlg001	Εὐβοεύς	3	corpus-only	Εὐβοεύς
tlg0003.tlg001	Νάξιος	3	corpus-only	Νάξιος
tlg0003.tlg001	Θάσος	3	corpus-only	Θάσος
tlg0003.tlg001	Λίβυς	3	corpus-only	Λίβυς
tlg0003.tlg001	Ἀρταξέρξης	3	corpus-only	Ἀρταξέρξης
tlg0003.tlg001	Μυρωνίδης	3	corpus-only	Μυρωνίδης
tlg0003.tlg001	Κυτίνιον	3	corpus-only	Κυτίνιον
tlg0003.tlg001	Φωκίς	3	corpus-only	Φωκίς
tlg0003.tlg001	Ταναγραῖος	3	corpus-only	Ταναγραῖος
tlg0003.tlg001	Τολμίδης	3	corpus-only	Τολμίδης
tlg0003.tlg001	Τόλμαιος	3	corpus-only	Τόλμαιος
tlg0003.tlg001	Λιβύη	3	corpus-only	Λιβύη
tlg0003.tlg001	Ὀρέστης	3	corpus-only	Ὀρέστης
tlg0003.tlg001	Φάρσαλος	3	corpus-only	Φάρσαλος
tlg0003.tlg001	Πισσούθνης	3	corpus-only	Πισσούθνης
tlg0003.tlg001	Ἑρμιονίς	3	corpus-only	Ἑρμιονίς
tlg0003.tlg001	Ἀρτάβαζος	3	corpus-only	Ἀρτάβαζος
tlg0003.tlg001	Φαρνάκης	3	corpus-only	Φαρνάκης
tlg0003.tlg001	προκαταφεύγω	3	corpus-only	προκαταφεύγω
tlg0003.tlg001	Μελήσιππος	3	corpus-only	Μελήσιππος
tlg0003.tlg001	Θησεύς	3	corpus-only	Θησεύς
tlg0003.tlg001	Πύθιος	3	corpus-only	Πύθιος
tlg0003.tlg001	Θριάσιος	3	corpus-only	Θριάσιος
tlg0003.tlg001	Ἀχαρνεύς	3	corpus-only	Ἀχαρνεύς
tlg0003.tlg001	Ὠρώπιος	3	corpus-only	Ὠρώπιος
tlg0003.tlg001	Μεθώνη	3	corpus-only	Μεθώνη
tlg0003.tlg001	Αἰγίνη	3	corpus-only	Αἰγίνη
tlg0003.tlg001	Θρᾴκιος	3	corpus-only	Θρᾴκιος
tlg0003.tlg001	Σόλλιον	3	corpus-only	Σόλλιον
tlg0003.tlg001	Ἀστακός	3	corpus-only	Ἀστακός
tlg0003.tlg001	Εὐφαμίδης	3	corpus-only	Εὐφαμίδης
tlg0003.tlg001	Ζευξίδαμος	3	corpus-only	Ζευξίδαμος
tlg0003.tlg001	Πλαταιικός	3	corpus-only	Πλαταιικός
tlg0003.tlg001	περιτείχισις	3	corpus-only	περιτείχισις
tlg0003.tlg001	πρόσχωσις	3	corpus-only	πρόσχωσις
tlg0003.tlg001	Λαιαῖοι	3	corpus-only	Λαιαῖοι
tlg0003.tlg001	Δόβηρος	3	corpus-only	Δόβηρος
tlg0003.tlg001	Μηθυμναῖος	3	corpus-only	Μηθυμναῖος
tlg0003.tlg001	Λήμνιος	3	corpus-only	Λήμνιος
tlg0003.tlg001	Ἄντισσα	3	corpus-only	Ἄντισσα
tlg0003.tlg001	Ἔμβατον	3	corpus-only	Ἔμβατον
tlg0003.tlg001	Σαλαμινία	3	corpus-only	Σαλαμινία
tlg0003.tlg001	ἱερομηνία	3	corpus-only	ἱερομηνία
tlg0003.tlg001	Θουκλῆς	3	corpus-only	Θουκλῆς
tlg0003.tlg001	Βοιώτιος	3	corpus-only	Βοιώτιος
tlg0003.tlg001	Οἰνεών	3	corpus-only	Οἰνεών
tlg0003.tlg001	Μενεδάϊος	3	corpus-only	Μενεδάϊος
tlg0003.tlg001	Ὄλπαι	3	corpus-only	Ὄλπαι
tlg0003.tlg001	Κορυφάσιον	3	corpus-only	Κορυφάσιον
tlg0003.tlg001	Κρομμυών	3	corpus-only	Κρομμυών
tlg0003.tlg001	〉	3	corpus-only	〉
tlg0003.tlg001	Κυνουρίας	3	corpus-only	Κυνουρίας
tlg0003.tlg001	βοιωτός	3	corpus-only	βοιωτός
tlg0003.tlg001	Στάγιρος	3	corpus-only	Στάγιρος
tlg0003.tlg001	Ἀθήναιος	3	corpus-only	Ἀθήναιος
tlg0003.tlg001	Σάνη	3	corpus-only	Σάνη
tlg0003.tlg001	Ἀθήνη	3	corpus-only	Ἀθήνη
tlg0003.tlg001	Ποσειδώνιον	3	corpus-only	Ποσειδώνιον
tlg0003.tlg001	Ἀριστοκλῆς	3	corpus-only	Ἀριστοκλῆς
tlg0003.tlg001	ἀνανεόω	3	corpus-only	ἀνανεόω
tlg0003.tlg001	Ἀθήνησι	3	corpus-only	Ἀθήνησι
tlg0003.tlg001	Μαντινέη	3	corpus-only	Μαντινέη
tlg0003.tlg001	Κλεόβουλος	3	corpus-only	Κλεόβουλος
tlg0003.tlg001	Ξενάρης	3	corpus-only	Ξενάρης
tlg0003.tlg001	Ἡρακλεώτης	3	corpus-only	Ἡρακλεώτης
tlg0003.tlg001	Μαινάλιος	3	corpus-only	Μαινάλιος
tlg0003.tlg001	ἀργεῖος	3	corpus-only	ἀργεῖος
tlg0003.tlg001	Βρασίδης	3	corpus-only	Βρασίδης
tlg0003.tlg001	Κάρνεια	3	corpus-only	Κάρνεια
tlg0003.tlg001	Πελασγικός	2	corpus-only	Πελασγικός
tlg0003.tlg001	Φθιῶτις	2	corpus-only	Φθιῶτις
tlg0003.tlg001	Μίνως	2	corpus-only	Μίνως
tlg0003.tlg001	Κυκλάδες	2	corpus-only	Κυκλάδες
tlg0003.tlg001	Ἀσιανός	2	corpus-only	Ἀσιανός
tlg0003.tlg001	Ἀγαμέμνων	2	corpus-only	Ἀγαμέμνων
tlg0003.tlg001	Μυκήνη	2	corpus-only	Μυκήνη
tlg0003.tlg001	Μυκηναῖος	2	corpus-only	Μυκηναῖος
tlg0003.tlg001	Φιλοκτήτης	2	corpus-only	Φιλοκτήτης
tlg0003.tlg001	αὐτερέτης	2	corpus-only	αὐτερέτης
tlg0003.tlg001	Ἄρνη	2	corpus-only	Ἄρνη
tlg0003.tlg001	Ἀμεινοκλῆς	2	corpus-only	Ἀμεινοκλῆς
tlg0003.tlg001	Ἐρετριός	2	corpus-only	Ἐρετριός
tlg0003.tlg001	Περσικός	2	corpus-only	Περσικός
tlg0003.tlg001	Ἀριστογείτων	2	corpus-only	Ἀριστογείτων
tlg0003.tlg001	Πεισίστρατος	2	corpus-only	Πεισίστρατος
tlg0003.tlg001	Ἰόνιος	2	corpus-only	Ἰόνιος
tlg0003.tlg001	Ἄκτιον	2	corpus-only	Ἄκτιον
tlg0003.tlg001	προεπιβουλεύω	2	corpus-only	προεπιβουλεύω
tlg0003.tlg001	ὑπολέγω	2	corpus-only	ὑπολέγω
tlg0003.tlg001	Πρωτέας	2	corpus-only	Πρωτέας
tlg0003.tlg001	Ἐπικλέης	2	corpus-only	Ἐπικλέης
tlg0003.tlg001	Ξενοκλείδης	2	corpus-only	Ξενοκλείδης
tlg0003.tlg001	Εὐθυκλῆς	2	corpus-only	Εὐθυκλῆς
tlg0003.tlg001	κερυκυραῖος	2	corpus-only	κερυκυραῖος
tlg0003.tlg001	οἷ	2	corpus-only	οἷ
tlg0003.tlg001	ἀντεπιπλέω	2	corpus-only	ἀντεπιπλέω
tlg0003.tlg001	κελήτιον	2	corpus-only	κελήτιον
tlg0003.tlg001	Δέρδης	2	corpus-only	Δέρδης
tlg0003.tlg001	Λυκομήδης	2	corpus-only	Λυκομήδης
tlg0003.tlg001	πλησίον	2	corpus-only	πλησίον
tlg0003.tlg001	Βόλβη	2	corpus-only	Βόλβη
tlg0003.tlg001	ἐπιπαρέρχομαι	2	corpus-only	ἐπιπαρέρχομαι
tlg0003.tlg001	Σερμυλιός	2	corpus-only	Σερμυλιός
tlg0003.tlg001	προσπαρακαλέω	2	corpus-only	προσπαρακαλέω
tlg0003.tlg001	προαπαντάω	2	corpus-only	προαπαντάω
tlg0003.tlg001	ἀπεικότως	2	corpus-only	ἀπεικότως
tlg0003.tlg001	προδιαγιγνώσκω	2	corpus-only	προδιαγιγνώσκω
tlg0003.tlg001	Μυκάλη	2	corpus-only	Μυκάλη
tlg0003.tlg001	σύμπρεσβυς	2	corpus-only	σύμπρεσβυς
tlg0003.tlg001	Λυσικλῆς	2	corpus-only	Λυσικλῆς
tlg0003.tlg001	Μιλτιάδης	2	corpus-only	Μιλτιάδης
tlg0003.tlg001	Αἰγαῖος	2	corpus-only	Αἰγαῖος
tlg0003.tlg001	Δόλοψ	2	corpus-only	Δόλοψ
tlg0003.tlg001	Ἠδωνικός	2	corpus-only	Ἠδωνικός
tlg0003.tlg001	Πυθικός	2	corpus-only	Πυθικός
tlg0003.tlg001	Ἰνάρως	2	corpus-only	Ἰνάρως
tlg0003.tlg001	Μέμφις	2	corpus-only	Μέμφις
tlg0003.tlg001	Οἰνόφυτα	2	corpus-only	Οἰνόφυτα
tlg0003.tlg001	Μεγάβαζος	2	corpus-only	Μεγάβαζος
tlg0003.tlg001	Ἀμυρταῖος	2	corpus-only	Ἀμυρταῖος
tlg0003.tlg001	Κίτιον	2	corpus-only	Κίτιον
tlg0003.tlg001	συνεπιλαμβάνω	2	corpus-only	συνεπιλαμβάνω
tlg0003.tlg001	Μίλητος	2	corpus-only	Μίλητος
tlg0003.tlg001	ἐπιτειχισμός	2	corpus-only	ἐπιτειχισμός
tlg0003.tlg001	Ὀλυμπιεῖον	2	corpus-only	Ὀλυμπιεῖον
tlg0003.tlg001	Κλεομένης	2	corpus-only	Κλεομένης
tlg0003.tlg001	ἀντικελεύω	2	corpus-only	ἀντικελεύω
tlg0003.tlg001	Ταίναρος	2	corpus-only	Ταίναρος
tlg0003.tlg001	Ποσειδῶν	2	corpus-only	Ποσειδῶν
tlg0003.tlg001	Πλαταιᾶσι	2	corpus-only	Πλαταιᾶσι
tlg0003.tlg001	προσεπιστέλλω	2	corpus-only	προσεπιστέλλω
tlg0003.tlg001	παυσανίας	2	corpus-only	παυσανίας
tlg0003.tlg001	Μολοσσός	2	corpus-only	Μολοσσός
tlg0003.tlg001	Νάξος	2	corpus-only	Νάξος
tlg0003.tlg001	Μαγνησία	2	corpus-only	Μαγνησία
tlg0003.tlg001	Μυόεις	2	corpus-only	Μυόεις
tlg0003.tlg001	ὀλόφυρσις	2	corpus-only	ὀλόφυρσις
tlg0003.tlg001	Εὐρύμαχος	2	corpus-only	Εὐρύμαχος
tlg0003.tlg001	Φαληρικός	2	corpus-only	Φαληρικός
tlg0003.tlg001	Ἐλευσίνιος	2	corpus-only	Ἐλευσίνιος
tlg0003.tlg001	Διόνυσος	2	corpus-only	Διόνυσος
tlg0003.tlg001	Διονύσια	2	corpus-only	Διονύσια
tlg0003.tlg001	πανοικεσίᾳ	2	corpus-only	πανοικεσίᾳ
tlg0003.tlg001	Πελαργικός	2	corpus-only	Πελαργικός
tlg0003.tlg001	θηβαῖος	2	corpus-only	θηβαῖος
tlg0003.tlg001	ρηειτυς	2	corpus-only	ρηειτυς
tlg0003.tlg001	ἐπεξάγω	2	corpus-only	ἐπεξάγω
tlg0003.tlg001	Πάρνης	2	corpus-only	Πάρνης
tlg0003.tlg001	Γραϊκός	2	corpus-only	Γραϊκός
tlg0003.tlg001	Κλεόπομπος	2	corpus-only	Κλεόπομπος
tlg0003.tlg001	Νυμφόδωρος	2	corpus-only	Νυμφόδωρος
tlg0003.tlg001	Τήρας	2	corpus-only	Τήρας
tlg0003.tlg001	Σάδοκος	2	corpus-only	Σάδοκος
tlg0003.tlg001	Εὔαρχος	2	corpus-only	Εὔαρχος
tlg0003.tlg001	Ὀπούντιοι	2	corpus-only	Ὀπούντιοι
tlg0003.tlg001	προσκαταλείπω	2	corpus-only	προσκαταλείπω
tlg0003.tlg001	συνέχω	2	corpus-only	συνέχω
tlg0003.tlg001	ἀνδραγαθίζομαι	2	corpus-only	ἀνδραγαθίζομαι
tlg0003.tlg001	Λέαρχος	2	corpus-only	Λέαρχος
tlg0003.tlg001	Καλλίμαχος	2	corpus-only	Καλλίμαχος
tlg0003.tlg001	Ἀμεινιάδης	2	corpus-only	Ἀμεινιάδης
tlg0003.tlg001	Ἀμφιάραος	2	corpus-only	Ἀμφιάραος
tlg0003.tlg001	ἄργος	2	corpus-only	ἄργος
tlg0003.tlg001	ἀκαρνάν	2	corpus-only	ἀκαρνάν
tlg0003.tlg001	Λυκία	2	corpus-only	Λυκία
tlg0003.tlg001	Μελήσανδρος	2	corpus-only	Μελήσανδρος
tlg0003.tlg001	Ξενοφῶν	2	corpus-only	Ξενοφῶν
tlg0003.tlg001	θουκυδίδης	2	corpus-only	θουκυδίδης
tlg0003.tlg001	Κιθαιρών	2	corpus-only	Κιθαιρών
tlg0003.tlg001	φορμηδόν	2	corpus-only	φορμηδόν
tlg0003.tlg001	εἰσοικοδομέω	2	corpus-only	εἰσοικοδομέω
tlg0003.tlg001	χῶσις	2	corpus-only	χῶσις
tlg0003.tlg001	Παραυαῖος	2	corpus-only	Παραυαῖος
tlg0003.tlg001	Ὄροιδος	2	corpus-only	Ὄροιδος
tlg0003.tlg001	Ἀντίοχος	2	corpus-only	Ἀντίοχος
tlg0003.tlg001	Λιμναίη	2	corpus-only	Λιμναίη
tlg0003.tlg001	Δύμη	2	corpus-only	Δύμη
tlg0003.tlg001	Μολύκρειος	2	corpus-only	Μολύκρειος
tlg0003.tlg001	Πολιχνῖται	2	corpus-only	Πολιχνῖται
tlg0003.tlg001	Κυδωνιάτης	2	corpus-only	Κυδωνιάτης
tlg0003.tlg001	προυσσω	2	corpus-only	προυσσω
tlg0003.tlg001	ἐφόρμησις	2	corpus-only	ἐφόρμησις
tlg0003.tlg001	Ναυπάκτιος	2	corpus-only	Ναυπάκτιος
tlg0003.tlg001	Βούδορον	2	corpus-only	Βούδορον
tlg0003.tlg001	Ἀμύντας	2	corpus-only	Ἀμύντας
tlg0003.tlg001	Ὀδρύσαι	2	corpus-only	Ὀδρύσαι
tlg0003.tlg001	εὔξεινος	2	corpus-only	εὔξεινος
tlg0003.tlg001	ὁμόσκευος	2	corpus-only	ὁμόσκευος
tlg0003.tlg001	Ἀγριάν	2	corpus-only	Ἀγριάν
tlg0003.tlg001	Παιονικός	2	corpus-only	Παιονικός
tlg0003.tlg001	Τριβαλλός	2	corpus-only	Τριβαλλός
tlg0003.tlg001	Εὔξεινος	2	corpus-only	Εὔξεινος
tlg0003.tlg001	Ἴστρος	2	corpus-only	Ἴστρος
tlg0003.tlg001	Θραῖξ	2	corpus-only	Θραῖξ
tlg0003.tlg001	Σκύθης	2	corpus-only	Σκύθης
tlg0003.tlg001	Σιντοί	2	corpus-only	Σιντοί
tlg0003.tlg001	Πιερία	2	corpus-only	Πιερία
tlg0003.tlg001	Πάγγαιον	2	corpus-only	Πάγγαιον
tlg0003.tlg001	Ἀνθεμοῦς	2	corpus-only	Ἀνθεμοῦς
tlg0003.tlg001	Κρηστωνίη	2	corpus-only	Κρηστωνίη
tlg0003.tlg001	Βισαλτία	2	corpus-only	Βισαλτία
tlg0003.tlg001	Σπαράδοκος	2	corpus-only	Σπαράδοκος
tlg0003.tlg001	Κόροντα	2	corpus-only	Κόροντα
tlg0003.tlg001	Ἀλκμέων	2	corpus-only	Ἀλκμέων
tlg0003.tlg001	Μηθύμνη	2	corpus-only	Μηθύμνη
tlg0003.tlg001	Μαλόεις	2	corpus-only	Μαλόεις
tlg0003.tlg001	ἡμιτέλεστος	2	corpus-only	ἡμιτέλεστος
tlg0003.tlg001	Ἴμβριοι	2	corpus-only	Ἴμβριοι
tlg0003.tlg001	Λάκων	2	corpus-only	Λάκων
tlg0003.tlg001	Ἔρεσος	2	corpus-only	Ἔρεσος
tlg0003.tlg001	μεταπύργιον	2	corpus-only	μεταπύργιον
tlg0003.tlg001	ὑπονίφω	2	corpus-only	ὑπονίφω
tlg0003.tlg001	Ὑσιαί	2	corpus-only	Ὑσιαί
tlg0003.tlg001	Τένεδος	2	corpus-only	Τένεδος
tlg0003.tlg001	Ἐρυθραία	2	corpus-only	Ἐρυθραία
tlg0003.tlg001	Κλάρος	2	corpus-only	Κλάρος
tlg0003.tlg001	Κλεαίνετος	2	corpus-only	Κλεαίνετος
tlg0003.tlg001	ἀνταποφαίνω	2	corpus-only	ἀνταποφαίνω
tlg0003.tlg001	περαιτέρω	2	corpus-only	περαιτέρω
tlg0003.tlg001	Ἀττικισμός	2	corpus-only	Ἀττικισμός
tlg0003.tlg001	ἐγχειρίδιον	2	corpus-only	ἐγχειρίδιον
tlg0003.tlg001	Ὑλλαϊκός	2	corpus-only	Ὑλλαϊκός
tlg0003.tlg001	ἀπόγνοια	2	corpus-only	ἀπόγνοια
tlg0003.tlg001	Ἰστώνη	2	corpus-only	Ἰστώνη
tlg0003.tlg001	Χαροιάδης	2	corpus-only	Χαροιάδης
tlg0003.tlg001	Δωρίς	2	corpus-only	Δωρίς
tlg0003.tlg001	Καμάρινα	2	corpus-only	Καμάρινα
tlg0003.tlg001	Μυλαί	2	corpus-only	Μυλαί
tlg0003.tlg001	Ἀλκισθένης	2	corpus-only	Ἀλκισθένης
tlg0003.tlg001	Οἰταῖος	2	corpus-only	Οἰταῖος
tlg0003.tlg001	συμπρεσβεύω	2	corpus-only	συμπρεσβεύω
tlg0003.tlg001	Ἀποδωτός	2	corpus-only	Ἀποδωτός
tlg0003.tlg001	ευρψτανιανς	2	corpus-only	ευρψτανιανς
tlg0003.tlg001	Εὐπάλιον	2	corpus-only	Εὐπάλιον
tlg0003.tlg001	Αἰγίτιον	2	corpus-only	Αἰγίτιον
tlg0003.tlg001	Αἰολεύς	2	corpus-only	Αἰολεύς
tlg0003.tlg001	Πρόσχιον	2	corpus-only	Πρόσχιον
tlg0003.tlg001	συρακούσιος	2	corpus-only	συρακούσιος
tlg0003.tlg001	Κρῆνος	2	corpus-only	Κρῆνος
tlg0003.tlg001	πελοποννήσιοι	2	corpus-only	πελοποννήσιοι
tlg0003.tlg001	ἕλλην	2	corpus-only	ἕλλην
tlg0003.tlg001	Ἱμεραῖος	2	corpus-only	Ἱμεραῖος
tlg0003.tlg001	Αἴτνη	2	corpus-only	Αἴτνη
tlg0003.tlg001	Λοκρός	2	corpus-only	Λοκρός
tlg0003.tlg001	κατάπλοος	2	corpus-only	κατάπλοος
tlg0003.tlg001	Ἀσίνη	2	corpus-only	Ἀσίνη
tlg0003.tlg001	ὁστισοῦν	2	corpus-only	ὁστισοῦν
tlg0003.tlg001	περιορμέω	2	corpus-only	περιορμέω
tlg0003.tlg001	Σικελικός	2	corpus-only	Σικελικός
tlg0003.tlg001	ἀντέπειμι	2	corpus-only	ἀντέπειμι
tlg0003.tlg001	Στύφων	2	corpus-only	Στύφων
tlg0003.tlg001	ὀϊστός	2	corpus-only	ὀϊστός
tlg0003.tlg001	Κεγχρειαί	2	corpus-only	Κεγχρειαί
tlg0003.tlg001	Μέθανα	2	corpus-only	Μέθανα
tlg0003.tlg001	Ἀρταφέρνης	2	corpus-only	Ἀρταφέρνης
tlg0003.tlg001	Φώκαια	2	corpus-only	Φώκαια
tlg0003.tlg001	Αὐτοκλῆς	2	corpus-only	Αὐτοκλῆς
tlg0003.tlg001	Σκάνδεια	2	corpus-only	Σκάνδεια
tlg0003.tlg001	Τάνταλος	2	corpus-only	Τάνταλος
tlg0003.tlg001	Γέλα	2	corpus-only	Γέλα
tlg0003.tlg001	Ἑρμοκράτης	2	corpus-only	Ἑρμοκράτης
tlg0003.tlg001	Τριποδίσκος	2	corpus-only	Τριποδίσκος
tlg0003.tlg001	νίσαια	2	corpus-only	νίσαια
tlg0003.tlg001	Μελίτεια	2	corpus-only	Μελίτεια
tlg0003.tlg001	Θεσπιεύς	2	corpus-only	Θεσπιεύς
tlg0003.tlg001	ἐπιπάρειμι	2	corpus-only	ἐπιπάρειμι
tlg0003.tlg001	Θεσπίη	2	corpus-only	Θεσπίη
tlg0003.tlg001	ἐμπολιτεύω	2	corpus-only	ἐμπολιτεύω
tlg0003.tlg001	Μύρκινος	2	corpus-only	Μύρκινος
tlg0003.tlg001	Γαληψός	2	corpus-only	Γαληψός
tlg0003.tlg001	Θυσσός	2	corpus-only	Θυσσός
tlg0003.tlg001	Ἐλαφηβόλιον	2	corpus-only	Ἐλαφηβόλιον
tlg0003.tlg001	Πολυδαμίδας	2	corpus-only	Πολυδαμίδας
tlg0003.tlg001	Συράκουσαι	2	corpus-only	Συράκουσαι
tlg0003.tlg001	Λεόντινος	2	corpus-only	Λεόντινος
tlg0003.tlg001	Βρικιννίαι	2	corpus-only	Βρικιννίαι
tlg0003.tlg001	Μυρκίνιος	2	corpus-only	Μυρκίνιος
tlg0003.tlg001	Λύκαιον	2	corpus-only	Λύκαιον
tlg0003.tlg001	Ἀμυκλαῖος	2	corpus-only	Ἀμυκλαῖος
tlg0003.tlg001	Δαμάγητος	2	corpus-only	Δαμάγητος
tlg0003.tlg001	Χίονις	2	corpus-only	Χίονις
tlg0003.tlg001	δα&ιυμλ;τηυς	2	corpus-only	δα&ιυμλ;τηυς
tlg0003.tlg001	Ζευξίδας	2	corpus-only	Ζευξίδας
tlg0003.tlg001	Ἄντιππος	2	corpus-only	Ἄντιππος
tlg0003.tlg001	Ἀλκινάδας	2	corpus-only	Ἀλκινάδας
tlg0003.tlg001	Ἐμπεδίας	2	corpus-only	Ἐμπεδίας
tlg0003.tlg001	Λάφιλος	2	corpus-only	Λάφιλος
tlg0003.tlg001	Ἰσθμιόνικος	2	corpus-only	Ἰσθμιόνικος
tlg0003.tlg001	Εὐθύδημος	2	corpus-only	Εὐθύδημος
tlg0003.tlg001	Μυρτίλος	2	corpus-only	Μυρτίλος
tlg0003.tlg001	Θρασυκλέης	2	corpus-only	Θρασυκλέης
tlg0003.tlg001	Ἀριστοκράτης	2	corpus-only	Ἀριστοκράτης
tlg0003.tlg001	Ἰώλκιος	2	corpus-only	Ἰώλκιος
tlg0003.tlg001	Ὑακίνθια	2	corpus-only	Ὑακίνθια
tlg0003.tlg001	Κύψελος	2	corpus-only	Κύψελος
tlg0003.tlg001	Διεύς	2	corpus-only	Διεύς
tlg0003.tlg001	χεναρες	2	corpus-only	χεναρες
tlg0003.tlg001	Ἀνδρομένης	2	corpus-only	Ἀνδρομένης
tlg0003.tlg001	Αἰγιναῖος	2	corpus-only	Αἰγιναῖος
tlg0003.tlg001	Ὀλυμπιακός	2	corpus-only	Ὀλυμπιακός
tlg0003.tlg001	Λίχας	2	corpus-only	Λίχας
tlg0003.tlg001	Ἀρκεσίλαος	2	corpus-only	Ἀρκεσίλαος
tlg0003.tlg001	Ἀγησιππίδας	2	corpus-only	Ἀγησιππίδας
tlg0003.tlg001	Θράσυλος	2	corpus-only	Θράσυλος
tlg0003.tlg001	Κλεωναῖος	2	corpus-only	Κλεωναῖος
tlg0003.tlg001	Ὀρνεάτης	2	corpus-only	Ὀρνεάτης
tlg0003.tlg001	πεντηκοστύς	2	corpus-only	πεντηκοστύς
tlg0003.tlg001	Ἱππονοίδας	2	corpus-only	Ἱππονοίδας
tlg0003.tlg001	συμβατήριος	2	corpus-only	συμβατήριος
tlg0003.tlg001	κασσόδε	2	corpus-only	κασσόδε
tlg0003.tlg001	λεπτόγειος	1	corpus-only	λεπτόγειος
tlg0003.tlg001	Δευκαλίων	1	corpus-only	Δευκαλίων
tlg0003.tlg001	Ἀχιλλεύς	1	corpus-only	Ἀχιλλεύς
tlg0003.tlg001	Δαναός	1	corpus-only	Δαναός
tlg0003.tlg001	ἔνερσις	1	corpus-only	ἔνερσις
tlg0003.tlg001	κρωβύλος	1	corpus-only	κρωβύλος
tlg0003.tlg001	ἰσοδίαιτος	1	corpus-only	ἰσοδίαιτος
tlg0003.tlg001	Ὀλυμπικός	1	corpus-only	Ὀλυμπικός
tlg0003.tlg001	Τυνδάρεος	1	corpus-only	Τυνδάρεος
tlg0003.tlg001	Πέλοψ	1	corpus-only	Πέλοψ
tlg0003.tlg001	Χρύσιππος	1	corpus-only	Χρύσιππος
tlg0003.tlg001	Περσείδης	1	corpus-only	Περσείδης
tlg0003.tlg001	Πελοπίδης	1	corpus-only	Πελοπίδης
tlg0003.tlg001	πρόσκωπος	1	corpus-only	πρόσκωπος
tlg0003.tlg001	περίνεως	1	corpus-only	περίνεως
tlg0003.tlg001	Τρώς	1	corpus-only	Τρώς
tlg0003.tlg001	Καδμηΐς	1	corpus-only	Καδμηΐς
tlg0003.tlg001	ἀποδασμός	1	corpus-only	ἀποδασμός
tlg0003.tlg001	πλωΐζω	1	corpus-only	πλωΐζω
tlg0003.tlg001	Φωκαιεύς	1	corpus-only	Φωκαιεύς
tlg0003.tlg001	Μασσαλία	1	corpus-only	Μασσαλία
tlg0003.tlg001	Καρχηδόνιος	1	corpus-only	Καρχηδόνιος
tlg0003.tlg001	Κροῖσος	1	corpus-only	Κροῖσος
tlg0003.tlg001	Δώριος	1	corpus-only	Δώριος
tlg0003.tlg001	ἀτυράννευτος	1	corpus-only	ἀτυράννευτος
tlg0003.tlg001	ἀβασάνιστος	1	corpus-only	ἀβασάνιστος
tlg0003.tlg001	Λεωκόρειον	1	corpus-only	Λεωκόρειον
tlg0003.tlg001	Παναθηναικός	1	corpus-only	Παναθηναικός
tlg0003.tlg001	Πιτανάτης	1	corpus-only	Πιτανάτης
tlg0003.tlg001	προσαγωγός	1	corpus-only	προσαγωγός
tlg0003.tlg001	Ταυλάντιος	1	corpus-only	Ταυλάντιος
tlg0003.tlg001	Ἰλλυρικός	1	corpus-only	Ἰλλυρικός
tlg0003.tlg001	Φαλίος	1	corpus-only	Φαλίος
tlg0003.tlg001	Ἐρατοκλείδης	1	corpus-only	Ἐρατοκλείδης
tlg0003.tlg001	Ἡρακλέης	1	corpus-only	Ἡρακλέης
tlg0003.tlg001	προκατάρχω	1	corpus-only	προκατάρχω
tlg0003.tlg001	προενοίκησις	1	corpus-only	προενοίκησις
tlg0003.tlg001	Ἀπολλωνία	1	corpus-only	Ἀπολλωνία
tlg0003.tlg001	Ἑρμιονή	1	corpus-only	Ἑρμιονή
tlg0003.tlg001	Τροιζήνιος	1	corpus-only	Τροιζήνιος
tlg0003.tlg001	Πελλίχης	1	corpus-only	Πελλίχης
tlg0003.tlg001	Καλλικράτης	1	corpus-only	Καλλικράτης
tlg0003.tlg001	Τιμάνωρ	1	corpus-only	Τιμάνωρ
tlg0003.tlg001	Τιμάνθης	1	corpus-only	Τιμάνθης
tlg0003.tlg001	Ἀρχέτιμος	1	corpus-only	Ἀρχέτιμος
tlg0003.tlg001	Εὐρύτιμος	1	corpus-only	Εὐρύτιμος
tlg0003.tlg001	Ἰσαρχίδης	1	corpus-only	Ἰσαρχίδης
tlg0003.tlg001	Ἴσαρχος	1	corpus-only	Ἴσαρχος
tlg0003.tlg001	ἐπιπληρόω	1	corpus-only	ἐπιπληρόω
tlg0003.tlg001	ἀντικαθέζομαι	1	corpus-only	ἀντικαθέζομαι
tlg0003.tlg001	πολεμησείω	1	corpus-only	πολεμησείω
tlg0003.tlg001	ἀλλοτρίωσις	1	corpus-only	ἀλλοτρίωσις
tlg0003.tlg001	ἐπίδαμνος	1	corpus-only	ἐπίδαμνος
tlg0003.tlg001	ἀπερίοπτος	1	corpus-only	ἀπερίοπτος
tlg0003.tlg001	Διότιμος	1	corpus-only	Διότιμος
tlg0003.tlg001	Στρόμβιχος	1	corpus-only	Στρόμβιχος
tlg0003.tlg001	Ἐλαίατις	1	corpus-only	Ἐλαίατις
tlg0003.tlg001	Ἐφύρα	1	corpus-only	Ἐφύρα
tlg0003.tlg001	Ἀχερουσία	1	corpus-only	Ἀχερουσία
tlg0003.tlg001	Ἀχέρων	1	corpus-only	Ἀχέρων
tlg0003.tlg001	Θύαμις	1	corpus-only	Θύαμις
tlg0003.tlg001	Κεστρίνη	1	corpus-only	Κεστρίνη
tlg0003.tlg001	Μικιάδης	1	corpus-only	Μικιάδης
tlg0003.tlg001	Αἰσιμίδης	1	corpus-only	Αἰσιμίδης
tlg0003.tlg001	Εὐρύβατος	1	corpus-only	Εὐρύβατος
tlg0003.tlg001	Ἀμπρακιῶτις	1	corpus-only	Ἀμπρακιῶτις
tlg0003.tlg001	ἐπεκβαίνω	1	corpus-only	ἐπεκβαίνω
tlg0003.tlg001	ὑπαναχωρέω	1	corpus-only	ὑπαναχωρέω
tlg0003.tlg001	Γλαύκων	1	corpus-only	Γλαύκων
tlg0003.tlg001	Λέαγρος	1	corpus-only	Λέαγρος
tlg0003.tlg001	Ἀνδοκίδης	1	corpus-only	Ἀνδοκίδης
tlg0003.tlg001	Λεώγορος	1	corpus-only	Λεώγορος
tlg0003.tlg001	ἐπιδημιουργοί	1	corpus-only	ἐπιδημιουργοί
tlg0003.tlg001	Ἀρχέστρατος	1	corpus-only	Ἀρχέστρατος
tlg0003.tlg001	ἀθῆναι	1	corpus-only	ἀθῆναι
tlg0003.tlg001	μακεδονία	1	corpus-only	μακεδονία
tlg0003.tlg001	χαλκιδεύς	1	corpus-only	χαλκιδεύς
tlg0003.tlg001	βοττιαῖος	1	corpus-only	βοττιαῖος
tlg0003.tlg001	Καλλιάδης	1	corpus-only	Καλλιάδης
tlg0003.tlg001	Βεροία	1	corpus-only	Βεροία
tlg0003.tlg001	Στρέψα	1	corpus-only	Στρέψα
tlg0003.tlg001	Γίγωνος	1	corpus-only	Γίγωνος
tlg0003.tlg001	Ἰόλαος	1	corpus-only	Ἰόλαος
tlg0003.tlg001	Ἄφυτις	1	corpus-only	Ἄφυτις
tlg0003.tlg001	Χαλκιδική	1	corpus-only	Χαλκιδική
tlg0003.tlg001	χαλκιδικός	1	corpus-only	χαλκιδικός
tlg0003.tlg001	βοττικός	1	corpus-only	βοττικός
tlg0003.tlg001	κινδυνευτής	1	corpus-only	κινδυνευτής
tlg0003.tlg001	ἀποδημητής	1	corpus-only	ἀποδημητής
tlg0003.tlg001	ἀντελπίζω	1	corpus-only	ἀντελπίζω
tlg0003.tlg001	ἀρχαιότροπος	1	corpus-only	ἀρχαιότροπος
tlg0003.tlg001	ἐπιτέχνησις	1	corpus-only	ἐπιτέχνησις
tlg0003.tlg001	παριτητέα	1	corpus-only	παριτητέα
tlg0003.tlg001	πρέσβευσις	1	corpus-only	πρέσβευσις
tlg0003.tlg001	προτιμωρέω	1	corpus-only	προτιμωρέω
tlg0003.tlg001	συσσῴζω	1	corpus-only	συσσῴζω
tlg0003.tlg001	ἀπαχθέω	1	corpus-only	ἀπαχθέω
tlg0003.tlg001	ἄμεικτος	1	corpus-only	ἄμεικτος
tlg0003.tlg001	Σθενελαΐδης	1	corpus-only	Σθενελαΐδης
tlg0003.tlg001	Εὐβοϊκός	1	corpus-only	Εὐβοϊκός
tlg0003.tlg001	Λεωτυχίδης	1	corpus-only	Λεωτυχίδης
tlg0003.tlg001	Σηστός	1	corpus-only	Σηστός
tlg0003.tlg001	ἐπιχειμάζω	1	corpus-only	ἐπιχειμάζω
tlg0003.tlg001	Ἁβρώνιχος	1	corpus-only	Ἁβρώνιχος
tlg0003.tlg001	Λυσίμαχος	1	corpus-only	Λυσίμαχος
tlg0003.tlg001	ἀνεπίκλητος	1	corpus-only	ἀνεπίκλητος
tlg0003.tlg001	ἐγκαταλέγω	1	corpus-only	ἐγκαταλέγω
tlg0003.tlg001	συνοικοδομέω	1	corpus-only	συνοικοδομέω
tlg0003.tlg001	ἐγγώνιος	1	corpus-only	ἐγγώνιος
tlg0003.tlg001	Δόρκις	1	corpus-only	Δόρκις
tlg0003.tlg001	Ἑλληνοταμίαι	1	corpus-only	Ἑλληνοταμίαι
tlg0003.tlg001	διαχείρισις	1	corpus-only	διαχείρισις
tlg0003.tlg001	Ἑλλάνικος	1	corpus-only	Ἑλλάνικος
tlg0003.tlg001	Σκῦρος	1	corpus-only	Σκῦρος
tlg0003.tlg001	ἔκδεια	1	corpus-only	ἔκδεια
tlg0003.tlg001	λιποστράτιον	1	corpus-only	λιποστράτιον
tlg0003.tlg001	ἀπόκνησις	1	corpus-only	ἀπόκνησις
tlg0003.tlg001	Παμφυλία	1	corpus-only	Παμφυλία
tlg0003.tlg001	Ἠδωνοί	1	corpus-only	Ἠδωνοί
tlg0003.tlg001	Δραβησκός	1	corpus-only	Δραβησκός
tlg0003.tlg001	Θουριάτης	1	corpus-only	Θουριάτης
tlg0003.tlg001	Αἰθαιεύς	1	corpus-only	Αἰθαιεύς
tlg0003.tlg001	νεωτεροποιΐα	1	corpus-only	νεωτεροποιΐα
tlg0003.tlg001	Ἰθωμήτης	1	corpus-only	Ἰθωμήτης
tlg0003.tlg001	Ψαμμήτιχος	1	corpus-only	Ψαμμήτιχος
tlg0003.tlg001	Μάρεια	1	corpus-only	Μάρεια
tlg0003.tlg001	Νεῖλος	1	corpus-only	Νεῖλος
tlg0003.tlg001	Ἁλιέαι	1	corpus-only	Ἁλιέαι
tlg0003.tlg001	Κεκρυφαλεία	1	corpus-only	Κεκρυφαλεία
tlg0003.tlg001	Λεωκράτης	1	corpus-only	Λεωκράτης
tlg0003.tlg001	Στροῖβος	1	corpus-only	Στροῖβος
tlg0003.tlg001	Φαληρόνδε	1	corpus-only	Φαληρόνδε
tlg0003.tlg001	βοιόν	1	corpus-only	βοιόν
tlg0003.tlg001	Νικομήδης	1	corpus-only	Νικομήδης
tlg0003.tlg001	δύσοδος	1	corpus-only	δύσοδος
tlg0003.tlg001	Γερανείη	1	corpus-only	Γερανείη
tlg0003.tlg001	Ὀπούντιος	1	corpus-only	Ὀπούντιος
tlg0003.tlg001	Μεγάβυζος	1	corpus-only	Μεγάβυζος
tlg0003.tlg001	Προσώπιτις	1	corpus-only	Προσώπιτις
tlg0003.tlg001	Κυρήνη	1	corpus-only	Κυρήνη
tlg0003.tlg001	Μενδήσιος	1	corpus-only	Μενδήσιος
tlg0003.tlg001	αἴγυπτος	1	corpus-only	αἴγυπτος
tlg0003.tlg001	Ἐχεκρατίδης	1	corpus-only	Ἐχεκρατίδης
tlg0003.tlg001	Κύπριος	1	corpus-only	Κύπριος
tlg0003.tlg001	Κίλιξ	1	corpus-only	Κίλιξ
tlg0003.tlg001	Ἑστιαιεύς	1	corpus-only	Ἑστιαιεύς
tlg0003.tlg001	Ἀχαΐα	1	corpus-only	Ἀχαΐα
tlg0003.tlg001	Πριήνη	1	corpus-only	Πριήνη
tlg0003.tlg001	Ὑστάσπης	1	corpus-only	Ὑστάσπης
tlg0003.tlg001	Σάρδεις	1	corpus-only	Σάρδεις
tlg0003.tlg001	προσκοπή	1	corpus-only	προσκοπή
tlg0003.tlg001	Τραγίη	1	corpus-only	Τραγίη
tlg0003.tlg001	Καῦνος	1	corpus-only	Καῦνος
tlg0003.tlg001	Στησαγόρας	1	corpus-only	Στησαγόρας
tlg0003.tlg001	προφυλακίς	1	corpus-only	προφυλακίς
tlg0003.tlg001	Τληπόλεμος	1	corpus-only	Τληπόλεμος
tlg0003.tlg001	Ἀντικλῆς	1	corpus-only	Ἀντικλῆς
tlg0003.tlg001	Ποτειδεατικός	1	corpus-only	Ποτειδεατικός
tlg0003.tlg001	κατακομιδή	1	corpus-only	κατακομιδή
tlg0003.tlg001	εὐόργητος	1	corpus-only	εὐόργητος
tlg0003.tlg001	ἐπιταλαιπωρέω	1	corpus-only	ἐπιταλαιπωρέω
tlg0003.tlg001	παραβάζω	1	corpus-only	παραβάζω
tlg0003.tlg001	Ὀλυμπιονίκης	1	corpus-only	Ὀλυμπιονίκης
tlg0003.tlg001	Διάσιος	1	corpus-only	Διάσιος
tlg0003.tlg001	ταίναρος	1	corpus-only	ταίναρος
tlg0003.tlg001	Ἐρετριεύς	1	corpus-only	Ἐρετριεύς
tlg0003.tlg001	Δασκυλῖτις	1	corpus-only	Δασκυλῖτις
tlg0003.tlg001	Μεγαβάτης	1	corpus-only	Μεγαβάτης
tlg0003.tlg001	ἀντεπιτίθημι	1	corpus-only	ἀντεπιτίθημι
tlg0003.tlg001	ἀντεγγράφω	1	corpus-only	ἀντεγγράφω
tlg0003.tlg001	ἀνάγραπτος	1	corpus-only	ἀνάγραπτος
tlg0003.tlg001	Τρῳάς	1	corpus-only	Τρῳάς
tlg0003.tlg001	Πλείσταρχος	1	corpus-only	Πλείσταρχος
tlg0003.tlg001	Λεωνίδας	1	corpus-only	Λεωνίδας
tlg0003.tlg001	ἐκκολάπτω	1	corpus-only	ἐκκολάπτω
tlg0003.tlg001	Καιάδης	1	corpus-only	Καιάδης
tlg0003.tlg001	δελφοί	1	corpus-only	δελφοί
tlg0003.tlg001	χράω2	1	corpus-only	χράω2
tlg0003.tlg001	προτεμένισμα	1	corpus-only	προτεμένισμα
tlg0003.tlg001	χαλκιοίκου	1	corpus-only	χαλκιοίκου
tlg0003.tlg001	συνδιώκω	1	corpus-only	συνδιώκω
tlg0003.tlg001	ἀποκομιδή	1	corpus-only	ἀποκομιδή
tlg0003.tlg001	προάγγελσις	1	corpus-only	προάγγελσις
tlg0003.tlg001	Λάμψακος	1	corpus-only	Λάμψακος
tlg0003.tlg001	πολύοινος	1	corpus-only	πολύοινος
tlg0003.tlg001	Ἀγήσανδρος	1	corpus-only	Ἀγήσανδρος
tlg0003.tlg001	προαναλίσκω	1	corpus-only	προαναλίσκω
tlg0003.tlg001	ἀντιπαρασκευή	1	corpus-only	ἀντιπαρασκευή
tlg0003.tlg001	ἐπιτείχισις	1	corpus-only	ἐπιτείχισις
tlg0003.tlg001	ἀντεπιτειχίζω	1	corpus-only	ἀντεπιτειχίζω
tlg0003.tlg001	ἀκηρυκτεί	1	corpus-only	ἀκηρυκτεί
tlg0003.tlg001	Αἰνησίας	1	corpus-only	Αἰνησίας
tlg0003.tlg001	Πυθάγγελος	1	corpus-only	Πυθάγγελος
tlg0003.tlg001	Φυλεΐδης	1	corpus-only	Φυλεΐδης
tlg0003.tlg001	Διέμπορος	1	corpus-only	Διέμπορος
tlg0003.tlg001	Ὀνητορίδης	1	corpus-only	Ὀνητορίδης
tlg0003.tlg001	Ναυκλείδης	1	corpus-only	Ναυκλείδης
tlg0003.tlg001	Λεοντιάδης	1	corpus-only	Λεοντιάδης
tlg0003.tlg001	προκαθίστημι	1	corpus-only	προκαθίστημι
tlg0003.tlg001	περίορθρος	1	corpus-only	περίορθρος
tlg0003.tlg001	στυράκιον	1	corpus-only	στυράκιον
tlg0003.tlg001	Ἀσωπός	1	corpus-only	Ἀσωπός
tlg0003.tlg001	Κάριος	1	corpus-only	Κάριος
tlg0003.tlg001	ἀνίσχω	1	corpus-only	ἀνίσχω
tlg0003.tlg001	Διάκριτος	1	corpus-only	Διάκριτος
tlg0003.tlg001	περιαιρετός	1	corpus-only	περιαιρετός
tlg0003.tlg001	Μουνιχίη	1	corpus-only	Μουνιχίη
tlg0003.tlg001	ξύλωσις	1	corpus-only	ξύλωσις
tlg0003.tlg001	Κέκροψ	1	corpus-only	Κέκροψ
tlg0003.tlg001	Εὔμολπος	1	corpus-only	Εὔμολπος
tlg0003.tlg001	Ἐρεχθεύς	1	corpus-only	Ἐρεχθεύς
tlg0003.tlg001	ἀνθεστηριών	1	corpus-only	ἀνθεστηριών
tlg0003.tlg001	ἴωνες	1	corpus-only	ἴωνες
tlg0003.tlg001	Ἐννεάκρουνος	1	corpus-only	Ἐννεάκρουνος
tlg0003.tlg001	Καλλιρρόη	1	corpus-only	Καλλιρρόη
tlg0003.tlg001	ἀκροτελεύτιον	1	corpus-only	ἀκροτελεύτιον
tlg0003.tlg001	σχολαιότης	1	corpus-only	σχολαιότης
tlg0003.tlg001	ἀρχίδαμος	1	corpus-only	ἀρχίδαμος
tlg0003.tlg001	ζευξίδαμος	1	corpus-only	ζευξίδαμος
tlg0003.tlg001	Αἰγάλευς	1	corpus-only	Αἰγάλευς
tlg0003.tlg001	Κρωπιή	1	corpus-only	Κρωπιή
tlg0003.tlg001	Φρύγιος	1	corpus-only	Φρύγιος
tlg0003.tlg001	Λαρισαῖος	1	corpus-only	Λαρισαῖος
tlg0003.tlg001	Φαρσάλιος	1	corpus-only	Φαρσάλιος
tlg0003.tlg001	παράσιος	1	corpus-only	παράσιος
tlg0003.tlg001	κραννώνιος	1	corpus-only	κραννώνιος
tlg0003.tlg001	πύράσιος	1	corpus-only	πύράσιος
tlg0003.tlg001	γυρτώνιος	1	corpus-only	γυρτώνιος
tlg0003.tlg001	φεραῖος	1	corpus-only	φεραῖος
tlg0003.tlg001	λάρισα	1	corpus-only	λάρισα
tlg0003.tlg001	πολυμήδης	1	corpus-only	πολυμήδης
tlg0003.tlg001	ἀριστόνους	1	corpus-only	ἀριστόνους
tlg0003.tlg001	φάρσαλος	1	corpus-only	φάρσαλος
tlg0003.tlg001	ἐπεξᾴδω	1	corpus-only	ἐπεξᾴδω
tlg0003.tlg001	Βριλησσός	1	corpus-only	Βριλησσός
tlg0003.tlg001	Ξενότιμος	1	corpus-only	Ξενότιμος
tlg0003.tlg001	Σωκράτης	1	corpus-only	Σωκράτης
tlg0003.tlg001	Ἀντιγένης	1	corpus-only	Ἀντιγένης
tlg0003.tlg001	νηΐτης	1	corpus-only	νηΐτης
tlg0003.tlg001	Θρόνιος	1	corpus-only	Θρόνιος
tlg0003.tlg001	Ἀλόπη	1	corpus-only	Ἀλόπη
tlg0003.tlg001	Θυρεάτις	1	corpus-only	Θυρεάτις
tlg0003.tlg001	Πύθης	1	corpus-only	Πύθης
tlg0003.tlg001	Ἀβδηρίτης	1	corpus-only	Ἀβδηρίτης
tlg0003.tlg001	Πρόκνη	1	corpus-only	Πρόκνη
tlg0003.tlg001	Πανδίων	1	corpus-only	Πανδίων
tlg0003.tlg001	Δαυλία	1	corpus-only	Δαυλία
tlg0003.tlg001	τηρεύς	1	corpus-only	τηρεύς
tlg0003.tlg001	θρᾷξ	1	corpus-only	θρᾷξ
tlg0003.tlg001	δαυλιάς	1	corpus-only	δαυλιάς
tlg0003.tlg001	πανδίων	1	corpus-only	πανδίων
tlg0003.tlg001	τήρης	1	corpus-only	τήρης
tlg0003.tlg001	ὀδρυσῶν	1	corpus-only	ὀδρυσῶν
tlg0003.tlg001	Παλαιρεύς	1	corpus-only	Παλαιρεύς
tlg0003.tlg001	Παλέες	1	corpus-only	Παλέες
tlg0003.tlg001	Σαμαῖος	1	corpus-only	Σαμαῖος
tlg0003.tlg001	Προνναῖος	1	corpus-only	Προνναῖος
tlg0003.tlg001	Ὀπόεις	1	corpus-only	Ὀπόεις
tlg0003.tlg001	προσμισθόω	1	corpus-only	προσμισθόω
tlg0003.tlg001	Τιμόξενος	1	corpus-only	Τιμόξενος
tlg0003.tlg001	Εὔμαχος	1	corpus-only	Εὔμαχος
tlg0003.tlg001	πρότριτα	1	corpus-only	πρότριτα
tlg0003.tlg001	λάρνακας	1	corpus-only	λάρνακας
tlg0003.tlg001	στόρνυμι	1	corpus-only	στόρνυμι
tlg0003.tlg001	δηλοῦσθαι	1	corpus-only	δηλοῦσθαι
tlg0003.tlg001	χεῖρον	1	corpus-only	χεῖρον
tlg0003.tlg001	διετήσιος	1	corpus-only	διετήσιος
tlg0003.tlg001	ναυτικόν	1	corpus-only	ναυτικόν
tlg0003.tlg001	ἀντοφείλω	1	corpus-only	ἀντοφείλω
tlg0003.tlg001	ἀμάρτυρος	1	corpus-only	ἀμάρτυρος
tlg0003.tlg001	εἰσβατός	1	corpus-only	εἰσβατός
tlg0003.tlg001	ἐνευδαιμονέω	1	corpus-only	ἐνευδαιμονέω
tlg0003.tlg001	ἐντελευτάω	1	corpus-only	ἐντελευτάω
tlg0003.tlg001	χηρεία	1	corpus-only	χηρεία
tlg0003.tlg001	Αἰθιοπία	1	corpus-only	Αἰθιοπία
tlg0003.tlg001	φλόγωσις	1	corpus-only	φλόγωσις
tlg0003.tlg001	ἐπικατέρχομαι	1	corpus-only	ἐπικατέρχομαι
tlg0003.tlg001	ὑπερβιάζομαι	1	corpus-only	ὑπερβιάζομαι
tlg0003.tlg001	Δωριακός	1	corpus-only	Δωριακός
tlg0003.tlg001	Λαύρειον	1	corpus-only	Λαύρειον
tlg0003.tlg001	Ἄνδρος	1	corpus-only	Ἄνδρος
tlg0003.tlg001	Τροιζηνίς	1	corpus-only	Τροιζηνίς
tlg0003.tlg001	Ἁλιάς	1	corpus-only	Ἁλιάς
tlg0003.tlg001	Πρασιαί	1	corpus-only	Πρασιαί
tlg0003.tlg001	κηπίον	1	corpus-only	κηπίον
tlg0003.tlg001	ἐγκαλλώπισμα	1	corpus-only	ἐγκαλλώπισμα
tlg0003.tlg001	προκτάομαι	1	corpus-only	προκτάομαι
tlg0003.tlg001	καταφρόνημα	1	corpus-only	καταφρόνημα
tlg0003.tlg001	συνδιαγιγνώσκω	1	corpus-only	συνδιαγιγνώσκω
tlg0003.tlg001	ὑπενδέω	1	corpus-only	ὑπενδέω
tlg0003.tlg001	Ἀνήριστος	1	corpus-only	Ἀνήριστος
tlg0003.tlg001	Νικόλαος	1	corpus-only	Νικόλαος
tlg0003.tlg001	Πρατόδαμος	1	corpus-only	Πρατόδαμος
tlg0003.tlg001	Τιμαγόρας	1	corpus-only	Τιμαγόρας
tlg0003.tlg001	Πόλλις	1	corpus-only	Πόλλις
tlg0003.tlg001	Φαρνάβαζος	1	corpus-only	Φαρνάβαζος
tlg0003.tlg001	Φιλήμων	1	corpus-only	Φιλήμων
tlg0003.tlg001	ἀμπρακιώτης	1	corpus-only	ἀμπρακιώτης
tlg0003.tlg001	ἠνδραποδίζω	1	corpus-only	ἠνδραποδίζω
tlg0003.tlg001	ἀμφίλοχος	1	corpus-only	ἀμφίλοχος
tlg0003.tlg001	Φάσηλις	1	corpus-only	Φάσηλις
tlg0003.tlg001	Ἑστιόδωρος	1	corpus-only	Ἑστιόδωρος
tlg0003.tlg001	Ἀριστοκλείδης	1	corpus-only	Ἀριστοκλείδης
tlg0003.tlg001	Φανόμαχος	1	corpus-only	Φανόμαχος
tlg0003.tlg001	πλαταιεύς	1	corpus-only	πλαταιεύς
tlg0003.tlg001	ἐπιμαρτυρία	1	corpus-only	ἐπιμαρτυρία
tlg0003.tlg001	περισταυρόω	1	corpus-only	περισταυρόω
tlg0003.tlg001	δέρρις	1	corpus-only	δέρρις
tlg0003.tlg001	ἀντάνειμι	1	corpus-only	ἀντάνειμι
tlg0003.tlg001	ἐνίλλω	1	corpus-only	ἐνίλλω
tlg0003.tlg001	συντεκμαίρομαι	1	corpus-only	συντεκμαίρομαι
tlg0003.tlg001	προσεπεξευρίσκω	1	corpus-only	προσεπεξευρίσκω
tlg0003.tlg001	προσάττω	1	corpus-only	προσάττω
tlg0003.tlg001	ὑπερτείνω	1	corpus-only	ὑπερτείνω
tlg0003.tlg001	ἀντιτείχισμα	1	corpus-only	ἀντιτείχισμα
tlg0003.tlg001	ἐπιπαρανέω	1	corpus-only	ἐπιπαρανέω
tlg0003.tlg001	προστατεία	1	corpus-only	προστατεία
tlg0003.tlg001	Φώτιος	1	corpus-only	Φώτιος
tlg0003.tlg001	Νικάνωρ	1	corpus-only	Νικάνωρ
tlg0003.tlg001	Θεσπρωτοί	1	corpus-only	Θεσπρωτοί
tlg0003.tlg001	Ἀτιντάν	1	corpus-only	Ἀτιντάν
tlg0003.tlg001	Σαβύλινθος	1	corpus-only	Σαβύλινθος
tlg0003.tlg001	Θάρυψ	1	corpus-only	Θάρυψ
tlg0003.tlg001	Ἄναπος	1	corpus-only	Ἄναπος
tlg0003.tlg001	συμβοήθεια	1	corpus-only	συμβοήθεια
tlg0003.tlg001	ἀντιπαραπλέω	1	corpus-only	ἀντιπαραπλέω
tlg0003.tlg001	Εὔηνος	1	corpus-only	Εὔηνος
tlg0003.tlg001	Μαχάων	1	corpus-only	Μαχάων
tlg0003.tlg001	Ἀγαθαρχίδης	1	corpus-only	Ἀγαθαρχίδης
tlg0003.tlg001	ἀντιφυλακή	1	corpus-only	ἀντιφυλακή
tlg0003.tlg001	προσπεριαγγέλλω	1	corpus-only	προσπεριαγγέλλω
tlg0003.tlg001	Κρής	1	corpus-only	Κρής
tlg0003.tlg001	Γορτύνιος	1	corpus-only	Γορτύνιος
tlg0003.tlg001	Κυδωνία	1	corpus-only	Κυδωνία
tlg0003.tlg001	Μολυκρικός	1	corpus-only	Μολυκρικός
tlg0003.tlg001	ἀνθορμέω	1	corpus-only	ἀνθορμέω
tlg0003.tlg001	περικλῄζω	1	corpus-only	περικλῄζω
tlg0003.tlg001	Ἀπολλώνιον	1	corpus-only	Ἀπολλώνιον
tlg0003.tlg001	ἀντεφόρμησις	1	corpus-only	ἀντεφόρμησις
tlg0003.tlg001	Ὄδρυσος	1	corpus-only	Ὄδρυσος
tlg0003.tlg001	Αῖʽμος	1	corpus-only	Αῖʽμος
tlg0003.tlg001	ἑλλήσποντος	1	corpus-only	ἑλλήσποντος
tlg0003.tlg001	γέτας	1	corpus-only	γέτας
tlg0003.tlg001	ἴστρος	1	corpus-only	ἴστρος
tlg0003.tlg001	γέται	1	corpus-only	γέται
tlg0003.tlg001	σκύθης	1	corpus-only	σκύθης
tlg0003.tlg001	Λαίαιος	1	corpus-only	Λαίαιος
tlg0003.tlg001	Τρήρας	1	corpus-only	Τρήρας
tlg0003.tlg001	Τιλαταῖος	1	corpus-only	Τιλαταῖος
tlg0003.tlg001	Ὄσκιος	1	corpus-only	Ὄσκιος
tlg0003.tlg001	Νέστος	1	corpus-only	Νέστος
tlg0003.tlg001	Ἕβρος	1	corpus-only	Ἕβρος
tlg0003.tlg001	Ἄβδηρος	1	corpus-only	Ἄβδηρος
tlg0003.tlg001	Ἄβδηρα	1	corpus-only	Ἄβδηρα
tlg0003.tlg001	παραδυναστεύω	1	corpus-only	παραδυναστεύω
tlg0003.tlg001	Κερκίνη	1	corpus-only	Κερκίνη
tlg0003.tlg001	Μαιδοί	1	corpus-only	Μαιδοί
tlg0003.tlg001	ἀπαράκλητος	1	corpus-only	ἀπαράκλητος
tlg0003.tlg001	ἱππικόν	1	corpus-only	ἱππικόν
tlg0003.tlg001	Γέται	1	corpus-only	Γέται
tlg0003.tlg001	Ἐλιμιώτης	1	corpus-only	Ἐλιμιώτης
tlg0003.tlg001	Τημενίδης	1	corpus-only	Τημενίδης
tlg0003.tlg001	Πίερες	1	corpus-only	Πίερες
tlg0003.tlg001	Φάγρας	1	corpus-only	Φάγρας
tlg0003.tlg001	Πιερικός	1	corpus-only	Πιερικός
tlg0003.tlg001	Βοττίη	1	corpus-only	Βοττίη
tlg0003.tlg001	Παιονία	1	corpus-only	Παιονία
tlg0003.tlg001	Ἐορδίη	1	corpus-only	Ἐορδίη
tlg0003.tlg001	Ἐορδός	1	corpus-only	Ἐορδός
tlg0003.tlg001	Φύσκα	1	corpus-only	Φύσκα
tlg0003.tlg001	Ἀλμωπίη	1	corpus-only	Ἀλμωπίη
tlg0003.tlg001	Ἄλμωψ	1	corpus-only	Ἄλμωψ
tlg0003.tlg001	Εἰδομενή	1	corpus-only	Εἰδομενή
tlg0003.tlg001	Γορτυνίη	1	corpus-only	Γορτυνίη
tlg0003.tlg001	Κύρρος	1	corpus-only	Κύρρος
tlg0003.tlg001	προσμεταπέμπομαι	1	corpus-only	προσμεταπέμπομαι
tlg0003.tlg001	Μάγνης	1	corpus-only	Μάγνης
tlg0003.tlg001	Παναῖος	1	corpus-only	Παναῖος
tlg0003.tlg001	Ὀδόμαντοι	1	corpus-only	Ὀδόμαντοι
tlg0003.tlg001	Δρῶοι	1	corpus-only	Δρῶοι
tlg0003.tlg001	Δερσαῖος	1	corpus-only	Δερσαῖος
tlg0003.tlg001	Στρατονίκη	1	corpus-only	Στρατονίκη
tlg0003.tlg001	Κύνης	1	corpus-only	Κύνης
tlg0003.tlg001	Θεόλυτος	1	corpus-only	Θεόλυτος
tlg0003.tlg001	Πίνδος	1	corpus-only	Πίνδος
tlg0003.tlg001	Δολοπίη	1	corpus-only	Δολοπίη
tlg0003.tlg001	Ἀκαρνανικός	1	corpus-only	Ἀκαρνανικός
tlg0003.tlg001	περιλιμνάζω	1	corpus-only	περιλιμνάζω
tlg0003.tlg001	Ἐχῖναι	1	corpus-only	Ἐχῖναι
tlg0003.tlg001	Τενέδιος	1	corpus-only	Τενέδιος
tlg0003.tlg001	συνοίκισις	1	corpus-only	συνοίκισις
tlg0003.tlg001	Κλεϊππίδης	1	corpus-only	Κλεϊππίδης
tlg0003.tlg001	Δεινίας	1	corpus-only	Δεινίας
tlg0003.tlg001	Γεραιστός	1	corpus-only	Γεραιστός
tlg0003.tlg001	μαλόεις	1	corpus-only	μαλόεις
tlg0003.tlg001	Μελέας	1	corpus-only	Μελέας
tlg0003.tlg001	Ἑρμαιώνδης	1	corpus-only	Ἑρμαιώνδης
tlg0003.tlg001	Νήρικος	1	corpus-only	Νήρικος
tlg0003.tlg001	Ῥόδιος	1	corpus-only	Ῥόδιος
tlg0003.tlg001	πολυψηφία	1	corpus-only	πολυψηφία
tlg0003.tlg001	ἀντισόομαι	1	corpus-only	ἀντισόομαι
tlg0003.tlg001	ἀνταναμένω	1	corpus-only	ἀνταναμένω
tlg0003.tlg001	ἀντιμέλλω	1	corpus-only	ἀντιμέλλω
tlg0003.tlg001	προαμύνομαι	1	corpus-only	προαμύνομαι
tlg0003.tlg001	ξύν	1	corpus-only	ξύν
tlg0003.tlg001	εὔβοια	1	corpus-only	εὔβοια
tlg0003.tlg001	σαλαμίς	1	corpus-only	σαλαμίς
tlg0003.tlg001	πελοπόννησος	1	corpus-only	πελοπόννησος
tlg0003.tlg001	δίδραχμος	1	corpus-only	δίδραχμος
tlg0003.tlg001	διαπολιορκέω	1	corpus-only	διαπολιορκέω
tlg0003.tlg001	Μήθυμνα	1	corpus-only	Μήθυμνα
tlg0003.tlg001	Ἀντισσαῖος	1	corpus-only	Ἀντισσαῖος
tlg0003.tlg001	Μαίανδρος	1	corpus-only	Μαίανδρος
tlg0003.tlg001	Σάνδιος	1	corpus-only	Σάνδιος
tlg0003.tlg001	Ἀναιῗτης	1	corpus-only	Ἀναιῗτης
tlg0003.tlg001	Θεαίνετος	1	corpus-only	Θεαίνετος
tlg0003.tlg001	Εὐπομπίδης	1	corpus-only	Εὐπομπίδης
tlg0003.tlg001	Δαΐμαχος	1	corpus-only	Δαΐμαχος
tlg0003.tlg001	συμμέτρησις	1	corpus-only	συμμέτρησις
tlg0003.tlg001	ἰσοπλατής	1	corpus-only	ἰσοπλατής
tlg0003.tlg001	περιφρουρέω	1	corpus-only	περιφρουρέω
tlg0003.tlg001	ἀντιπαταγέω	1	corpus-only	ἀντιπαταγέω
tlg0003.tlg001	Ἀμμέας	1	corpus-only	Ἀμμέας
tlg0003.tlg001	Κόροιβος	1	corpus-only	Κόροιβος
tlg0003.tlg001	ἐπαναβιβάζω	1	corpus-only	ἐπαναβιβάζω
tlg0003.tlg001	Ἀνδροκράτης	1	corpus-only	Ἀνδροκράτης
tlg0003.tlg001	Ἐρύθρας	1	corpus-only	Ἐρύθρας
tlg0003.tlg001	προαποπέμπω	1	corpus-only	προαποπέμπω
tlg0003.tlg001	Ἴκαρος	1	corpus-only	Ἴκαρος
tlg0003.tlg001	Μύκονος	1	corpus-only	Μύκονος
tlg0003.tlg001	Τευτίαπλος	1	corpus-only	Τευτίαπλος
tlg0003.tlg001	Κύμη	1	corpus-only	Κύμη
tlg0003.tlg001	Αἰολίς	1	corpus-only	Αἰολίς
tlg0003.tlg001	πισσούθνης	1	corpus-only	πισσούθνης
tlg0003.tlg001	Μυόννησος	1	corpus-only	Μυόννησος
tlg0003.tlg001	Τήϊος	1	corpus-only	Τήϊος
tlg0003.tlg001	Ἀναῖος	1	corpus-only	Ἀναῖος
tlg0003.tlg001	Πάτμος	1	corpus-only	Πάτμος
tlg0003.tlg001	Ἰταμάνες	1	corpus-only	Ἰταμάνες
tlg0003.tlg001	προσσυλλαμβάνω	1	corpus-only	προσσυλλαμβάνω
tlg0003.tlg001	προεπαινέω	1	corpus-only	προεπαινέω
tlg0003.tlg001	ἀντοικτίζω	1	corpus-only	ἀντοικτίζω
tlg0003.tlg001	ἀφιστάω	1	corpus-only	ἀφιστάω
tlg0003.tlg001	Εὐκράτης	1	corpus-only	Εὐκράτης
tlg0003.tlg001	περίνοια	1	corpus-only	περίνοια
tlg0003.tlg001	ἀνθυποπτεύω	1	corpus-only	ἀνθυποπτεύω
tlg0003.tlg001	ἀντισχυρίζομαι	1	corpus-only	ἀντισχυρίζομαι
tlg0003.tlg001	εὑρετέος	1	corpus-only	εὑρετέος
tlg0003.tlg001	παρανέω	1	corpus-only	παρανέω
tlg0003.tlg001	ἐναντιόω	1	corpus-only	ἐναντιόω
tlg0003.tlg001	ἐπικατάγομαι	1	corpus-only	ἐπικατάγομαι
tlg0003.tlg001	ἐπιβοήθεια	1	corpus-only	ἐπιβοήθεια
tlg0003.tlg001	ἀνάδοτος	1	corpus-only	ἀνάδοτος
tlg0003.tlg001	Ἀστύμαχος	1	corpus-only	Ἀστύμαχος
tlg0003.tlg001	Ἀσωπόλαος	1	corpus-only	Ἀσωπόλαος
tlg0003.tlg001	Αἰείμνηστος	1	corpus-only	Αἰείμνηστος
tlg0003.tlg001	προκατηγορία	1	corpus-only	προκατηγορία
tlg0003.tlg001	πειθώ	1	corpus-only	πειθώ
tlg0003.tlg001	Ἀρτεμίσιον	1	corpus-only	Ἀρτεμίσιον
tlg0003.tlg001	προσκέπτομαι	1	corpus-only	προσκέπτομαι
tlg0003.tlg001	ὅμαιχμος	1	corpus-only	ὅμαιχμος
tlg0003.tlg001	Θηβαίς	1	corpus-only	Θηβαίς
tlg0003.tlg001	ὁμοβώμιος	1	corpus-only	ὁμοβώμιος
tlg0003.tlg001	συνεφίημι	1	corpus-only	συνεφίημι
tlg0003.tlg001	συγκαταδουλόω	1	corpus-only	συγκαταδουλόω
tlg0003.tlg001	ἀνεπιεικής	1	corpus-only	ἀνεπιεικής
tlg0003.tlg001	καταγνοέω	1	corpus-only	καταγνοέω
tlg0003.tlg001	πλαταιός	1	corpus-only	πλαταιός
tlg0003.tlg001	περίειμι1	1	corpus-only	περίειμι1
tlg0003.tlg001	ἀπομισθόω	1	corpus-only	ἀπομισθόω
tlg0003.tlg001	ἐνενηκοστός	1	corpus-only	ἐνενηκοστός
tlg0003.tlg001	ἐθελοπρόξενος	1	corpus-only	ἐθελοπρόξενος
tlg0003.tlg001	ἀνθυπάγω	1	corpus-only	ἀνθυπάγω
tlg0003.tlg001	Ἀλκίνοος	1	corpus-only	Ἀλκίνοος
tlg0003.tlg001	ὑπεξανάγομαι	1	corpus-only	ὑπεξανάγομαι
tlg0003.tlg001	Διόσκοροι	1	corpus-only	Διόσκοροι
tlg0003.tlg001	διακομιδή	1	corpus-only	διακομιδή
tlg0003.tlg001	περικύκλωσις	1	corpus-only	περικύκλωσις
tlg0003.tlg001	περικομίζω	1	corpus-only	περικομίζω
tlg0003.tlg001	ἐφυστερίζω	1	corpus-only	ἐφυστερίζω
tlg0003.tlg001	περιτέχνησις	1	corpus-only	περιτέχνησις
tlg0003.tlg001	διαλυτής	1	corpus-only	διαλυτής
tlg0003.tlg001	προτίμησις	1	corpus-only	προτίμησις
tlg0003.tlg001	κακοτροπία	1	corpus-only	κακοτροπία
tlg0003.tlg001	κέρκυρα	1	corpus-only	κέρκυρα
tlg0003.tlg001	δέω2	1	corpus-only	δέω2
tlg0003.tlg001	ἰστώνης	1	corpus-only	ἰστώνης
tlg0003.tlg001	Μελάνωπος	1	corpus-only	Μελάνωπος
tlg0003.tlg001	διοκωχή	1	corpus-only	διοκωχή
tlg0003.tlg001	ἀνεξεύρετος	1	corpus-only	ἀνεξεύρετος
tlg0003.tlg001	Λιπαραῖος	1	corpus-only	Λιπαραῖος
tlg0003.tlg001	Κνίδιον	1	corpus-only	Κνίδιον
tlg0003.tlg001	Λιπάρα	1	corpus-only	Λιπάρα
tlg0003.tlg001	Διδύμη	1	corpus-only	Διδύμη
tlg0003.tlg001	Στρογγύλη	1	corpus-only	Στρογγύλη
tlg0003.tlg001	Ἥφαιστος	1	corpus-only	Ἥφαιστος
tlg0003.tlg001	Ὀρόβιαι	1	corpus-only	Ὀρόβιαι
tlg0003.tlg001	Πεπάρηθος	1	corpus-only	Πεπάρηθος
tlg0003.tlg001	ἐπαναχώρησις	1	corpus-only	ἐπαναχώρησις
tlg0003.tlg001	Θεόδωρος	1	corpus-only	Θεόδωρος
tlg0003.tlg001	Ἱππόνικος	1	corpus-only	Ἱππόνικος
tlg0003.tlg001	ηιερεανς	1	corpus-only	ηιερεανς
tlg0003.tlg001	Τεισαμενός	1	corpus-only	Τεισαμενός
tlg0003.tlg001	Δαμάγων	1	corpus-only	Δαμάγων
tlg0003.tlg001	διάπλους	1	corpus-only	διάπλους
tlg0003.tlg001	Κήναιον	1	corpus-only	Κήναιον
tlg0003.tlg001	νεοκατάστατος	1	corpus-only	νεοκατάστατος
tlg0003.tlg001	ἐκτρυχόω	1	corpus-only	ἐκτρυχόω
tlg0003.tlg001	Ἐλλομενός	1	corpus-only	Ἐλλομενός
tlg0003.tlg001	Παρνασσός	1	corpus-only	Παρνασσός
tlg0003.tlg001	Νέμειος	1	corpus-only	Νέμειος
tlg0003.tlg001	Ἡσίοδος	1	corpus-only	Ἡσίοδος
tlg0003.tlg001	Ποτιδανίη	1	corpus-only	Ποτιδανίη
tlg0003.tlg001	Κροκύλειον	1	corpus-only	Κροκύλειον
tlg0003.tlg001	Βωμοί	1	corpus-only	Βωμοί
tlg0003.tlg001	Καλλιεύς	1	corpus-only	Καλλιεύς
tlg0003.tlg001	ἀνέκβατος	1	corpus-only	ἀνέκβατος
tlg0003.tlg001	Χρόμων	1	corpus-only	Χρόμων
tlg0003.tlg001	περιπίμπρημι	1	corpus-only	περιπίμπρημι
tlg0003.tlg001	περιπόλιον	1	corpus-only	περιπόλιον
tlg0003.tlg001	Ἅληξ	1	corpus-only	Ἅληξ
tlg0003.tlg001	Τόλοφος	1	corpus-only	Τόλοφος
tlg0003.tlg001	Βοριάδης	1	corpus-only	Βοριάδης
tlg0003.tlg001	Τείσανδρος	1	corpus-only	Τείσανδρος
tlg0003.tlg001	Ἀμφισσεύς	1	corpus-only	Ἀμφισσεύς
tlg0003.tlg001	Μυονεύς	1	corpus-only	Μυονεύς
tlg0003.tlg001	δυσείσβολος	1	corpus-only	δυσείσβολος
tlg0003.tlg001	Ἰπνεύς	1	corpus-only	Ἰπνεύς
tlg0003.tlg001	Μεσσάπιος	1	corpus-only	Μεσσάπιος
tlg0003.tlg001	Τριταιεύς	1	corpus-only	Τριταιεύς
tlg0003.tlg001	Χαλαῖος	1	corpus-only	Χαλαῖος
tlg0003.tlg001	Τολοφώνιος	1	corpus-only	Τολοφώνιος
tlg0003.tlg001	Ἥσσιος	1	corpus-only	Ἥσσιος
tlg0003.tlg001	Οἰανθεύς	1	corpus-only	Οἰανθεύς
tlg0003.tlg001	Ὀλπαῖος	1	corpus-only	Ὀλπαῖος
tlg0003.tlg001	Ὑαῖος	1	corpus-only	Ὑαῖος
tlg0003.tlg001	Καλυδών	1	corpus-only	Καλυδών
tlg0003.tlg001	Πλευρών	1	corpus-only	Πλευρών
tlg0003.tlg001	ἴνησσα	1	corpus-only	ἴνησσα
tlg0003.tlg001	σικελικός	1	corpus-only	σικελικός
tlg0003.tlg001	ἄπειμι2	1	corpus-only	ἄπειμι2
tlg0003.tlg001	Καικῖνος	1	corpus-only	Καικῖνος
tlg0003.tlg001	Καπάτων	1	corpus-only	Καπάτων
tlg0003.tlg001	Ἐφέσιος	1	corpus-only	Ἐφέσιος
tlg0003.tlg001	Ἰάονες	1	corpus-only	Ἰάονες
tlg0003.tlg001	Δηλιακός	1	corpus-only	Δηλιακός
tlg0003.tlg001	Ἄρτεμις	1	corpus-only	Ἄρτεμις
tlg0003.tlg001	ὑποκρίνω	1	corpus-only	ὑποκρίνω
tlg0003.tlg001	ἄφημος	1	corpus-only	ἄφημος
tlg0003.tlg001	Ἀριστοτέλης	1	corpus-only	Ἀριστοτέλης
tlg0003.tlg001	Ἱεροφῶν	1	corpus-only	Ἱεροφῶν
tlg0003.tlg001	Ἀντίμνηστος	1	corpus-only	Ἀντίμνηστος
tlg0003.tlg001	Φυτίη	1	corpus-only	Φυτίη
tlg0003.tlg001	Θύαμος	1	corpus-only	Θύαμος
tlg0003.tlg001	Ἀγραῖοι	1	corpus-only	Ἀγραῖοι
tlg0003.tlg001	λοχμώδης	1	corpus-only	λοχμώδης
tlg0003.tlg001	λαχανισμός	1	corpus-only	λαχανισμός
tlg0003.tlg001	ὑπαπᾴδω	1	corpus-only	ὑπαπᾴδω
tlg0003.tlg001	Ἀγραίς	1	corpus-only	Ἀγραίς
tlg0003.tlg001	προαναβαίνω	1	corpus-only	προαναβαίνω
tlg0003.tlg001	συνεξᾴδω	1	corpus-only	συνεξᾴδω
tlg0003.tlg001	Ἰσόλοχος	1	corpus-only	Ἰσόλοχος
tlg0003.tlg001	Σωστρατίδης	1	corpus-only	Σωστρατίδης
tlg0003.tlg001	Καταναῖος	1	corpus-only	Καταναῖος
tlg0003.tlg001	ἐγκαθορμίζομαι	1	corpus-only	ἐγκαθορμίζομαι
tlg0003.tlg001	προαφικνέομαι	1	corpus-only	προαφικνέομαι
tlg0003.tlg001	Μεσσηνία	1	corpus-only	Μεσσηνία
tlg0003.tlg001	οὐπίσω	1	corpus-only	οὐπίσω
tlg0003.tlg001	Σιμωνίδης	1	corpus-only	Σιμωνίδης
tlg0003.tlg001	ἐφορμίζω	1	corpus-only	ἐφορμίζω
tlg0003.tlg001	Σφακτηρία	1	corpus-only	Σφακτηρία
tlg0003.tlg001	βῦζα	1	corpus-only	βῦζα
tlg0003.tlg001	προσσταυρόω	1	corpus-only	προσσταυρόω
tlg0003.tlg001	δυσέμβατος	1	corpus-only	δυσέμβατος
tlg0003.tlg001	προσόρμισις	1	corpus-only	προσόρμισις
tlg0003.tlg001	Θρασυμηλίδας	1	corpus-only	Θρασυμηλίδας
tlg0003.tlg001	Κρατησικλέης	1	corpus-only	Κρατησικλέης
tlg0003.tlg001	παρεξειρεσία	1	corpus-only	παρεξειρεσία
tlg0003.tlg001	φρουρίς	1	corpus-only	φρουρίς
tlg0003.tlg001	Πρωτή	1	corpus-only	Πρωτή
tlg0003.tlg001	ἐπεισπλέω	1	corpus-only	ἐπεισπλέω
tlg0003.tlg001	οἵασπηρ	1	corpus-only	οἵασπηρ
tlg0003.tlg001	ἀνταιτέω	1	corpus-only	ἀνταιτέω
tlg0003.tlg001	ἀνθησσάομαι	1	corpus-only	ἀνθησσάομαι
tlg0003.tlg001	Ὀδυσσεύς	1	corpus-only	Ὀδυσσεύς
tlg0003.tlg001	Τυρσηνικός	1	corpus-only	Τυρσηνικός
tlg0003.tlg001	ἀντεπανάγομαι	1	corpus-only	ἀντεπανάγομαι
tlg0003.tlg001	Πελωρίς	1	corpus-only	Πελωρίς
tlg0003.tlg001	ἀποκολυμβάω	1	corpus-only	ἀποκολυμβάω
tlg0003.tlg001	ἀποσιμόω	1	corpus-only	ἀποσιμόω
tlg0003.tlg001	Ἀρχίας	1	corpus-only	Ἀρχίας
tlg0003.tlg001	Ἀκεσίνης	1	corpus-only	Ἀκεσίνης
tlg0003.tlg001	ἐπεκδρομή	1	corpus-only	ἐπεκδρομή
tlg0003.tlg001	δεμοτελες	1	corpus-only	δεμοτελες
tlg0003.tlg001	κάχληξ	1	corpus-only	κάχληξ
tlg0003.tlg001	εἰσνέω	1	corpus-only	εἰσνέω
tlg0003.tlg001	ὕφυδρος	1	corpus-only	ὕφυδρος
tlg0003.tlg001	ὑποθορυβέω	1	corpus-only	ὑποθορυβέω
tlg0003.tlg001	παραδωσείω	1	corpus-only	παραδωσείω
tlg0003.tlg001	Ἴμβριος	1	corpus-only	Ἴμβριος
tlg0003.tlg001	Αἶνος	1	corpus-only	Αἶνος
tlg0003.tlg001	κουφολογία	1	corpus-only	κουφολογία
tlg0003.tlg001	Αἰτωλικός	1	corpus-only	Αἰτωλικός
tlg0003.tlg001	κατοράω	1	corpus-only	κατοράω
tlg0003.tlg001	εὐαπόβατος	1	corpus-only	εὐαπόβατος
tlg0003.tlg001	ἐπιβιβάζω	1	corpus-only	ἐπιβιβάζω
tlg0003.tlg001	ἐναποκλάω	1	corpus-only	ἐναποκλάω
tlg0003.tlg001	πλάγιον	1	corpus-only	πλάγιον
tlg0003.tlg001	ἐκπλήγνυμι	1	corpus-only	ἐκπλήγνυμι
tlg0003.tlg001	ἔργω1	1	corpus-only	ἔργω1
tlg0003.tlg001	Φάραξ	1	corpus-only	Φάραξ
tlg0003.tlg001	Ἱππάγρετος	1	corpus-only	Ἱππάγρετος
tlg0003.tlg001	διακηρυκεύομαι	1	corpus-only	διακηρυκεύομαι
tlg0003.tlg001	σιτοδοτέω	1	corpus-only	σιτοδοτέω
tlg0003.tlg001	μουντονευμ	1	corpus-only	μουντονευμ
tlg0003.tlg001	μεθώνη	1	corpus-only	μεθώνη
tlg0003.tlg001	τροιζηνία	1	corpus-only	τροιζηνία
tlg0003.tlg001	ἐπιδαύριος	1	corpus-only	ἐπιδαύριος
tlg0003.tlg001	Πτυχίας	1	corpus-only	Πτυχίας
tlg0003.tlg001	μαστιγοφόρος	1	corpus-only	μαστιγοφόρος
tlg0003.tlg001	παραίρημα	1	corpus-only	παραίρημα
tlg0003.tlg001	〈	1	corpus-only	〈
tlg0003.tlg001	Ἄρχιππος	1	corpus-only	Ἄρχιππος
tlg0003.tlg001	Ἀσσύριος	1	corpus-only	Ἀσσύριος
tlg0003.tlg001	ἐπικουρικός	1	corpus-only	ἐπικουρικός
tlg0003.tlg001	Ῥοίτειον	1	corpus-only	Ῥοίτειον
tlg0003.tlg001	Ἀκταίη	1	corpus-only	Ἀκταίη
tlg0003.tlg001	Αἰολικός	1	corpus-only	Αἰολικός
tlg0003.tlg001	Κυθηροδίκης	1	corpus-only	Κυθηροδίκης
tlg0003.tlg001	κυθήριος	1	corpus-only	κυθήριος
tlg0003.tlg001	ἀπροφύλακτος	1	corpus-only	ἀπροφύλακτος
tlg0003.tlg001	ἀνεχέγγυος	1	corpus-only	ἀνεχέγγυος
tlg0003.tlg001	ξοτψρτα	1	corpus-only	ξοτψρτα
tlg0003.tlg001	Λιμηρή	1	corpus-only	Λιμηρή
tlg0003.tlg001	συντειχίζω	1	corpus-only	συντειχίζω
tlg0003.tlg001	Πάτροκλος	1	corpus-only	Πάτροκλος
tlg0003.tlg001	Γελῷος	1	corpus-only	Γελῷος
tlg0003.tlg001	Ἕρμων	1	corpus-only	Ἕρμων
tlg0003.tlg001	Ἰάς	1	corpus-only	Ἰάς
tlg0003.tlg001	Μοργάντιον	1	corpus-only	Μοργάντιον
tlg0003.tlg001	Ἀρίφρων	1	corpus-only	Ἀρίφρων
tlg0003.tlg001	ἀμφηρικός	1	corpus-only	ἀμφηρικός
tlg0003.tlg001	ἀντιμάχομαι	1	corpus-only	ἀντιμάχομαι
tlg0003.tlg001	Νισαῖος	1	corpus-only	Νισαῖος
tlg0003.tlg001	πλίνθον	1	corpus-only	πλίνθον
tlg0003.tlg001	ἀντεπεξελαύνω	1	corpus-only	ἀντεπεξελαύνω
tlg0003.tlg001	ἀκονιτί	1	corpus-only	ἀκονιτί
tlg0003.tlg001	Δημόδοκος	1	corpus-only	Δημόδοκος
tlg0003.tlg001	Ἀνναία	1	corpus-only	Ἀνναία
tlg0003.tlg001	Ἡρακλέωτις	1	corpus-only	Ἡρακλέωτις
tlg0003.tlg001	ξαλες	1	corpus-only	ξαλες
tlg0003.tlg001	Βιθυνός	1	corpus-only	Βιθυνός
tlg0003.tlg001	Χαλκηδών	1	corpus-only	Χαλκηδών
tlg0003.tlg001	Πτοιόδωρος	1	corpus-only	Πτοιόδωρος
tlg0003.tlg001	Θεσπικός	1	corpus-only	Θεσπικός
tlg0003.tlg001	Μινύειος	1	corpus-only	Μινύειος
tlg0003.tlg001	πηανοτις	1	corpus-only	πηανοτις
tlg0003.tlg001	Ταναγραία	1	corpus-only	Ταναγραία
tlg0003.tlg001	παναερυς	1	corpus-only	παναερυς
tlg0003.tlg001	Δῶρος	1	corpus-only	Δῶρος
tlg0003.tlg001	Ἱππολοχίδας	1	corpus-only	Ἱππολοχίδας
tlg0003.tlg001	Τορύλαος	1	corpus-only	Τορύλαος
tlg0003.tlg001	Στρόφακος	1	corpus-only	Στρόφακος
tlg0003.tlg001	Λάρισα	1	corpus-only	Λάρισα
tlg0003.tlg001	Νικονίδας	1	corpus-only	Νικονίδας
tlg0003.tlg001	Ἐνιπεύς	1	corpus-only	Ἐνιπεύς
tlg0003.tlg001	Ἀπιδανός	1	corpus-only	Ἀπιδανός
tlg0003.tlg001	Φάκιον	1	corpus-only	Φάκιον
tlg0003.tlg001	Περραιβία	1	corpus-only	Περραιβία
tlg0003.tlg001	Περραιβοί	1	corpus-only	Περραιβοί
tlg0003.tlg001	ἀντιπαραλυπέω	1	corpus-only	ἀντιπαραλυπέω
tlg0003.tlg001	ἀποδοχή	1	corpus-only	ἀποδοχή
tlg0003.tlg001	Βρομερός	1	corpus-only	Βρομερός
tlg0003.tlg001	τρύγητος	1	corpus-only	τρύγητος
tlg0003.tlg001	ἐπαληθεύω	1	corpus-only	ἐπαληθεύω
tlg0003.tlg001	νήτης	1	corpus-only	νήτης
tlg0003.tlg001	νισαῖος	1	corpus-only	νισαῖος
tlg0003.tlg001	Νικόμαχος	1	corpus-only	Νικόμαχος
tlg0003.tlg001	Φανοτεύς	1	corpus-only	Φανοτεύς
tlg0003.tlg001	παρακαταπήγνυμι	1	corpus-only	παρακαταπήγνυμι
tlg0003.tlg001	προαποχωρέω	1	corpus-only	προαποχωρέω
tlg0003.tlg001	Αἰολάδης	1	corpus-only	Αἰολάδης
tlg0003.tlg001	αριαντηϊδας	1	corpus-only	αριαντηϊδας
tlg0003.tlg001	Λυσιμαχίδης	1	corpus-only	Λυσιμαχίδης
tlg0003.tlg001	ἀντίλεκτος	1	corpus-only	ἀντίλεκτος
tlg0003.tlg001	παροίκησις	1	corpus-only	παροίκησις
tlg0003.tlg001	ὑπερφανάω	1	corpus-only	ὑπερφανάω
tlg0003.tlg001	σύμμορος	1	corpus-only	σύμμορος
tlg0003.tlg001	Ἁλιάρτιος	1	corpus-only	Ἁλιάρτιος
tlg0003.tlg001	Κορωναῖος	1	corpus-only	Κορωναῖος
tlg0003.tlg001	Κωπαιεύς	1	corpus-only	Κωπαιεύς
tlg0003.tlg001	ἐπικέλευσις	1	corpus-only	ἐπικέλευσις
tlg0003.tlg001	ὁμωχέτας	1	corpus-only	ὁμωχέτας
tlg0003.tlg001	ἀκροφύσιον	1	corpus-only	ἀκροφύσιον
tlg0003.tlg001	Ἀρισταγόρας	1	corpus-only	Ἀρισταγόρας
tlg0003.tlg001	Δράβησκος	1	corpus-only	Δράβησκος
tlg0003.tlg001	Ἐννέη	1	corpus-only	Ἐννέη
tlg0003.tlg001	ἅγνων	1	corpus-only	ἅγνων
tlg0003.tlg001	στρυμών	1	corpus-only	στρυμών
tlg0003.tlg001	βρομισξυς	1	corpus-only	βρομισξυς
tlg0003.tlg001	Εὐκλῆς	1	corpus-only	Εὐκλῆς
tlg0003.tlg001	Ὄλορος	1	corpus-only	Ὄλορος
tlg0003.tlg001	διαδικαιόω	1	corpus-only	διαδικαιόω
tlg0003.tlg001	Πιττακός	1	corpus-only	Πιττακός
tlg0003.tlg001	γοαχις	1	corpus-only	γοαχις
tlg0003.tlg001	βραυρο	1	corpus-only	βραυρο
tlg0003.tlg001	Οἰσύμη	1	corpus-only	Οἰσύμη
tlg0003.tlg001	προσαποστέλλω	1	corpus-only	προσαποστέλλω
tlg0003.tlg001	διόρυγμα	1	corpus-only	διόρυγμα
tlg0003.tlg001	Κλεωναί	1	corpus-only	Κλεωναί
tlg0003.tlg001	Ἀκρόθωοι	1	corpus-only	Ἀκρόθωοι
tlg0003.tlg001	Ὀλόφυξος	1	corpus-only	Ὀλόφυξος
tlg0003.tlg001	Τυρρηνός	1	corpus-only	Τυρρηνός
tlg0003.tlg001	Κρηστωνικός	1	corpus-only	Κρηστωνικός
tlg0003.tlg001	διοσξυρι	1	corpus-only	διοσξυρι
tlg0003.tlg001	ἐμφρουρέω	1	corpus-only	ἐμφρουρέω
tlg0003.tlg001	Λυσίστρατος	1	corpus-only	Λυσίστρατος
tlg0003.tlg001	Καναστραῖον	1	corpus-only	Καναστραῖον
tlg0003.tlg001	ἀνολκή	1	corpus-only	ἀνολκή
tlg0003.tlg001	παράφραγμα	1	corpus-only	παράφραγμα
tlg0003.tlg001	προσαφίστημι	1	corpus-only	προσαφίστημι
tlg0003.tlg001	προσκηρυκεύομαι	1	corpus-only	προσκηρυκεύομαι
tlg0003.tlg001	Βουφράς	1	corpus-only	Βουφράς
tlg0003.tlg001	Νῖσος	1	corpus-only	Νῖσος
tlg0003.tlg001	μηδετέρωσε	1	corpus-only	μηδετέρωσε
tlg0003.tlg001	αξαμαντις	1	corpus-only	αξαμαντις
tlg0003.tlg001	Φαίνιππος	1	corpus-only	Φαίνιππος
tlg0003.tlg001	Νικιάδης	1	corpus-only	Νικιάδης
tlg0003.tlg001	λακεδαίμων	1	corpus-only	λακεδαίμων
tlg0003.tlg001	γεράτιος	1	corpus-only	γεράτιος
tlg0003.tlg001	Ἐχετιμίδας	1	corpus-only	Ἐχετιμίδας
tlg0003.tlg001	Περικλείδης	1	corpus-only	Περικλείδης
tlg0003.tlg001	Ἐρυξιλαίς	1	corpus-only	Ἐρυξιλαίς
tlg0003.tlg001	Αἰνείας	1	corpus-only	Αἰνείας
tlg0003.tlg001	Ὤκυτος	1	corpus-only	Ὤκυτος
tlg0003.tlg001	Δαμότιμος	1	corpus-only	Δαμότιμος
tlg0003.tlg001	Ναυκράτης	1	corpus-only	Ναυκράτης
tlg0003.tlg001	Ὀνάσιμος	1	corpus-only	Ὀνάσιμος
tlg0003.tlg001	Μεγακλῆς	1	corpus-only	Μεγακλῆς
tlg0003.tlg001	Νίκασος	1	corpus-only	Νίκασος
tlg0003.tlg001	Κέκαλος	1	corpus-only	Κέκαλος
tlg0003.tlg001	Μενεκράτης	1	corpus-only	Μενεκράτης
tlg0003.tlg001	Ἀμφίδωρος	1	corpus-only	Ἀμφίδωρος
tlg0003.tlg001	Ἀμφίας	1	corpus-only	Ἀμφίας
tlg0003.tlg001	Εὐπαιΐς	1	corpus-only	Εὐπαιΐς
tlg0003.tlg001	ἀντί-καθέζομαι	1	corpus-only	ἀντί-καθέζομαι
tlg0003.tlg001	ἀντεπάγω	1	corpus-only	ἀντεπάγω
tlg0003.tlg001	ἔκδρομος	1	corpus-only	ἔκδρομος
tlg0003.tlg001	ἐπανάσεισις	1	corpus-only	ἐπανάσεισις
tlg0003.tlg001	ἀφίζω	1	corpus-only	ἀφίζω
tlg0003.tlg001	ἐπικομπέω	1	corpus-only	ἐπικομπέω
tlg0003.tlg001	Ἀρνισσα	1	corpus-only	Ἀρνισσα
tlg0003.tlg001	προαναχώρησις	1	corpus-only	προαναχώρησις
tlg0003.tlg001	βοεικός	1	corpus-only	βοεικός
tlg0003.tlg001	συνηθέω	1	corpus-only	συνηθέω
tlg0003.tlg001	πολυδαμίδας	1	corpus-only	πολυδαμίδας
tlg0003.tlg001	ἐκστρατοπεδεύω	1	corpus-only	ἐκστρατοπεδεύω
tlg0003.tlg001	δυσπρόσβατος	1	corpus-only	δυσπρόσβατος
tlg0003.tlg001	στασιασμός	1	corpus-only	στασιασμός
tlg0003.tlg001	ἐπικαθίστημι	1	corpus-only	ἐπικαθίστημι
tlg0003.tlg001	ἀντεπεξέρχομαι	1	corpus-only	ἀντεπεξέρχομαι
tlg0003.tlg001	περδίκκας	1	corpus-only	περδίκκας
tlg0003.tlg001	νικίας	1	corpus-only	νικίας
tlg0003.tlg001	θεσσαλία	1	corpus-only	θεσσαλία
tlg0003.tlg001	ξένος1	1	corpus-only	ξένος1
tlg0003.tlg001	Ἀμεινίας	1	corpus-only	Ἀμεινίας
tlg0003.tlg001	Κλεώνυμος	1	corpus-only	Κλεώνυμος
tlg0003.tlg001	Ἡγήσανδρος	1	corpus-only	Ἡγήσανδρος
tlg0003.tlg001	ἐπικαταδαρθάνω	1	corpus-only	ἐπικαταδαρθάνω
tlg0003.tlg001	πηαεινις	1	corpus-only	πηαεινις
tlg0003.tlg001	Λαοδίκεια	1	corpus-only	Λαοδίκεια
tlg0003.tlg001	Ὄρεσθας	1	corpus-only	Ὄρεσθας
tlg0003.tlg001	ἀμφιδήριτος	1	corpus-only	ἀμφιδήριτος
tlg0003.tlg001	Βουκολιών	1	corpus-only	Βουκολιών
tlg0003.tlg001	Ἀδραμύττειον	1	corpus-only	Ἀδραμύττειον
tlg0003.tlg001	Ἐρασίστρατος	1	corpus-only	Ἐρασίστρατος
tlg0003.tlg001	Ἀκραγαντῖνος	1	corpus-only	Ἀκραγαντῖνος
tlg0003.tlg001	Κατάνη	1	corpus-only	Κατάνη
tlg0003.tlg001	παρακομιδή	1	corpus-only	παρακομιδή
tlg0003.tlg001	Ἱππωνιεύς	1	corpus-only	Ἱππωνιεύς
tlg0003.tlg001	Μεδμαῖος	1	corpus-only	Μεδμαῖος
tlg0003.tlg001	πολλες	1	corpus-only	πολλες
tlg0003.tlg001	Ὀδόμαντες	1	corpus-only	Ὀδόμαντες
tlg0003.tlg001	ἀντικάθημαι	1	corpus-only	ἀντικάθημαι
tlg0003.tlg001	ἐπέξοδος	1	corpus-only	ἐπέξοδος
tlg0003.tlg001	πρόοψις	1	corpus-only	πρόοψις
tlg0003.tlg001	ὑπάπειμι	1	corpus-only	ὑπάπειμι
tlg0003.tlg001	σεαυτοῦ	1	corpus-only	σεαυτοῦ
tlg0003.tlg001	κλέων	1	corpus-only	κλέων
tlg0003.tlg001	οἴκισις	1	corpus-only	οἴκισις
tlg0003.tlg001	προεκφόβησις	1	corpus-only	προεκφόβησις
tlg0003.tlg001	Αὐτοχαρίδας	1	corpus-only	Αὐτοχαρίδας
tlg0003.tlg001	Ἐπικυδίδας	1	corpus-only	Ἐπικυδίδας
tlg0003.tlg001	Πιέριον	1	corpus-only	Πιέριον
tlg0003.tlg001	οὔπως	1	corpus-only	οὔπως
tlg0003.tlg001	ἐνθυμία	1	corpus-only	ἐνθυμία
tlg0003.tlg001	εὐλάκα	1	corpus-only	εὐλάκα
tlg0003.tlg001	προσρέπω	1	corpus-only	προσρέπω
tlg0003.tlg001	προεπανασείω	1	corpus-only	προεπανασείω
tlg0003.tlg001	αὐτόδικος	1	corpus-only	αὐτόδικος
tlg0003.tlg001	Ἄργιλος	1	corpus-only	Ἄργιλος
tlg0003.tlg001	Μηκυβερναῖος	1	corpus-only	Μηκυβερναῖος
tlg0003.tlg001	Σιγγαῖοι	1	corpus-only	Σιγγαῖοι
tlg0003.tlg001	Πτελεόν	1	corpus-only	Πτελεόν
tlg0003.tlg001	Ἰσθμοῖ	1	corpus-only	Ἰσθμοῖ
tlg0003.tlg001	Ἀρτεμίσιος	1	corpus-only	Ἀρτεμίσιος
tlg0003.tlg001	Διονύσιον	1	corpus-only	Διονύσιον
tlg0003.tlg001	αὐτόδεκα	1	corpus-only	αὐτόδεκα
tlg0003.tlg001	ἀπαρίθμησις	1	corpus-only	ἀπαρίθμησις
tlg0003.tlg001	μετακινητός	1	corpus-only	μετακινητός
tlg0003.tlg001	αμπελιδας	1	corpus-only	αμπελιδας
tlg0003.tlg001	Λίχης	1	corpus-only	Λίχης
tlg0003.tlg001	ἐπιμαχέω	1	corpus-only	ἐπιμαχέω
tlg0003.tlg001	εἰσήγησις	1	corpus-only	εἰσήγησις
tlg0003.tlg001	Λερεάτης	1	corpus-only	Λερεάτης
tlg0003.tlg001	ἀνέζομαι	1	corpus-only	ἀνέζομαι
tlg0003.tlg001	ἐπισπονδή	1	corpus-only	ἐπισπονδή
tlg0003.tlg001	πεντηκοντουτίς	1	corpus-only	πεντηκοντουτίς
tlg0003.tlg001	ἀθήναζε	1	corpus-only	ἀθήναζε
tlg0003.tlg001	Παρρασικός	1	corpus-only	Παρρασικός
tlg0003.tlg001	Σκιρῖτις	1	corpus-only	Σκιρῖτις
tlg0003.tlg001	ἀναγάζω	1	corpus-only	ἀναγάζω
tlg0003.tlg001	Μηκύβερνα	1	corpus-only	Μηκύβερνα
tlg0003.tlg001	Αἴσωνα	1	corpus-only	Αἴσωνα
tlg0003.tlg001	Ἀνθήνη	1	corpus-only	Ἀνθήνη
tlg0003.tlg001	Ἀντιμενίδας	1	corpus-only	Ἀντιμενίδας
tlg0003.tlg001	ἀρτύνας	1	corpus-only	ἀρτύνας
tlg0003.tlg001	θεσμοφύλαξ	1	corpus-only	θεσμοφύλαξ
tlg0003.tlg001	Παναθήναια	1	corpus-only	Παναθήναια
tlg0003.tlg001	συνεπιστρατεύω	1	corpus-only	συνεπιστρατεύω
tlg0003.tlg001	Ἀνδροσθένης	1	corpus-only	Ἀνδροσθένης
tlg0003.tlg001	πηρψξυς	1	corpus-only	πηρψξυς
tlg0003.tlg001	θύω1	1	corpus-only	θύω1
tlg0003.tlg001	λεπρεάτης	1	corpus-only	λεπρεάτης
tlg0003.tlg001	Ἅρπινα	1	corpus-only	Ἅρπινα
tlg0003.tlg001	Αἰνιάν	1	corpus-only	Αἰνιάν
tlg0003.tlg001	Πατρεύς	1	corpus-only	Πατρεύς
tlg0003.tlg001	Πυθαεύς	1	corpus-only	Πυθαεύς
tlg0003.tlg001	βοτάμια	1	corpus-only	βοτάμια
tlg0003.tlg001	Σκύλλαιον	1	corpus-only	Σκύλλαιον
tlg0003.tlg001	Λεῦκτρα	1	corpus-only	Λεῦκτρα
tlg0003.tlg001	ξαρνευς	1	corpus-only	ξαρνευς
tlg0003.tlg001	Κάρνειος	1	corpus-only	Κάρνειος
tlg0003.tlg001	συγκάθημαι	1	corpus-only	συγκάθημαι
tlg0003.tlg001	Καρύαι	1	corpus-only	Καρύαι
tlg0003.tlg001	Μεθύδριον	1	corpus-only	Μεθύδριον
tlg0003.tlg001	καταβάω	1	corpus-only	καταβάω
tlg0003.tlg001	Σικυώνια	1	corpus-only	Σικυώνια
tlg0003.tlg001	Σάμινθος	1	corpus-only	Σάμινθος
tlg0003.tlg001	Ἀρκαδικός	1	corpus-only	Ἀρκαδικός
tlg0003.tlg001	Ὀρέσθειον	1	corpus-only	Ὀρέσθειον
tlg0003.tlg001	Ὀρεσθεῖον	1	corpus-only	Ὀρεσθεῖον
tlg0003.tlg001	ἐπιβόημα	1	corpus-only	ἐπιβόημα
tlg0003.tlg001	Τεγεᾶτις	1	corpus-only	Τεγεᾶτις
tlg0003.tlg001	Ἡράκλειον	1	corpus-only	Ἡράκλειον
tlg0003.tlg001	πεντηκοντήρ	1	corpus-only	πεντηκοντήρ
tlg0003.tlg001	ἐνωμοτάρχης	1	corpus-only	ἐνωμοτάρχης
tlg0003.tlg001	Ἡραιεύς	1	corpus-only	Ἡραιεύς
tlg0003.tlg001	χάριν	1	corpus-only	χάριν
tlg0003.tlg001	περιίσχω	1	corpus-only	περιίσχω
tlg0003.tlg001	προσστέλλω	1	corpus-only	προσστέλλω
tlg0003.tlg001	εὐσκέπαστος	1	corpus-only	εὐσκέπαστος
tlg0003.tlg001	πρωτοστάτης	1	corpus-only	πρωτοστάτης
tlg0003.tlg001	κλεωναῖος	1	corpus-only	κλεωναῖος
tlg0003.tlg001	ὀρνεάτης	1	corpus-only	ὀρνεάτης
tlg0003.tlg001	ἔπειμι2	1	corpus-only	ἔπειμι2
tlg0003.tlg001	ἐγγιγνώσκω	1	corpus-only	ἐγγιγνώσκω
tlg0003.tlg001	περιειστήκω	1	corpus-only	περιειστήκω
tlg0003.tlg001	Ἡραῖος	1	corpus-only	Ἡραῖος
tlg0003.tlg001	συγκαταλείπω	1	corpus-only	συγκαταλείπω
tlg0003.tlg001	ἐξεκβάω	1	corpus-only	ἐξεκβάω
tlg0003.tlg001	σῦμα	1	corpus-only	σῦμα
tlg0003.tlg001	ἀμοθεί	1	corpus-only	ἀμοθεί
tlg0003.tlg001	Πελοποννήσιοι	1	corpus-only	Πελοποννήσιοι
tlg0003.tlg001	κοινανέω	1	corpus-only	κοινανέω
tlg0003.tlg001	αὐτόπολις	1	corpus-only	αὐτόπολις
tlg0003.tlg001	συμφύλαξ	1	corpus-only	συμφύλαξ
tlg0003.tlg001	Κλεομήδης	1	corpus-only	Κλεομήδης
tlg0003.tlg001	Τεισίας	1	corpus-only	Τεισίας
tlg0003.tlg001	Τεισίμαχος	1	corpus-only	Τεισίμαχος
tlg0003.tlg001	Ἀργεία	1	corpus-only	Ἀργεία
tlg0003.tlg001	Φιλοκράτης	1	corpus-only	Φιλοκράτης
tlg0003.tlg001	Δημέας	1	corpus-only	Δημέας
tlg0059.tlg001	Σωκράτης	41	corpus-only	Σωκράτης
tlg0059.tlg001	Εὐθύφρων	40	corpus-only	Εὐθύφρων
tlg0059.tlg001	που	16	corpus-only	που
tlg0059.tlg001	Μέλητος	7	corpus-only	Μέλητος
tlg0059.tlg001	σεαυτοῦ	6	corpus-only	σεαυτοῦ
tlg0059.tlg001	ὅπῃ	5	corpus-only	ὅπῃ
tlg0059.tlg001	ἐπειδή	4	corpus-only	ἐπειδή
tlg0059.tlg001	Ἀθηναῖος	2	corpus-only	Ἀθηναῖος
tlg0059.tlg001	Πιτθεύς	2	corpus-only	Πιτθεύς
tlg0059.tlg001	εὐθύφρων	2	corpus-only	εὐθύφρων
tlg0059.tlg001	καταλείπω	1	corpus-only	καταλείπω
tlg0059.tlg001	Ἡρακλέης	1	corpus-only	Ἡρακλέης
tlg0059.tlg001	Νάξος	1	corpus-only	Νάξος
tlg0059.tlg001	καταποικίλλω	1	corpus-only	καταποικίλλω
tlg0059.tlg001	Παναθήναια	1	corpus-only	Παναθήναια
tlg0059.tlg001	Ἥφαιστος	1	corpus-only	Ἥφαιστος
tlg0059.tlg001	ὁστισοῦν	1	corpus-only	ὁστισοῦν
tlg0059.tlg001	πάμπολυς	1	corpus-only	πάμπολυς
tlg0059.tlg001	Τάνταλος	1	corpus-only	Τάνταλος
tlg0059.tlg002	Ἀθηναῖος	48	corpus-only	Ἀθηναῖος
tlg0059.tlg002	Μέλητος	34	corpus-only	Μέλητος
tlg0059.tlg002	Σωκράτης	19	corpus-only	Σωκράτης
tlg0059.tlg002	Ἄνυτος	12	corpus-only	Ἄνυτος
tlg0059.tlg002	ἐπειδή	8	corpus-only	ἐπειδή
tlg0059.tlg002	που	7	corpus-only	που
tlg0059.tlg002	εἴωθα	5	corpus-only	εἴωθα
tlg0059.tlg002	ὅπῃ	3	corpus-only	ὅπῃ
tlg0059.tlg002	οἷ	3	corpus-only	οἷ
tlg0059.tlg002	Ἕκτωρ	3	corpus-only	Ἕκτωρ
tlg0059.tlg002	ἐπιλανθάνω	2	corpus-only	ἐπιλανθάνω
tlg0059.tlg002	ἀπολογέω	2	corpus-only	ἀπολογέω
tlg0059.tlg002	Καλλίης	2	corpus-only	Καλλίης
tlg0059.tlg002	Εὔηνος	2	corpus-only	Εὔηνος
tlg0059.tlg002	Δελφοί	2	corpus-only	Δελφοί
tlg0059.tlg002	Χαιρεφῶν	2	corpus-only	Χαιρεφῶν
tlg0059.tlg002	σεαυτοῦ	2	corpus-only	σεαυτοῦ
tlg0059.tlg002	Ἀναξαγόρης	2	corpus-only	Ἀναξαγόρης
tlg0059.tlg002	ὁστισοῦν	2	corpus-only	ὁστισοῦν
tlg0059.tlg002	ᾍδης	2	corpus-only	ᾍδης
tlg0059.tlg002	Σαλαμίς	2	corpus-only	Σαλαμίς
tlg0059.tlg002	Κρίτων	2	corpus-only	Κρίτων
tlg0059.tlg002	Κριτόβουλος	2	corpus-only	Κριτόβουλος
tlg0059.tlg002	Θεόδοτος	2	corpus-only	Θεόδοτος
tlg0059.tlg002	Πλάτων	2	corpus-only	Πλάτων
tlg0059.tlg002	Ἀπολλόδωρος	2	corpus-only	Ἀπολλόδωρος
tlg0059.tlg002	ἐπέχω	2	corpus-only	ἐπέχω
tlg0059.tlg002	Ἀριστοφάνης	1	corpus-only	Ἀριστοφάνης
tlg0059.tlg002	Γοργίης	1	corpus-only	Γοργίης
tlg0059.tlg002	Λεοντῖνος	1	corpus-only	Λεοντῖνος
tlg0059.tlg002	Ἱππίης	1	corpus-only	Ἱππίης
tlg0059.tlg002	Ἠλεῖος	1	corpus-only	Ἠλεῖος
tlg0059.tlg002	προῖκα	1	corpus-only	προῖκα
tlg0059.tlg002	ἀπολείπω	1	corpus-only	ἀπολείπω
tlg0059.tlg002	Ἱππόνικος	1	corpus-only	Ἱππόνικος
tlg0059.tlg002	Πυθία	1	corpus-only	Πυθία
tlg0059.tlg002	προσχράω	1	corpus-only	προσχράω
tlg0059.tlg002	ἐμπίμπλημι	1	corpus-only	ἐμπίμπλημι
tlg0059.tlg002	πλησίον	1	corpus-only	πλησίον
tlg0059.tlg002	Κλαζομένιος	1	corpus-only	Κλαζομένιος
tlg0059.tlg002	συνεπισκοπέω	1	corpus-only	συνεπισκοπέω
tlg0059.tlg002	Θέτις	1	corpus-only	Θέτις
tlg0059.tlg002	Πάτροκλος	1	corpus-only	Πάτροκλος
tlg0059.tlg002	Ποτείδαια	1	corpus-only	Ποτείδαια
tlg0059.tlg002	Δήλιον	1	corpus-only	Δήλιον
tlg0059.tlg002	Ἀντιοχίς	1	corpus-only	Ἀντιοχίς
tlg0059.tlg002	Σαλαμίνιος	1	corpus-only	Σαλαμίνιος
tlg0059.tlg002	Σφήττιος	1	corpus-only	Σφήττιος
tlg0059.tlg002	Αἰσχίνης	1	corpus-only	Αἰσχίνης
tlg0059.tlg002	Ἀντιφῶν	1	corpus-only	Ἀντιφῶν
tlg0059.tlg002	Κηφισιεύς	1	corpus-only	Κηφισιεύς
tlg0059.tlg002	Ἐπιγένης	1	corpus-only	Ἐπιγένης
tlg0059.tlg002	Νικόστρατος	1	corpus-only	Νικόστρατος
tlg0059.tlg002	Θεοζοτίδης	1	corpus-only	Θεοζοτίδης
tlg0059.tlg002	Δημόδοκος	1	corpus-only	Δημόδοκος
tlg0059.tlg002	Θεάγης	1	corpus-only	Θεάγης
tlg0059.tlg002	Ἀρίστων	1	corpus-only	Ἀρίστων
tlg0059.tlg002	Αἰαντόδωρος	1	corpus-only	Αἰαντόδωρος
tlg0059.tlg002	Ὀλυμπίασι	1	corpus-only	Ὀλυμπίασι
tlg0059.tlg002	Μίνως	1	corpus-only	Μίνως
tlg0059.tlg002	Ῥαδάμανθυς	1	corpus-only	Ῥαδάμανθυς
tlg0059.tlg002	Αἰακός	1	corpus-only	Αἰακός
tlg0059.tlg002	Τριπτόλεμος	1	corpus-only	Τριπτόλεμος
tlg0059.tlg002	Μουσαῖος	1	corpus-only	Μουσαῖος
tlg0059.tlg002	Ἡσίοδος	1	corpus-only	Ἡσίοδος
tlg0059.tlg002	Παλαμήδης	1	corpus-only	Παλαμήδης
tlg0059.tlg002	Ὀδυσσεύς	1	corpus-only	Ὀδυσσεύς
tlg0059.tlg002	Σίσυφος	1	corpus-only	Σίσυφος
tlg0059.tlg003	Σωκράτης	33	corpus-only	Σωκράτης
tlg0059.tlg003	Κρίτων	22	corpus-only	Κρίτων
tlg0059.tlg003	σεαυτοῦ	12	corpus-only	σεαυτοῦ
tlg0059.tlg003	Θεσσαλία	7	corpus-only	Θεσσαλία
tlg0059.tlg003	ἐπειδή	7	corpus-only	ἐπειδή
tlg0059.tlg003	Ἀθηναῖος	7	corpus-only	Ἀθηναῖος
tlg0059.tlg003	που	5	corpus-only	που
tlg0059.tlg003	εἴωθα	3	corpus-only	εἴωθα
tlg0059.tlg003	ᾍδης	3	corpus-only	ᾍδης
tlg0059.tlg003	καταλείπω	2	corpus-only	καταλείπω
tlg0059.tlg003	ὁστισοῦν	2	corpus-only	ὁστισοῦν
tlg0059.tlg003	Σούνιον	1	corpus-only	Σούνιον
tlg0059.tlg003	εἰστερέω	1	corpus-only	εἰστερέω
tlg0059.tlg003	Σιμμίας	1	corpus-only	Σιμμίας
tlg0059.tlg003	Θηβαῖος	1	corpus-only	Θηβαῖος
tlg0059.tlg003	Κέβης	1	corpus-only	Κέβης
tlg0059.tlg003	ἀφίστημι	1	corpus-only	ἀφίστημι
tlg0059.tlg003	Λακεδαίμων	1	corpus-only	Λακεδαίμων
tlg0059.tlg003	Κρήτη	1	corpus-only	Κρήτη
tlg0059.tlg003	Ἑλληνίς	1	corpus-only	Ἑλληνίς
tlg0059.tlg003	Θήβαζε	1	corpus-only	Θήβαζε
tlg0059.tlg011	Σωκράτης	111	corpus-only	Σωκράτης
tlg0059.tlg011	Ἐρυξίμαχος	29	corpus-only	Ἐρυξίμαχος
tlg0059.tlg011	ἐπειδή	22	corpus-only	ἐπειδή
tlg0059.tlg011	Ἀλκιβιάδης	17	corpus-only	Ἀλκιβιάδης
tlg0059.tlg011	Ἀριστοφάνης	16	corpus-only	Ἀριστοφάνης
tlg0059.tlg011	ὁστισοῦν	11	corpus-only	ὁστισοῦν
tlg0059.tlg011	Ἀριστόδημος	10	corpus-only	Ἀριστόδημος
tlg0059.tlg011	Παυσανίας	10	corpus-only	Παυσανίας
tlg0059.tlg011	που	10	corpus-only	που
tlg0059.tlg011	Διοτίμα	9	corpus-only	Διοτίμα
tlg0059.tlg011	εἴωθα	8	corpus-only	εἴωθα
tlg0059.tlg011	σεαυτοῦ	7	corpus-only	σεαυτοῦ
tlg0059.tlg011	Ἀχιλλεύς	5	corpus-only	Ἀχιλλεύς
tlg0059.tlg011	κατοράω	4	corpus-only	κατοράω
tlg0059.tlg011	Ἀπολλόδωρος	4	corpus-only	Ἀπολλόδωρος
tlg0059.tlg011	ὅπῃ	4	corpus-only	ὅπῃ
tlg0059.tlg011	Ἡσίοδος	4	corpus-only	Ἡσίοδος
tlg0059.tlg011	Ἄλκηστις	4	corpus-only	Ἄλκηστις
tlg0059.tlg011	ᾍδης	4	corpus-only	ᾍδης
tlg0059.tlg011	Πάτροκλος	4	corpus-only	Πάτροκλος
tlg0059.tlg011	καταλείπω	4	corpus-only	καταλείπω
tlg0059.tlg011	ἀπολείπω	4	corpus-only	ἀπολείπω
tlg0059.tlg011	πάμπολυς	4	corpus-only	πάμπολυς
tlg0059.tlg011	Ἕλλην	3	corpus-only	Ἕλλην
tlg0059.tlg011	ἐγκώμιον	3	corpus-only	ἐγκώμιον
tlg0059.tlg011	ᾁδω	3	corpus-only	ᾁδω
tlg0059.tlg011	Λακεδαίμων	3	corpus-only	Λακεδαίμων
tlg0059.tlg011	σι—ληνός	3	corpus-only	σι—ληνός
tlg0059.tlg011	Μαρσύας	3	corpus-only	Μαρσύας
tlg0059.tlg011	Γλαύκων	2	corpus-only	Γλαύκων
tlg0059.tlg011	Ἀγαμέμνων	2	corpus-only	Ἀγαμέμνων
tlg0059.tlg011	Μενέλαος	2	corpus-only	Μενέλαος
tlg0059.tlg011	Διόνυσος	2	corpus-only	Διόνυσος
tlg0059.tlg011	Ἀκουμενός	2	corpus-only	Ἀκουμενός
tlg0059.tlg011	Ἡρακλῆς	2	corpus-only	Ἡρακλῆς
tlg0059.tlg011	Χάος	2	corpus-only	Χάος
tlg0059.tlg011	Παρμενίδης	2	corpus-only	Παρμενίδης
tlg0059.tlg011	πός	2	corpus-only	πός
tlg0059.tlg011	μοῦσαι	2	corpus-only	μοῦσαι
tlg0059.tlg011	Ἥφαιστος	2	corpus-only	Ἥφαιστος
tlg0059.tlg011	Γοργίας	2	corpus-only	Γοργίας
tlg0059.tlg011	Μαντινέη	2	corpus-only	Μαντινέη
tlg0059.tlg011	Ἀθηναῖος	2	corpus-only	Ἀθηναῖος
tlg0059.tlg011	συμμείγνυμι	2	corpus-only	συμμείγνυμι
tlg0059.tlg011	Περικλῆς	2	corpus-only	Περικλῆς
tlg0059.tlg011	Ποτείδαια	2	corpus-only	Ποτείδαια
tlg0059.tlg011	Λάχης	2	corpus-only	Λάχης
tlg0059.tlg011	Φαληρόθεν	1	corpus-only	Φαληρόθεν
tlg0059.tlg011	Φαληρεύς	1	corpus-only	Φαληρεύς
tlg0059.tlg011	Κυδαθηναιεύς	1	corpus-only	Κυδαθηναιεύς
tlg0059.tlg011	ἀφίστημι	1	corpus-only	ἀφίστημι
tlg0059.tlg011	μεταπέμπομαι	1	corpus-only	μεταπέμπομαι
tlg0059.tlg011	Μυρρινούσιος	1	corpus-only	Μυρρινούσιος
tlg0059.tlg011	Μελανίππη	1	corpus-only	Μελανίππη
tlg0059.tlg011	Φαῖδρας	1	corpus-only	Φαῖδρας
tlg0059.tlg011	Ἀκουσίλεως	1	corpus-only	Ἀκουσίλεως
tlg0059.tlg011	Πέλιος	1	corpus-only	Πέλιος
tlg0059.tlg011	ἀνέζομαι	1	corpus-only	ἀνέζομαι
tlg0059.tlg011	Οἴαγρος	1	corpus-only	Οἴαγρος
tlg0059.tlg011	Θέτις	1	corpus-only	Θέτις
tlg0059.tlg011	Ἕκτωρ	1	corpus-only	Ἕκτωρ
tlg0059.tlg011	Αἰσχύλος	1	corpus-only	Αἰσχύλος
tlg0059.tlg011	Διώνη	1	corpus-only	Διώνη
tlg0059.tlg011	ἔπιπνος	1	corpus-only	ἔπιπνος
tlg0059.tlg011	οἷ	1	corpus-only	οἷ
tlg0059.tlg011	Ἦλις	1	corpus-only	Ἦλις
tlg0059.tlg011	Βοιωτός	1	corpus-only	Βοιωτός
tlg0059.tlg011	Ἰωνία	1	corpus-only	Ἰωνία
tlg0059.tlg011	Ἀριστογείτων	1	corpus-only	Ἀριστογείτων
tlg0059.tlg011	συμπίπτω	1	corpus-only	συμπίπτω
tlg0059.tlg011	πταίρω%	1	corpus-only	πταίρω%
tlg0059.tlg011	Ἀσκληπιός	1	corpus-only	Ἀσκληπιός
tlg0059.tlg011	Ἡράκλειτος	1	corpus-only	Ἡράκλειτος
tlg0059.tlg011	Πολύμνια	1	corpus-only	Πολύμνια
tlg0059.tlg011	Ἐφιάλτης	1	corpus-only	Ἐφιάλτης
tlg0059.tlg011	Ὦτος	1	corpus-only	Ὦτος
tlg0059.tlg011	ὄον	1	corpus-only	ὄον
tlg0059.tlg011	ἐκλεαίνω	1	corpus-only	ἐκλεαίνω
tlg0059.tlg011	ἑταιρίστρια	1	corpus-only	ἑταιρίστρια
tlg0059.tlg011	Ἀρκάς	1	corpus-only	Ἀρκάς
tlg0059.tlg011	Λακεδαιμόνιος	1	corpus-only	Λακεδαιμόνιος
tlg0059.tlg011	λίσπη	1	corpus-only	λίσπη
tlg0059.tlg011	Ἰαπετός	1	corpus-only	Ἰαπετός
tlg0059.tlg011	Ἀθήνη	1	corpus-only	Ἀθήνη
tlg0059.tlg011	μείγνυμι	1	corpus-only	μείγνυμι
tlg0059.tlg011	Μῆτις	1	corpus-only	Μῆτις
tlg0059.tlg011	Εἰλείθυια	1	corpus-only	Εἰλείθυια
tlg0059.tlg011	πτοίησις	1	corpus-only	πτοίησις
tlg0059.tlg011	Διανοή	1	corpus-only	Διανοή
tlg0059.tlg011	χάριν	1	corpus-only	χάριν
tlg0059.tlg011	Κόδρος	1	corpus-only	Κόδρος
tlg0059.tlg011	Λυκοῦργος	1	corpus-only	Λυκοῦργος
tlg0059.tlg011	φθίνω	1	corpus-only	φθίνω
tlg0059.tlg011	παρακαθέζομαι	1	corpus-only	παρακαθέζομαι
tlg0059.tlg011	Ὑπολύετος	1	corpus-only	Ὑπολύετος
tlg0059.tlg011	ἐμπίμπλημι	1	corpus-only	ἐμπίμπλημι
tlg0059.tlg011	Ποσειδῶν	1	corpus-only	Ποσειδῶν
tlg0059.tlg011	σιληνώδης	1	corpus-only	σιληνώδης
tlg0059.tlg011	περιανέω	1	corpus-only	περιανέω
tlg0059.tlg011	καταδεδαρθάω	1	corpus-only	καταδεδαρθάω
tlg0059.tlg011	Δήλιος	1	corpus-only	Δήλιος
tlg0059.tlg011	Βρασίδας	1	corpus-only	Βρασίδας
tlg0059.tlg011	Νέστωρ	1	corpus-only	Νέστωρ
tlg0059.tlg011	Ἀντήνωρ	1	corpus-only	Ἀντήνωρ
tlg0059.tlg011	Χαρμίδης	1	corpus-only	Χαρμίδης
tlg0059.tlg011	Εὐθύδημος	1	corpus-only	Εὐθύδημος
tlg0059.tlg011	Διοκλῆς	1	corpus-only	Διοκλῆς
tlg0059.tlg011	σιληνικός	1	corpus-only	σιληνικός
tlg0059.tlg030	που	167	corpus-only	που
tlg0059.tlg030	Γλαύκων	83	corpus-only	Γλαύκων
tlg0059.tlg030	Σωκράτης	78	corpus-only	Σωκράτης
tlg0059.tlg030	ἐπειδή	62	corpus-only	ἐπειδή
tlg0059.tlg030	ὅπῃ	30	corpus-only	ὅπῃ
tlg0059.tlg030	πῇ	19	corpus-only	πῇ
tlg0059.tlg030	Ἕλλην	16	corpus-only	Ἕλλην
tlg0059.tlg030	εἴωθα	15	corpus-only	εἴωθα
tlg0059.tlg030	ἐμπίπτω	15	corpus-only	ἐμπίπτω
tlg0059.tlg030	ᾍδης	13	corpus-only	ᾍδης
tlg0059.tlg030	ἀφίστημι	13	corpus-only	ἀφίστημι
tlg0059.tlg030	ὁστισοῦν	12	corpus-only	ὁστισοῦν
tlg0059.tlg030	ἀπολείπω	12	corpus-only	ἀπολείπω
tlg0059.tlg030	μείγνυμι	12	corpus-only	μείγνυμι
tlg0059.tlg030	κατοράω	11	corpus-only	κατοράω
tlg0059.tlg030	χάριν	11	corpus-only	χάριν
tlg0059.tlg030	ἐμπίμπλημι	11	corpus-only	ἐμπίμπλημι
tlg0059.tlg030	προσλέγω	11	corpus-only	προσλέγω
tlg0059.tlg030	Σιμωνίδης	10	corpus-only	Σιμωνίδης
tlg0059.tlg030	φυλακικός	9	corpus-only	φυλακικός
tlg0059.tlg030	Κέφαλος	8	corpus-only	Κέφαλος
tlg0059.tlg030	σεαυτοῦ	8	corpus-only	σεαυτοῦ
tlg0059.tlg030	Ἡσίοδος	8	corpus-only	Ἡσίοδος
tlg0059.tlg030	ἐκπίπτω	8	corpus-only	ἐκπίπτω
tlg0059.tlg030	καταλείπω	7	corpus-only	καταλείπω
tlg0059.tlg030	ἐπιλανθάνω	7	corpus-only	ἐπιλανθάνω
tlg0059.tlg030	Ἀγαμέμνων	7	corpus-only	Ἀγαμέμνων
tlg0059.tlg030	οἷ	7	corpus-only	οἷ
tlg0059.tlg030	Ἀσκληπιός	7	corpus-only	Ἀσκληπιός
tlg0059.tlg030	Αἰσχύλος	6	corpus-only	Αἰσχύλος
tlg0059.tlg030	πάμπολυς	6	corpus-only	πάμπολυς
tlg0059.tlg030	Ἀχαιός	6	corpus-only	Ἀχαιός
tlg0059.tlg030	πειθώ	5	corpus-only	πειθώ
tlg0059.tlg030	ποτόν	5	corpus-only	ποτόν
tlg0059.tlg030	Ἀχιλλεύς	5	corpus-only	Ἀχιλλεύς
tlg0059.tlg030	Ἀρίστων	4	corpus-only	Ἀρίστων
tlg0059.tlg030	Κλειτοφῶν	4	corpus-only	Κλειτοφῶν
tlg0059.tlg030	Πάτροκλος	4	corpus-only	Πάτροκλος
tlg0059.tlg030	συμπίπτω	4	corpus-only	συμπίπτω
tlg0059.tlg030	προσπίπτω	4	corpus-only	προσπίπτω
tlg0059.tlg030	ἄκεντρος	4	corpus-only	ἄκεντρος
tlg0059.tlg030	Ἄτροπος	4	corpus-only	Ἄτροπος
tlg0059.tlg030	Πειραιεύς	3	corpus-only	Πειραιεύς
tlg0059.tlg030	Σοφοκλῆς	3	corpus-only	Σοφοκλῆς
tlg0059.tlg030	Πίνδαρος	3	corpus-only	Πίνδαρος
tlg0059.tlg030	ἀχρηστία	3	corpus-only	ἀχρηστία
tlg0059.tlg030	μισθωτικός	3	corpus-only	μισθωτικός
tlg0059.tlg030	ἐπιστατητέον	3	corpus-only	ἐπιστατητέον
tlg0059.tlg030	Ἥφαιστος	3	corpus-only	Ἥφαιστος
tlg0059.tlg030	παραδεκτέος	3	corpus-only	παραδεκτέος
tlg0059.tlg030	σκυτοτομία	3	corpus-only	σκυτοτομία
tlg0059.tlg030	ἐπέχω	3	corpus-only	ἐπέχω
tlg0059.tlg030	Δάμων	3	corpus-only	Δάμων
tlg0059.tlg030	νεανίας	3	corpus-only	νεανίας
tlg0059.tlg030	συμμείγνυμι	3	corpus-only	συμμείγνυμι
tlg0059.tlg030	μαχέομαι	3	corpus-only	μαχέομαι
tlg0059.tlg030	συνέχω	3	corpus-only	συνέχω
tlg0059.tlg030	παρακλητικός	3	corpus-only	παρακλητικός
tlg0059.tlg030	ἀναλωτικός	3	corpus-only	ἀναλωτικός
tlg0059.tlg030	κλινοποιός	3	corpus-only	κλινοποιός
tlg0059.tlg030	Ἀρδιαῖος	3	corpus-only	Ἀρδιαῖος
tlg0059.tlg030	Σερίφιος	2	corpus-only	Σερίφιος
tlg0059.tlg030	Ὀδυσσεύς	2	corpus-only	Ὀδυσσεύς
tlg0059.tlg030	ποιμενικός	2	corpus-only	ποιμενικός
tlg0059.tlg030	ἀμετάστατος	2	corpus-only	ἀμετάστατος
tlg0059.tlg030	Μουσαῖος	2	corpus-only	Μουσαῖος
tlg0059.tlg030	προσδέομαι	2	corpus-only	προσδέομαι
tlg0059.tlg030	ἕψημα	2	corpus-only	ἕψημα
tlg0059.tlg030	ἐάντε	2	corpus-only	ἐάντε
tlg0059.tlg030	Πάνδαρος	2	corpus-only	Πάνδαρος
tlg0059.tlg030	Θέτις	2	corpus-only	Θέτις
tlg0059.tlg030	Ἴλιον	2	corpus-only	Ἴλιον
tlg0059.tlg030	μιμέω	2	corpus-only	μιμέω
tlg0059.tlg030	ἀρρυθμία	2	corpus-only	ἀρρυθμία
tlg0059.tlg030	Εὐρύπυλος	2	corpus-only	Εὐρύπυλος
tlg0059.tlg030	Ἡρόδικος	2	corpus-only	Ἡρόδικος
tlg0059.tlg030	Φωκυλίδης	2	corpus-only	Φωκυλίδης
tlg0059.tlg030	νοσοτροφία	2	corpus-only	νοσοτροφία
tlg0059.tlg030	τηρητέον	2	corpus-only	τηρητέον
tlg0059.tlg030	ἐγκριτέος	2	corpus-only	ἐγκριτέος
tlg0059.tlg030	Κρής	2	corpus-only	Κρής
tlg0059.tlg030	πός	2	corpus-only	πός
tlg0059.tlg030	εἰκοσιετής	2	corpus-only	εἰκοσιετής
tlg0059.tlg030	Πυθία	2	corpus-only	Πυθία
tlg0059.tlg030	συμφύλαξ	2	corpus-only	συμφύλαξ
tlg0059.tlg030	Ὀλυμπιονίκης	2	corpus-only	Ὀλυμπιονίκης
tlg0059.tlg030	Ἑλληνίς	2	corpus-only	Ἑλληνίς
tlg0059.tlg030	παντοίως	2	corpus-only	παντοίως
tlg0059.tlg030	Θεάγης	2	corpus-only	Θεάγης
tlg0059.tlg030	ἡλιοειδής	2	corpus-only	ἡλιοειδής
tlg0059.tlg030	διανοόω	2	corpus-only	διανοόω
tlg0059.tlg030	μεταστροφή	2	corpus-only	μεταστροφή
tlg0059.tlg030	Πυθαγόρειος	2	corpus-only	Πυθαγόρειος
tlg0059.tlg030	τιμαρχία	2	corpus-only	τιμαρχία
tlg0059.tlg030	προσαναγορεύω	2	corpus-only	προσαναγορεύω
tlg0059.tlg030	προσκάθημαι	2	corpus-only	προσκάθημαι
tlg0059.tlg030	Θρᾷξ	1	corpus-only	Θρᾷξ
tlg0059.tlg030	Νικήρατος	1	corpus-only	Νικήρατος
tlg0059.tlg030	Νικίας	1	corpus-only	Νικίας
tlg0059.tlg030	Λυσίας	1	corpus-only	Λυσίας
tlg0059.tlg030	Εὐθύδημος	1	corpus-only	Εὐθύδημος
tlg0059.tlg030	Καλχηδόνιος	1	corpus-only	Καλχηδόνιος
tlg0059.tlg030	Χαρμαντίδης	1	corpus-only	Χαρμαντίδης
tlg0059.tlg030	Παιανιεύς	1	corpus-only	Παιανιεύς
tlg0059.tlg030	Ἀριστώνυμος	1	corpus-only	Ἀριστώνυμος
tlg0059.tlg030	Θεμιστοκλῆς	1	corpus-only	Θεμιστοκλῆς
tlg0059.tlg030	Ἀθηναῖος	1	corpus-only	Ἀθηναῖος
tlg0059.tlg030	συναορέω	1	corpus-only	συναορέω
tlg0059.tlg030	πολύστροφος	1	corpus-only	πολύστροφος
tlg0059.tlg030	παρακατατίθημι	1	corpus-only	παρακατατίθημι
tlg0059.tlg030	ἀμπελουργικός	1	corpus-only	ἀμπελουργικός
tlg0059.tlg030	Αὐτόλυκος	1	corpus-only	Αὐτόλυκος
tlg0059.tlg030	κλεπτικός	1	corpus-only	κλεπτικός
tlg0059.tlg030	Πιττακός	1	corpus-only	Πιττακός
tlg0059.tlg030	Περίανδρος	1	corpus-only	Περίανδρος
tlg0059.tlg030	Περδίκκας	1	corpus-only	Περδίκκας
tlg0059.tlg030	Ξέρξης	1	corpus-only	Ξέρξης
tlg0059.tlg030	Ἰσμηνίας	1	corpus-only	Ἰσμηνίας
tlg0059.tlg030	Θηβαῖος	1	corpus-only	Θηβαῖος
tlg0059.tlg030	εὐηθίζομαι	1	corpus-only	εὐηθίζομαι
tlg0059.tlg030	ὑποτρέμω	1	corpus-only	ὑποτρέμω
tlg0059.tlg030	Ἡρακλῆς	1	corpus-only	Ἡρακλῆς
tlg0059.tlg030	Πουλυδάμας	1	corpus-only	Πουλυδάμας
tlg0059.tlg030	περιειστήκω	1	corpus-only	περιειστήκω
tlg0059.tlg030	ἀποστερητής	1	corpus-only	ἀποστερητής
tlg0059.tlg030	ἐνθάζω	1	corpus-only	ἐνθάζω
tlg0059.tlg030	ἀντικατατείνω	1	corpus-only	ἀντικατατείνω
tlg0059.tlg030	ἡμιμόχθηρος	1	corpus-only	ἡμιμόχθηρος
tlg0059.tlg030	Βενδίδεια	1	corpus-only	Βενδίδεια
tlg0059.tlg030	εἰσκοπόω	1	corpus-only	εἰσκοπόω
tlg0059.tlg030	ἀγαπητέος	1	corpus-only	ἀγαπητέος
tlg0059.tlg030	ἐπιτηδευτέος	1	corpus-only	ἐπιτηδευτέος
tlg0059.tlg030	ἐπανανεόομαι	1	corpus-only	ἐπανανεόομαι
tlg0059.tlg030	γενοῖμαι	1	corpus-only	γενοῖμαι
tlg0059.tlg030	γυμνωτέος	1	corpus-only	γυμνωτέος
tlg0059.tlg030	ἀνασχινδυλεύω	1	corpus-only	ἀνασχινδυλεύω
tlg0059.tlg030	καταβρίθω	1	corpus-only	καταβρίθω
tlg0059.tlg030	κατάδεσμα	1	corpus-only	κατάδεσμα
tlg0059.tlg030	ἐπίπτομαι	1	corpus-only	ἐπίπτομαι
tlg0059.tlg030	ὑψίων	1	corpus-only	ὑψίων
tlg0059.tlg030	περιγραπτέον	1	corpus-only	περιγραπτέον
tlg0059.tlg030	Ἀρχίλοχος	1	corpus-only	Ἀρχίλοχος
tlg0059.tlg030	ἑλκτέον	1	corpus-only	ἑλκτέον
tlg0059.tlg030	μελητέον	1	corpus-only	μελητέον
tlg0059.tlg030	Μεγαροῖ	1	corpus-only	Μεγαροῖ
tlg0059.tlg030	’κεῖνος	1	corpus-only	’κεῖνος
tlg0059.tlg030	ἐπεισαγώγιμος	1	corpus-only	ἐπεισαγώγιμος
tlg0059.tlg030	στόρεννυμι	1	corpus-only	στόρεννυμι
tlg0059.tlg030	ἐμπληστέος	1	corpus-only	ἐμπληστέος
tlg0059.tlg030	πλησίον	1	corpus-only	πλησίον
tlg0059.tlg030	ἀποτμητέον	1	corpus-only	ἀποτμητέον
tlg0059.tlg030	κυβευτικός	1	corpus-only	κυβευτικός
tlg0059.tlg030	αὐθημερόν	1	corpus-only	αὐθημερόν
tlg0059.tlg030	μεγαλόθυμος	1	corpus-only	μεγαλόθυμος
tlg0059.tlg030	μυθοποιός	1	corpus-only	μυθοποιός
tlg0059.tlg030	μυθολογητέον	1	corpus-only	μυθολογητέον
tlg0059.tlg030	ποικιλτέον	1	corpus-only	ποικιλτέον
tlg0059.tlg030	θεολογία	1	corpus-only	θεολογία
tlg0059.tlg030	Ἀθήνη	1	corpus-only	Ἀθήνη
tlg0059.tlg030	Νιόβη	1	corpus-only	Νιόβη
tlg0059.tlg030	Πελοπίδης	1	corpus-only	Πελοπίδης
tlg0059.tlg030	Τρωϊκός	1	corpus-only	Τρωϊκός
tlg0059.tlg030	Ἴναχος	1	corpus-only	Ἴναχος
tlg0059.tlg030	Ἀργεῖος	1	corpus-only	Ἀργεῖος
tlg0059.tlg030	ἐκδειματόω	1	corpus-only	ἐκδειματόω
tlg0059.tlg030	καταφθίω	1	corpus-only	καταφθίω
tlg0059.tlg030	ἀποβλητέος	1	corpus-only	ἀποβλητέος
tlg0059.tlg030	Κωκυτός	1	corpus-only	Κωκυτός
tlg0059.tlg030	Στύξ	1	corpus-only	Στύξ
tlg0059.tlg030	νέπους	1	corpus-only	νέπους
tlg0059.tlg030	ἀλίβας	1	corpus-only	ἀλίβας
tlg0059.tlg030	πλωΐζω	1	corpus-only	πλωΐζω
tlg0059.tlg030	Πρίαμος	1	corpus-only	Πρίαμος
tlg0059.tlg030	Σαρπηδών	1	corpus-only	Σαρπηδών
tlg0059.tlg030	Μενοιτιάδης	1	corpus-only	Μενοιτιάδης
tlg0059.tlg030	ἐφιέω	1	corpus-only	ἐφιέω
tlg0059.tlg030	ἀνατρεπτικός	1	corpus-only	ἀνατρεπτικός
tlg0059.tlg030	Διομήδης	1	corpus-only	Διομήδης
tlg0059.tlg030	Σπερχειός	1	corpus-only	Σπερχειός
tlg0059.tlg030	Ἕκτωρ	1	corpus-only	Ἕκτωρ
tlg0059.tlg030	Πηλεύς	1	corpus-only	Πηλεύς
tlg0059.tlg030	Θησεύς	1	corpus-only	Θησεύς
tlg0059.tlg030	Ποσειδῶν	1	corpus-only	Ποσειδῶν
tlg0059.tlg030	Πειρίθοος	1	corpus-only	Πειρίθοος
tlg0059.tlg030	ἀγχίσπορος	1	corpus-only	ἀγχίσπορος
tlg0059.tlg030	Ἰδαῖος	1	corpus-only	Ἰδαῖος
tlg0059.tlg030	Ἰλιάς	1	corpus-only	Ἰλιάς
tlg0059.tlg030	Ἀτρείδης	1	corpus-only	Ἀτρείδης
tlg0059.tlg030	Ἰθάκη	1	corpus-only	Ἰθάκη
tlg0059.tlg030	Ὀδύσσεια	1	corpus-only	Ὀδύσσεια
tlg0059.tlg030	συντονολυ—διστί	1	corpus-only	συντονολυ—διστί
tlg0059.tlg030	παρατεταγμένως	1	corpus-only	παρατεταγμένως
tlg0059.tlg030	καρτερούντως	1	corpus-only	καρτερούντως
tlg0059.tlg030	πολυαρμόνιος	1	corpus-only	πολυαρμόνιος
tlg0059.tlg030	Μαρσύας	1	corpus-only	Μαρσύας
tlg0059.tlg030	ἀκολουθητέον	1	corpus-only	ἀκολουθητέον
tlg0059.tlg030	διακωλυτέον	1	corpus-only	διακωλυτέον
tlg0059.tlg030	Ἑλλήσποντος	1	corpus-only	Ἑλλήσποντος
tlg0059.tlg030	Συρακούσιος	1	corpus-only	Συρακούσιος
tlg0059.tlg030	Σικελικός	1	corpus-only	Σικελικός
tlg0059.tlg030	Ἀττικός	1	corpus-only	Ἀττικός
tlg0059.tlg030	Ἀσκληπιάδης	1	corpus-only	Ἀσκληπιάδης
tlg0059.tlg030	ἐπιξύω	1	corpus-only	ἐπιξύω
tlg0059.tlg030	παιδαγωγικός	1	corpus-only	παιδαγωγικός
tlg0059.tlg030	Ἀσκληπιάδαι	1	corpus-only	Ἀσκληπιάδαι
tlg0059.tlg030	Μενέλαος	1	corpus-only	Μενέλαος
tlg0059.tlg030	Μίδας	1	corpus-only	Μίδας
tlg0059.tlg030	κακοφυής	1	corpus-only	κακοφυής
tlg0059.tlg030	χώνη	1	corpus-only	χώνη
tlg0059.tlg030	δυσγοήτευτος	1	corpus-only	δυσγοήτευτος
tlg0059.tlg030	παραμείγνυμι	1	corpus-only	παραμείγνυμι
tlg0059.tlg030	ὑπόχαλκος	1	corpus-only	ὑπόχαλκος
tlg0059.tlg030	ὑποσίδηρος	1	corpus-only	ὑποσίδηρος
tlg0059.tlg030	κατελεέω	1	corpus-only	κατελεέω
tlg0059.tlg030	ὑπόχρυσος	1	corpus-only	ὑπόχρυσος
tlg0059.tlg030	ἐπισίτιος	1	corpus-only	ἐπισίτιος
tlg0059.tlg030	ὄστρειον	1	corpus-only	ὄστρειον
tlg0059.tlg030	μέλαν	1	corpus-only	μέλαν
tlg0059.tlg030	οἰκοδομητέον	1	corpus-only	οἰκοδομητέον
tlg0059.tlg030	μεθεκτέος	1	corpus-only	μεθεκτέος
tlg0059.tlg030	’κέϊνος	1	corpus-only	’κέϊνος
tlg0059.tlg030	ἐλλιμενικός	1	corpus-only	ἐλλιμενικός
tlg0059.tlg030	Δελφοί	1	corpus-only	Δελφοί
tlg0059.tlg030	πλύσις	1	corpus-only	πλύσις
tlg0059.tlg030	χαλεστραῖος	1	corpus-only	χαλεστραῖος
tlg0059.tlg030	φ́ω	1	corpus-only	φ́ω
tlg0059.tlg030	δυσδιερεύνητος	1	corpus-only	δυσδιερεύνητος
tlg0059.tlg030	ἐπικουρικός	1	corpus-only	ἐπικουρικός
tlg0059.tlg030	οἰκειοπραγία	1	corpus-only	οἰκειοπραγία
tlg0059.tlg030	προσκέπτομαι	1	corpus-only	προσκέπτομαι
tlg0059.tlg030	Θρᾴκη	1	corpus-only	Θρᾴκη
tlg0059.tlg030	Αἴγυπτος	1	corpus-only	Αἴγυπτος
tlg0059.tlg030	Λεόντιος	1	corpus-only	Λεόντιος
tlg0059.tlg030	Ἀγλαΐων	1	corpus-only	Ἀγλαΐων
tlg0059.tlg030	ἐπικουρητικός	1	corpus-only	ἐπικουρητικός
tlg0059.tlg030	φυλαττοέρχομαι	1	corpus-only	φυλαττοέρχομαι
tlg0059.tlg030	ἀλλοτριοπραγμοσύνη	1	corpus-only	ἀλλοτριοπραγμοσύνη
tlg0059.tlg030	ἀποκμητέον	1	corpus-only	ἀποκμητέον
tlg0059.tlg030	ἀπορρᾳθυμέω	1	corpus-only	ἀπορρᾳθυμέω
tlg0059.tlg030	Ἀδράστεια	1	corpus-only	Ἀδράστεια
tlg0059.tlg030	Λακεδαιμόνιος	1	corpus-only	Λακεδαιμόνιος
tlg0059.tlg030	νευστέον	1	corpus-only	νευστέον
tlg0059.tlg030	λαλεπῶς	1	corpus-only	λαλεπῶς
tlg0059.tlg030	φιλογυμναστικός	1	corpus-only	φιλογυμναστικός
tlg0059.tlg030	μισόσοφος	1	corpus-only	μισόσοφος
tlg0059.tlg030	ἀποδυτέον	1	corpus-only	ἀποδυτέον
tlg0059.tlg030	ὑφεκτέον	1	corpus-only	ὑφεκτέον
tlg0059.tlg030	παριέω	1	corpus-only	παριέω
tlg0059.tlg030	τετταρακονταέτις	1	corpus-only	τετταρακονταέτις
tlg0059.tlg030	πεντεκαιπεντηκονταετής	1	corpus-only	πεντεκαιπεντηκονταετής
tlg0059.tlg030	διαγνοέω	1	corpus-only	διαγνοέω
tlg0059.tlg030	ἰδίωσις	1	corpus-only	ἰδίωσις
tlg0059.tlg030	ὑπαρκτέος	1	corpus-only	ὑπαρκτέος
tlg0059.tlg030	γνωμονικός	1	corpus-only	γνωμονικός
tlg0059.tlg030	ἀναβιβαστέον	1	corpus-only	ἀναβιβαστέον
tlg0059.tlg030	συστραεύω	1	corpus-only	συστραεύω
tlg0059.tlg030	νεκροσυλία	1	corpus-only	νεκροσυλία
tlg0059.tlg030	τητηνν	1	corpus-only	τητηνν
tlg0059.tlg030	φιλόπαις	1	corpus-only	φιλόπαις
tlg0059.tlg030	μελίχλωρος	1	corpus-only	μελίχλωρος
tlg0059.tlg030	τριττυαρχέω	1	corpus-only	τριττυαρχέω
tlg0059.tlg030	φιλόσιτος	1	corpus-only	φιλόσιτος
tlg0059.tlg030	κακόσιτος	1	corpus-only	κακόσιτος
tlg0059.tlg030	ἀπομισθόω	1	corpus-only	ἀπομισθόω
tlg0059.tlg030	Διονύσιος	1	corpus-only	Διονύσιος
tlg0059.tlg030	τεχνύδριον	1	corpus-only	τεχνύδριον
tlg0059.tlg030	ἀψεύδεια	1	corpus-only	ἀψεύδεια
tlg0059.tlg030	δυσσύμβολος	1	corpus-only	δυσσύμβολος
tlg0059.tlg030	δυσαπόδεικτος	1	corpus-only	δυσαπόδεικτος
tlg0059.tlg030	τοουτον́ς	1	corpus-only	τοουτον́ς
tlg0059.tlg030	μέστε	1	corpus-only	μέστε
tlg0059.tlg030	μανδραγόρας	1	corpus-only	μανδραγόρας
tlg0059.tlg030	μετεωροσκόπος	1	corpus-only	μετεωροσκόπος
tlg0059.tlg030	Διομήδειος	1	corpus-only	Διομήδειος
tlg0059.tlg030	προκολακεύω	1	corpus-only	προκολακεύω
tlg0059.tlg030	εἰσαισθάνομαι	1	corpus-only	εἰσαισθάνομαι
tlg0059.tlg030	ἀποθρύπτω	1	corpus-only	ἀποθρύπτω
tlg0059.tlg030	νεουογός	1	corpus-only	νεουογός
tlg0059.tlg030	Ἡρακλείτειος	1	corpus-only	Ἡρακλείτειος
tlg0059.tlg030	μηδαμόσε	1	corpus-only	μηδαμόσε
tlg0059.tlg030	συνοιάω	1	corpus-only	συνοιάω
tlg0059.tlg030	φιλαπεχθήμων	1	corpus-only	φιλαπεχθήμων
tlg0059.tlg030	στατέον	1	corpus-only	στατέον
tlg0059.tlg030	ἀποναρκόω	1	corpus-only	ἀποναρκόω
tlg0059.tlg030	περαιτέρω	1	corpus-only	περαιτέρω
tlg0059.tlg030	κικτῄͅσκω	1	corpus-only	κικτῄͅσκω
tlg0059.tlg030	ἀγαθοειδής	1	corpus-only	ἀγαθοειδής
tlg0059.tlg030	φυτευτός	1	corpus-only	φυτευτός
tlg0059.tlg030	σπηλαιώδης	1	corpus-only	σπηλαιώδης
tlg0059.tlg030	παράφραγμα	1	corpus-only	παράφραγμα
tlg0059.tlg030	συνδεσμώτης	1	corpus-only	συνδεσμώτης
tlg0059.tlg030	γνωματεύω	1	corpus-only	γνωματεύω
tlg0059.tlg030	ἐπιτάραξις	1	corpus-only	ἐπιτάραξις
tlg0059.tlg030	περιακτέον	1	corpus-only	περιακτέον
tlg0059.tlg030	λιχνεία	1	corpus-only	λιχνεία
tlg0059.tlg030	ἐμποιόω	1	corpus-only	ἐμποιόω
tlg0059.tlg030	ἀφιέω	1	corpus-only	ἀφιέω
tlg0059.tlg030	καταβατέω	1	corpus-only	καταβατέω
tlg0059.tlg030	συνεθιστέον	1	corpus-only	συνεθιστέον
tlg0059.tlg030	Παλαμήδης	1	corpus-only	Παλαμήδης
tlg0059.tlg030	μεταστρεπτικός	1	corpus-only	μεταστρεπτικός
tlg0059.tlg030	εὐομολόγητος	1	corpus-only	εὐομολόγητος
tlg0059.tlg030	καλλίπολις	1	corpus-only	καλλίπολις
tlg0059.tlg030	συνεπιστατόω	1	corpus-only	συνεπιστατόω
tlg0059.tlg030	μετρητέον	1	corpus-only	μετρητέον
tlg0059.tlg030	ἐξάρνησις	1	corpus-only	ἐξάρνησις
tlg0059.tlg030	ἀποσκιάζω	1	corpus-only	ἀποσκιάζω
tlg0059.tlg030	ἐπαναγωγή	1	corpus-only	ἐπαναγωγή
tlg0059.tlg030	ἰσχυριστέον	1	corpus-only	ἰσχυριστέον
tlg0059.tlg030	συμπεριαγωγός	1	corpus-only	συμπεριαγωγός
tlg0059.tlg030	ἐπικαταδαρθάνω	1	corpus-only	ἐπικαταδαρθάνω
tlg0059.tlg030	μισοπονέω	1	corpus-only	μισοπονέω
tlg0059.tlg030	ὑπεραγανακτέω	1	corpus-only	ὑπεραγανακτέω
tlg0059.tlg030	διευλαβητέον	1	corpus-only	διευλαβητέον
tlg0059.tlg030	ἀρτιμελής	1	corpus-only	ἀρτιμελής
tlg0059.tlg030	προπαιδεία	1	corpus-only	προπαιδεία
tlg0059.tlg030	γευστέον	1	corpus-only	γευστέον
tlg0059.tlg030	συνοπτικός	1	corpus-only	συνοπτικός
tlg0059.tlg030	σκυλάκιον	1	corpus-only	σκυλάκιον
tlg0059.tlg030	καταβιβαστέος	1	corpus-only	καταβιβαστέος
tlg0059.tlg030	ἐπιταλαιπωρέω	1	corpus-only	ἐπιταλαιπωρέω
tlg0059.tlg030	ἀντικαταλείπω	1	corpus-only	ἀντικαταλείπω
tlg0059.tlg030	διιτέος	1	corpus-only	διιτέος
tlg0059.tlg030	ὑψηλολογέομαι	1	corpus-only	ὑψηλολογέομαι
tlg0059.tlg030	βραχύβιος	1	corpus-only	βραχύβιος
tlg0059.tlg030	βραχυπόρος	1	corpus-only	βραχυπόρος
tlg0059.tlg030	εὐγονία	1	corpus-only	εὐγονία
tlg0059.tlg030	ἰσομήκης	1	corpus-only	ἰσομήκης
tlg0059.tlg030	φιλαναλωτής	1	corpus-only	φιλαναλωτής
tlg0059.tlg030	ὑποάμουσος	1	corpus-only	ὑποάμουσος
tlg0059.tlg030	φιλοπραγμοσύνη	1	corpus-only	φιλοπραγμοσύνη
tlg0059.tlg030	φιλοχρηματιστής	1	corpus-only	φιλοχρηματιστής
tlg0059.tlg030	βαλλαντιατόμος	1	corpus-only	βαλλαντιατόμος
tlg0059.tlg030	θησαυροποιός	1	corpus-only	θησαυροποιός
tlg0059.tlg030	κηφηνώδης	1	corpus-only	κηφηνώδης
tlg0059.tlg030	ἐνευρίσκω	1	corpus-only	ἐνευρίσκω
tlg0059.tlg030	εἰσδανείζω	1	corpus-only	εἰσδανείζω
tlg0059.tlg030	ἀντιβοηθέω	1	corpus-only	ἀντιβοηθέω
tlg0059.tlg030	εὐπαιδευσία	1	corpus-only	εὐπαιδευσία
tlg0059.tlg030	ἰσονομικός	1	corpus-only	ἰσονομικός
tlg0059.tlg030	εἰμικτετμή	1	corpus-only	εἰμικτετμή
tlg0059.tlg030	ἐκβλαστάνω	1	corpus-only	ἐκβλαστάνω
tlg0059.tlg030	Ἀρκαδία	1	corpus-only	Ἀρκαδία
tlg0059.tlg030	Λυκαῖος	1	corpus-only	Λυκαῖος
tlg0059.tlg030	ἐγκατατέμνω	1	corpus-only	ἐγκατατέμνω
tlg0059.tlg030	Κροῖσος	1	corpus-only	Κροῖσος
tlg0059.tlg030	Ἕρμος	1	corpus-only	Ἕρμος
tlg0059.tlg030	μεταμφιίσχω	1	corpus-only	μεταμφιίσχω
tlg0059.tlg030	τυραννοποιός	1	corpus-only	τυραννοποιός
tlg0059.tlg030	παραβλαστάνω	1	corpus-only	παραβλαστάνω
tlg0059.tlg030	ἐννεοσσεύω	1	corpus-only	ἐννεοσσεύω
tlg0059.tlg030	νεωκορέω	1	corpus-only	νεωκορέω
tlg0059.tlg030	πρόστασις	1	corpus-only	πρόστασις
tlg0059.tlg030	σφαδᾳσμός	1	corpus-only	σφαδᾳσμός
tlg0059.tlg030	πολυειδία	1	corpus-only	πολυειδία
tlg0059.tlg030	Ὀλυμπικός	1	corpus-only	Ὀλυμπικός
tlg0059.tlg030	Ὀλύμπιος	1	corpus-only	Ὀλύμπιος
tlg0059.tlg030	προήσθησις	1	corpus-only	προήσθησις
tlg0059.tlg030	προλύπησις	1	corpus-only	προλύπησις
tlg0059.tlg030	Στησίχορος	1	corpus-only	Στησίχορος
tlg0059.tlg030	ἐννεακαιεικοσικαιεπτακοσιοπλασιάκις	1	corpus-only	ἐννεακαιεικοσικαιεπτακοσιοπλασιάκις
tlg0059.tlg030	Σκύλλα	1	corpus-only	Σκύλλα
tlg0059.tlg030	Κέρβερος	1	corpus-only	Κέρβερος
tlg0059.tlg030	Ἐριφύλη	1	corpus-only	Ἐριφύλη
tlg0059.tlg030	ὀφεώδης	1	corpus-only	ὀφεώδης
tlg0059.tlg030	μαλθακία	1	corpus-only	μαλθακία
tlg0059.tlg030	οἵοσπερ	1	corpus-only	οἵοσπερ
tlg0059.tlg030	κατερῶ	1	corpus-only	κατερῶ
tlg0059.tlg030	κλινουργός	1	corpus-only	κλινουργός
tlg0059.tlg030	ἐξεταστέον	1	corpus-only	ἐξεταστέον
tlg0059.tlg030	Λυκοῦργος	1	corpus-only	Λυκοῦργος
tlg0059.tlg030	Λακεδαίμων	1	corpus-only	Λακεδαίμων
tlg0059.tlg030	Χαρώνδης	1	corpus-only	Χαρώνδης
tlg0059.tlg030	Ἰταλία	1	corpus-only	Ἰταλία
tlg0059.tlg030	Σικελία	1	corpus-only	Σικελία
tlg0059.tlg030	Ὁμηρίδης	1	corpus-only	Ὁμηρίδης
tlg0059.tlg030	Θαλῆς	1	corpus-only	Θαλῆς
tlg0059.tlg030	Μιλήσιος	1	corpus-only	Μιλήσιος
tlg0059.tlg030	Ἀνάχαρσις	1	corpus-only	Ἀνάχαρσις
tlg0059.tlg030	Σκύθης	1	corpus-only	Σκύθης
tlg0059.tlg030	Ὁμηρικός	1	corpus-only	Ὁμηρικός
tlg0059.tlg030	Πυθαγόρας	1	corpus-only	Πυθαγόρας
tlg0059.tlg030	Κρεώφυλος	1	corpus-only	Κρεώφυλος
tlg0059.tlg030	Πρωταγόρας	1	corpus-only	Πρωταγόρας
tlg0059.tlg030	Ἀβδηρίτης	1	corpus-only	Ἀβδηρίτης
tlg0059.tlg030	ἐπιχρωματίζω	1	corpus-only	ἐπιχρωματίζω
tlg0059.tlg030	θαυματοποιία	1	corpus-only	θαυματοποιία
tlg0059.tlg030	θρηνῳδία	1	corpus-only	θρηνῳδία
tlg0059.tlg030	εὐμίμητος	1	corpus-only	εὐμίμητος
tlg0059.tlg030	εἰδωλοποιέω	1	corpus-only	εἰδωλοποιέω
tlg0059.tlg030	ἐγκώμιον	1	corpus-only	ἐγκώμιον
tlg0059.tlg030	κενεαγορία	1	corpus-only	κενεαγορία
tlg0059.tlg030	διάσοφος	1	corpus-only	διάσοφος
tlg0059.tlg030	φιλοποιητής	1	corpus-only	φιλοποιητής
tlg0059.tlg030	ἐπίχειρα	1	corpus-only	ἐπίχειρα
tlg0059.tlg030	σαπρότης	1	corpus-only	σαπρότης
tlg0059.tlg030	φυκίον	1	corpus-only	φυκίον
tlg0059.tlg030	περιφύζω	1	corpus-only	περιφύζω
tlg0059.tlg030	Γύγης	1	corpus-only	Γύγης
tlg0059.tlg030	Αἵδης	1	corpus-only	Αἵδης
tlg0059.tlg030	Ἀλκίνοος	1	corpus-only	Ἀλκίνοος
tlg0059.tlg030	Ἀρμένιος	1	corpus-only	Ἀρμένιος
tlg0059.tlg030	δωδεκαταῖος	1	corpus-only	δωδεκαταῖος
tlg0059.tlg030	ἑκατονταετηρίς	1	corpus-only	ἑκατονταετηρίς
tlg0059.tlg030	Παμφυλία	1	corpus-only	Παμφυλία
tlg0059.tlg030	ἀσπάλαθος	1	corpus-only	ἀσπάλαθος
tlg0059.tlg030	κνάμπτω	1	corpus-only	κνάμπτω
tlg0059.tlg030	οἵαπερ	1	corpus-only	οἵαπερ
tlg0059.tlg030	προσλάμπω	1	corpus-only	προσλάμπω
tlg0059.tlg030	ἐπιμέλω	1	corpus-only	ἐπιμέλω
tlg0059.tlg030	ἀνασκέπτομαι	1	corpus-only	ἀνασκέπτομαι
tlg0059.tlg030	Θαμύρας	1	corpus-only	Θαμύρας
tlg0059.tlg030	Τελαμώνιος	1	corpus-only	Τελαμώνιος
tlg0059.tlg030	Ἀταλάντη	1	corpus-only	Ἀταλάντη
tlg0059.tlg030	Ἐπειός	1	corpus-only	Ἐπειός
tlg0059.tlg030	Πανοπεύς	1	corpus-only	Πανοπεύς
tlg0059.tlg030	Θερσίτης	1	corpus-only	Θερσίτης
tlg0059.tlg030	ἀποπληρωτής	1	corpus-only	ἀποπληρωτής
tlg0059.tlg030	περιαγείρω	1	corpus-only	περιαγείρω
tlg0003.tlg001	ὁ	13202	exact	ὁ
tlg0003.tlg001	καί	6311	exact	καί
tlg0003.tlg001	δέ	3122	exact	δέ
tlg0003.tlg001	αὐτός	1971	exact	αὐτός
tlg0003.tlg001	τε	1854	exact	τε
tlg0003.tlg001	εἰμί	1512	exact	εἰμί
tlg0003.tlg001	οὐ	1227	exact	οὐ
tlg0003.tlg001	μέν	1136	exact	μέν
tlg0003.tlg001	ἐν	1134	exact	ἐν
tlg0003.tlg001	εἰς	1121	exact	εἰς
tlg0003.tlg001	ὅς	998	exact	ὅς
tlg0003.tlg001	ἐπί	790	exact	ἐπί
tlg0003.tlg001	μή	760	exact	μή
tlg0003.tlg001	πολύς	748	exact	πολύς
tlg0003.tlg001	οὗτος	746	exact	οὗτος
tlg0003.tlg001	γάρ	716	exact	γάρ
tlg0003.tlg001	τις	656	exact	τις
tlg0003.tlg001	ἄλλος	595	exact	ἄλλος
tlg0003.tlg001	ὡς	592	exact	ὡς
tlg0003.tlg001	γίγνομαι	588	exact	γίγνομαι
tlg0003.tlg001	κατά	587	exact	κατά
tlg0003.tlg001	πόλις	567	exact	πόλις
tlg0003.tlg001	ἐκ	534	exact	ἐκ
tlg0003.tlg001	ἔχω	530	exact	ἔχω
tlg0003.tlg001	πρός	529	exact	πρός
tlg0003.tlg001	ναῦς	441	exact	ναῦς
tlg0003.tlg001	μάλα	416	exact	μάλα
tlg0003.tlg001	εἰ	405	exact	εἰ
tlg0003.tlg001	ἄν	399	exact	ἄν
tlg0003.tlg001	ἀπό	394	exact	ἀπό
tlg0003.tlg001	ἐγώ	390	exact	ἐγώ
tlg0003.tlg001	σύμμαχος	370	exact	σύμμαχος
tlg0003.tlg001	μετά	368	exact	μετά
tlg0003.tlg001	περί	368	exact	περί
tlg0003.tlg001	ποιέω	367	exact	ποιέω
tlg0003.tlg001	ἤ	349	exact	ἤ
tlg0003.tlg001	σφεῖς	345	exact	σφεῖς
tlg0003.tlg001	διά	331	exact	διά
tlg0003.tlg001	λέγω	312	exact	λέγω
tlg0003.tlg001	πᾶς	305	exact	πᾶς
tlg0003.tlg001	ἀλλά	303	exact	ἀλλά
tlg0003.tlg001	πόλεμος	287	exact	πόλεμος
tlg0003.tlg001	σύ	275	exact	σύ
tlg0003.tlg001	ὑπό	269	exact	ὑπό
tlg0003.tlg001	μέγας	243	exact	μέγας
tlg0003.tlg001	ἔρχομαι	243	exact	ἔρχομαι
tlg0003.tlg001	γῆ	242	exact	γῆ
tlg0003.tlg001	ὅτι	239	exact	ὅτι
tlg0003.tlg001	ἑαυτοῦ	229	exact	ἑαυτοῦ
tlg0003.tlg001	βούλομαι	226	exact	βούλομαι
tlg0003.tlg001	ἅμα	217	exact	ἅμα
tlg0003.tlg001	ὅδε	209	exact	ὅδε
tlg0003.tlg001	πρότερος	207	exact	πρότερος
tlg0003.tlg001	ἀνήρ	206	exact	ἀνήρ
tlg0003.tlg001	καθίστημι	200	exact	καθίστημι
tlg0003.tlg001	ἐκεῖνος	197	exact	ἐκεῖνος
tlg0003.tlg001	ὅσος	194	exact	ὅσος
tlg0003.tlg001	δοκέω	193	exact	δοκέω
tlg0003.tlg001	παρά	190	exact	παρά
tlg0003.tlg001	ἤδη	188	exact	ἤδη
tlg0003.tlg001	οὐδείς	184	exact	οὐδείς
tlg0003.tlg001	νῦν	181	exact	νῦν
tlg0003.tlg001	νομίζω	180	exact	νομίζω
tlg0003.tlg001	ἔτι	173	exact	ἔτι
tlg0003.tlg001	πρῶτος	170	exact	πρῶτος
tlg0003.tlg001	λόγος	169	exact	λόγος
tlg0003.tlg001	Κορίνθιος	167	exact	Κορίνθιος
tlg0003.tlg001	οὖν	162	exact	οὖν
tlg0003.tlg001	ἐάν	161	exact	ἐάν
tlg0003.tlg001	ἕκαστος	153	exact	ἕκαστος
tlg0003.tlg001	ὥστε	152	exact	ὥστε
tlg0003.tlg001	πάρειμι	150	exact	πάρειμι
tlg0003.tlg001	ὀλίγος	145	exact	ὀλίγος
tlg0003.tlg001	πείθω	145	exact	πείθω
tlg0003.tlg001	ὁράω	140	exact	ὁράω
tlg0003.tlg001	χρόνος	140	exact	χρόνος
tlg0003.tlg001	εὐθύς	139	exact	εὐθύς
tlg0003.tlg001	τεῖχος	139	exact	τεῖχος
tlg0003.tlg001	σπονδή	139	exact	σπονδή
tlg0003.tlg001	ἄρχω	136	exact	ἄρχω
tlg0003.tlg001	θάλασσα	132	exact	θάλασσα
tlg0003.tlg001	χωρίον	132	exact	χωρίον
tlg0003.tlg001	πολέμιος	132	exact	πολέμιος
tlg0003.tlg001	γνώμη	132	exact	γνώμη
tlg0003.tlg001	ἀγαθός	130	exact	ἀγαθός
tlg0003.tlg001	δέω	129	exact	δέω
tlg0003.tlg001	λαμβάνω	125	exact	λαμβάνω
tlg0003.tlg001	δή	122	exact	δή
tlg0003.tlg001	πράσσω	121	exact	πράσσω
tlg0003.tlg001	μάχη	120	exact	μάχη
tlg0003.tlg001	ἀφικνέομαι	115	exact	ἀφικνέομαι
tlg0003.tlg001	νῆσος	114	exact	νῆσος
tlg0003.tlg001	πέμπω	114	exact	πέμπω
tlg0003.tlg001	μέλλω	111	exact	μέλλω
tlg0003.tlg001	κρατέω	110	exact	κρατέω
tlg0003.tlg001	ἐπέρχομαι	109	exact	ἐπέρχομαι
tlg0003.tlg001	ὁπλίτης	109	exact	ὁπλίτης
tlg0003.tlg001	διαφθείρω	109	exact	διαφθείρω
tlg0003.tlg001	ἀλλήλων	108	exact	ἀλλήλων
tlg0003.tlg001	ἡμέρα	108	exact	ἡμέρα
tlg0003.tlg001	αἱρέω	108	exact	αἱρέω
tlg0003.tlg001	τότε	107	exact	τότε
tlg0003.tlg001	ἔργον	105	exact	ἔργον
tlg0003.tlg001	ὕστερον	105	exact	ὕστερον
tlg0003.tlg001	ἀναχωρέω	103	exact	ἀναχωρέω
tlg0003.tlg001	τοιοῦτος	101	exact	τοιοῦτος
tlg0003.tlg001	ὥσπερ	100	exact	ὥσπερ
tlg0003.tlg001	παρασκευάζω	100	exact	παρασκευάζω
tlg0003.tlg001	πλέω	99	exact	πλέω
tlg0003.tlg001	χράω	98	exact	χράω
tlg0003.tlg001	συμμαχία	98	exact	συμμαχία
tlg0003.tlg001	ἀδικέω	98	exact	ἀδικέω
tlg0003.tlg001	πολεμέω	97	exact	πολεμέω
tlg0003.tlg001	πλῆθος	97	exact	πλῆθος
tlg0003.tlg001	ὅμοιος	96	exact	ὅμοιος
tlg0003.tlg001	γε	96	exact	γε
tlg0003.tlg001	πρέσβυς	95	exact	πρέσβυς
tlg0003.tlg001	τυγχάνω	95	exact	τυγχάνω
tlg0003.tlg001	ὅπως	95	exact	ὅπως
tlg0003.tlg001	ἀεί	94	exact	ἀεί
tlg0003.tlg001	ἡγέομαι	92	exact	ἡγέομαι
tlg0003.tlg001	οὕτως	91	exact	οὕτως
tlg0003.tlg001	κελεύω	91	exact	κελεύω
tlg0003.tlg001	συμβαίνω	89	exact	συμβαίνω
tlg0003.tlg001	δύναμαι	89	exact	δύναμαι
tlg0003.tlg001	ἔπειτα	87	exact	ἔπειτα
tlg0003.tlg001	γιγνώσκω	86	exact	γιγνώσκω
tlg0003.tlg001	πρίν	86	exact	πρίν
tlg0003.tlg001	βοηθέω	86	exact	βοηθέω
tlg0003.tlg001	δύναμις	85	exact	δύναμις
tlg0003.tlg001	εἷς	85	exact	εἷς
tlg0003.tlg001	βασιλεύς	85	exact	βασιλεύς
tlg0003.tlg001	χωρέω	85	exact	χωρέω
tlg0003.tlg001	ὅστις	85	exact	ὅστις
tlg0003.tlg001	στρατεύω	84	exact	στρατεύω
tlg0003.tlg001	ἐναντίος	84	exact	ἐναντίος
tlg0003.tlg001	ἀμύνω	84	exact	ἀμύνω
tlg0003.tlg001	ἐλαχύς	83	exact	ἐλαχύς
tlg0003.tlg001	στρατηγός	83	exact	στρατηγός
tlg0003.tlg001	φημί	82	exact	φημί
tlg0003.tlg001	δέχομαι	81	exact	δέχομαι
tlg0003.tlg001	θέρος	81	exact	θέρος
tlg0003.tlg001	στρατιά	81	exact	στρατιά
tlg0003.tlg001	δείδω	80	exact	δείδω
tlg0003.tlg001	στρατός	79	exact	στρατός
tlg0003.tlg001	παρέχω	77	exact	παρέχω
tlg0003.tlg001	δίκαιος	77	exact	δίκαιος
tlg0003.tlg001	χρή	76	exact	χρή
tlg0003.tlg001	ἄνθρωπος	75	exact	ἄνθρωπος
tlg0003.tlg001	χρῆμα	75	exact	χρῆμα
tlg0003.tlg001	βουλεύω	74	exact	βουλεύω
tlg0003.tlg001	κακός	74	exact	κακός
tlg0003.tlg001	ἔτος	73	exact	ἔτος
tlg0003.tlg001	ἀρχή	73	exact	ἀρχή
tlg0003.tlg001	δίδωμι	73	exact	δίδωμι
tlg0003.tlg001	φοβέω	73	exact	φοβέω
tlg0003.tlg001	ναυτικός	72	exact	ναυτικός
tlg0003.tlg001	τρέπω	72	exact	τρέπω
tlg0003.tlg001	χειμών	72	exact	χειμών
tlg0003.tlg001	ἀμφότερος	71	exact	ἀμφότερος
tlg0003.tlg001	ἅπας	71	exact	ἅπας
tlg0003.tlg001	ἔοικα	71	exact	ἔοικα
tlg0003.tlg001	ἴσος	71	exact	ἴσος
tlg0003.tlg001	μηδείς	71	exact	μηδείς
tlg0003.tlg001	αἰσθάνομαι	71	exact	αἰσθάνομαι
tlg0003.tlg001	μόνος	68	exact	μόνος
tlg0003.tlg001	ἀξιόω	68	exact	ἀξιόω
tlg0003.tlg001	ἀποδίδωμι	68	exact	ἀποδίδωμι
tlg0003.tlg001	ἑκάτερος	67	exact	ἑκάτερος
tlg0003.tlg001	φαίνω	67	exact	φαίνω
tlg0003.tlg001	ὕστερος	67	exact	ὕστερος
tlg0003.tlg001	καλός	67	exact	καλός
tlg0003.tlg001	ὁρμάω	67	exact	ὁρμάω
tlg0003.tlg001	μέχρι	66	exact	μέχρι
tlg0003.tlg001	ποτέ	66	exact	ποτέ
tlg0003.tlg001	νικάω	66	exact	νικάω
tlg0003.tlg001	τοιόσδε	66	exact	τοιόσδε
tlg0003.tlg001	νύξ	66	exact	νύξ
tlg0003.tlg001	τελευτάω	66	exact	τελευτάω
tlg0003.tlg001	πάλιν	66	exact	πάλιν
tlg0003.tlg001	δύο	65	exact	δύο
tlg0003.tlg001	ἀπέρχομαι	65	exact	ἀπέρχομαι
tlg0003.tlg001	ὅπλον	64	exact	ὅπλον
tlg0003.tlg001	ἕτερος	64	exact	ἕτερος
tlg0003.tlg001	φυλακή	64	exact	φυλακή
tlg0003.tlg001	οἶδα	62	exact	οἶδα
tlg0003.tlg001	οἶκος	62	exact	οἶκος
tlg0003.tlg001	κίνδυνος	62	exact	κίνδυνος
tlg0003.tlg001	ῥᾴδιος	61	exact	ῥᾴδιος
tlg0003.tlg001	στρατόπεδον	61	exact	στρατόπεδον
tlg0003.tlg001	παραδίδωμι	61	exact	παραδίδωμι
tlg0003.tlg001	τρόπος	60	exact	τρόπος
tlg0003.tlg001	πάσχω	60	exact	πάσχω
tlg0003.tlg001	δῆμος	60	exact	δῆμος
tlg0003.tlg001	βάρβαρος	59	exact	βάρβαρος
tlg0003.tlg001	πρό	59	exact	πρό
tlg0003.tlg001	δεινός	59	exact	δεινός
tlg0003.tlg001	οἰκέω	58	exact	οἰκέω
tlg0003.tlg001	δυνατός	58	exact	δυνατός
tlg0003.tlg001	δράω	58	exact	δράω
tlg0003.tlg001	οὐκέτι	58	exact	οὐκέτι
tlg0003.tlg001	πειράω	58	exact	πειράω
tlg0003.tlg001	φέρω	57	exact	φέρω
tlg0003.tlg001	ἄγω	57	exact	ἄγω
tlg0003.tlg001	ἡσυχάζω	57	exact	ἡσυχάζω
tlg0003.tlg001	ἐπιγίγνομαι	57	exact	ἐπιγίγνομαι
tlg0003.tlg001	ἥσσων	56	exact	ἥσσων
tlg0003.tlg001	οἴομαι	56	exact	οἴομαι
tlg0003.tlg001	ἴδιος	56	exact	ἴδιος
tlg0003.tlg001	παρασκευή	55	exact	παρασκευή
tlg0003.tlg001	ἔξω	55	exact	ἔξω
tlg0003.tlg001	Μεγαρεύς	55	exact	Μεγαρεύς
tlg0003.tlg001	μέρος	54	exact	μέρος
tlg0003.tlg001	καλέω	54	exact	καλέω
tlg0003.tlg001	εἰσβάλλω	54	exact	εἰσβάλλω
tlg0003.tlg001	τοσοῦτος	53	exact	τοσοῦτος
tlg0003.tlg001	κοινός	53	exact	κοινός
tlg0003.tlg001	ταχύς	53	exact	ταχύς
tlg0003.tlg001	νόμος	53	exact	νόμος
tlg0003.tlg001	ὑπάρχω	53	exact	ὑπάρχω
tlg0003.tlg001	ἱππεύς	53	exact	ἱππεύς
tlg0003.tlg001	χίλιοι	52	exact	χίλιοι
tlg0003.tlg001	οἷος	51	exact	οἷος
tlg0003.tlg001	εἴκοσι	51	exact	εἴκοσι
tlg0003.tlg001	βραχύς	51	exact	βραχύς
tlg0003.tlg001	τάσσω	51	exact	τάσσω
tlg0003.tlg001	ἵστημι	51	exact	ἵστημι
tlg0003.tlg001	τάχος	51	exact	τάχος
tlg0003.tlg001	ἱερός	50	exact	ἱερός
tlg0003.tlg001	ἐξέρχομαι	50	exact	ἐξέρχομαι
tlg0003.tlg001	κομίζω	50	exact	κομίζω
tlg0003.tlg001	ἤπειρος	49	exact	ἤπειρος
tlg0003.tlg001	ὅτε	49	exact	ὅτε
tlg0003.tlg001	χώρα	49	exact	χώρα
tlg0003.tlg001	αὖθις	49	exact	αὖθις
tlg0003.tlg001	Ἑλλάς	48	exact	Ἑλλάς
tlg0003.tlg001	χαλεπός	48	exact	χαλεπός
tlg0003.tlg001	δηλόω	48	exact	δηλόω
tlg0003.tlg001	Ἄργος	48	exact	Ἄργος
tlg0003.tlg001	πεζός	48	exact	πεζός
tlg0003.tlg001	βέβαιος	47	exact	βέβαιος
tlg0003.tlg001	μέντοι	47	exact	μέντοι
tlg0003.tlg001	καταλαμβάνω	47	exact	καταλαμβάνω
tlg0003.tlg001	φίλος	47	exact	φίλος
tlg0003.tlg001	σφέτερος	46	exact	σφέτερος
tlg0003.tlg001	ἀκούω	46	exact	ἀκούω
tlg0003.tlg001	ἐθέλω	46	exact	ἐθέλω
tlg0003.tlg001	Πύλος	46	exact	Πύλος
tlg0003.tlg001	σύμπας	45	exact	σύμπας
tlg0003.tlg001	ἄνευ	45	exact	ἄνευ
tlg0003.tlg001	βλάπτω	45	exact	βλάπτω
tlg0003.tlg001	πολιορκέω	45	exact	πολιορκέω
tlg0003.tlg001	ἡμέτερος	45	exact	ἡμέτερος
tlg0003.tlg001	λοιπός	45	exact	λοιπός
tlg0003.tlg001	δέκα	44	exact	δέκα
tlg0003.tlg001	ναυμαχία	44	exact	ναυμαχία
tlg0003.tlg001	προσδέχομαι	44	exact	προσδέχομαι
tlg0003.tlg001	ἕνεκα	43	exact	ἕνεκα
tlg0003.tlg001	οἰκεῖος	43	exact	οἰκεῖος
tlg0003.tlg001	ἐλπίς	43	exact	ἐλπίς
tlg0003.tlg001	πλήν	42	exact	πλήν
tlg0003.tlg001	ἐχθρός	42	exact	ἐχθρός
tlg0003.tlg001	νεκρός	42	exact	νεκρός
tlg0003.tlg001	παλαιός	41	exact	παλαιός
tlg0003.tlg001	φανερός	41	exact	φανερός
tlg0003.tlg001	φεύγω	41	exact	φεύγω
tlg0003.tlg001	πρᾶγμα	41	exact	πρᾶγμα
tlg0003.tlg001	ἀποκτείνω	41	exact	ἀποκτείνω
tlg0003.tlg001	ἥκω	41	exact	ἥκω
tlg0003.tlg001	ὁδός	41	exact	ὁδός
tlg0003.tlg001	ὅμως	40	exact	ὅμως
tlg0003.tlg001	ὑμέτερος	40	exact	ὑμέτερος
tlg0003.tlg001	ἀδύνατος	39	exact	ἀδύνατος
tlg0003.tlg001	πιστεύω	39	exact	πιστεύω
tlg0003.tlg001	ὅρκος	39	exact	ὅρκος
tlg0003.tlg001	ἐγγύς	39	exact	ἐγγύς
tlg0003.tlg001	αἰτία	39	exact	αἰτία
tlg0003.tlg001	θεός	39	exact	θεός
tlg0003.tlg001	μένω	39	exact	μένω
tlg0003.tlg001	ἄξιος	39	exact	ἄξιος
tlg0003.tlg001	εἰρήνη	39	exact	εἰρήνη
tlg0003.tlg001	κέρας	39	exact	κέρας
tlg0003.tlg001	στράτευμα	39	exact	στράτευμα
tlg0003.tlg001	λύω	38	exact	λύω
tlg0003.tlg001	δίκη	38	exact	δίκη
tlg0003.tlg001	ἀείρω	38	exact	ἀείρω
tlg0003.tlg001	λανθάνω	38	exact	λανθάνω
tlg0003.tlg001	ἀποβαίνω	38	exact	ἀποβαίνω
tlg0003.tlg001	εἰσέρχομαι	38	exact	εἰσέρχομαι
tlg0003.tlg001	ἐκπέμπω	37	exact	ἐκπέμπω
tlg0003.tlg001	ὑπέρ	37	exact	ὑπέρ
tlg0003.tlg001	λιμήν	37	exact	λιμήν
tlg0003.tlg001	προσβάλλω	37	exact	προσβάλλω
tlg0003.tlg001	ψιλός	37	exact	ψιλός
tlg0003.tlg001	συμφορά	37	exact	συμφορά
tlg0003.tlg001	ἀρετή	36	exact	ἀρετή
tlg0003.tlg001	κτάομαι	36	exact	κτάομαι
tlg0003.tlg001	κινδυνεύω	36	exact	κινδυνεύω
tlg0003.tlg001	ἐπεξέρχομαι	36	exact	ἐπεξέρχομαι
tlg0003.tlg001	τρόπαιον	36	exact	τρόπαιον
tlg0003.tlg001	ὦ	36	exact	ὦ
tlg0003.tlg001	ἐλπίζω	35	exact	ἐλπίζω
tlg0003.tlg001	κρατύς	35	exact	κρατύς
tlg0003.tlg001	ἦκα	35	exact	ἦκα
tlg0003.tlg001	πυνθάνομαι	35	exact	πυνθάνομαι
tlg0003.tlg001	πορεύω	35	exact	πορεύω
tlg0003.tlg001	δεξιός	35	exact	δεξιός
tlg0003.tlg001	βιάζω	34	exact	βιάζω
tlg0003.tlg001	ἀγών	34	exact	ἀγών
tlg0003.tlg001	σπένδω	34	exact	σπένδω
tlg0003.tlg001	ἀπέχω	34	exact	ἀπέχω
tlg0003.tlg001	στρατηγέω	34	exact	στρατηγέω
tlg0003.tlg001	χείρ	34	exact	χείρ
tlg0003.tlg001	ᾗ	34	exact	ᾗ
tlg0003.tlg001	ἀφίημι	34	exact	ἀφίημι
tlg0003.tlg001	μακρός	33	exact	μακρός
tlg0003.tlg001	ἀσφαλής	33	exact	ἀσφαλής
tlg0003.tlg001	κατέχω	33	exact	κατέχω
tlg0003.tlg001	τριήρης	33	exact	τριήρης
tlg0003.tlg001	τριακόσιοι	33	exact	τριακόσιοι
tlg0003.tlg001	ποταμός	33	exact	ποταμός
tlg0003.tlg001	Μῆδος	33	exact	Μῆδος
tlg0003.tlg001	ἐπιτήδειος	33	exact	ἐπιτήδειος
tlg0003.tlg001	ἑτοῖμος	33	exact	ἑτοῖμος
tlg0003.tlg001	ἁμαρτάνω	33	exact	ἁμαρτάνω
tlg0003.tlg001	ἀναγκάζω	33	exact	ἀναγκάζω
tlg0003.tlg001	ὀργή	33	exact	ὀργή
tlg0003.tlg001	καιρός	33	exact	καιρός
tlg0003.tlg001	σῖτος	33	exact	σῖτος
tlg0003.tlg001	αὐτόνομος	33	exact	αὐτόνομος
tlg0003.tlg001	πύλη	33	exact	πύλη
tlg0003.tlg001	διανοέω	32	exact	διανοέω
tlg0003.tlg001	παῖς	32	exact	παῖς
tlg0003.tlg001	καθαιρέω	32	exact	καθαιρέω
tlg0003.tlg001	δόξα	32	exact	δόξα
tlg0003.tlg001	ἰσχύς	32	exact	ἰσχύς
tlg0003.tlg001	κρίνω	32	exact	κρίνω
tlg0003.tlg001	κωλύω	32	exact	κωλύω
tlg0003.tlg001	ἀποστέλλω	32	exact	ἀποστέλλω
tlg0003.tlg001	προσέρχομαι	32	exact	προσέρχομαι
tlg0003.tlg001	μάχομαι	32	exact	μάχομαι
tlg0003.tlg001	σκοπέω	31	exact	σκοπέω
tlg0003.tlg001	νέμω	31	exact	νέμω
tlg0003.tlg001	φθείρω	31	exact	φθείρω
tlg0003.tlg001	ἑκατόν	31	exact	ἑκατόν
tlg0003.tlg001	εὖ	31	exact	εὖ
tlg0003.tlg001	ἄρα	31	exact	ἄρα
tlg0003.tlg001	κῆρυξ	31	exact	κῆρυξ
tlg0003.tlg001	τέμνω	31	exact	τέμνω
tlg0003.tlg001	ἀντί	31	exact	ἀντί
tlg0003.tlg001	ἀποχωρέω	31	exact	ἀποχωρέω
tlg0003.tlg001	σαφής	30	exact	σαφής
tlg0003.tlg001	ἐπάγω	30	exact	ἐπάγω
tlg0003.tlg001	σύν	30	exact	σύν
tlg0003.tlg001	ἀποπέμπω	30	exact	ἀποπέμπω
tlg0003.tlg001	τεσσαράκοντα	30	exact	τεσσαράκοντα
tlg0003.tlg001	ἀνάγκη	30	exact	ἀνάγκη
tlg0003.tlg001	κεῖμαι	30	exact	κεῖμαι
tlg0003.tlg001	ἐπιφέρω	30	exact	ἐπιφέρω
tlg0003.tlg001	γυνή	30	exact	γυνή
tlg0003.tlg001	εὑρίσκω	29	exact	εὑρίσκω
tlg0003.tlg001	ἱκανός	29	exact	ἱκανός
tlg0003.tlg001	ἀποικία	29	exact	ἀποικία
tlg0003.tlg001	τίθημι	29	exact	τίθημι
tlg0003.tlg001	προέρχομαι	29	exact	προέρχομαι
tlg0003.tlg001	τειχίζω	29	exact	τειχίζω
tlg0003.tlg001	προχωρέω	29	exact	προχωρέω
tlg0003.tlg001	ὀρθός	29	exact	ὀρθός
tlg0003.tlg001	τρεῖς	29	exact	τρεῖς
tlg0003.tlg001	φυλάσσω	29	exact	φυλάσσω
tlg0003.tlg001	τύχη	29	exact	τύχη
tlg0003.tlg001	πρόθυμος	29	exact	πρόθυμος
tlg0003.tlg001	προσχωρέω	29	exact	προσχωρέω
tlg0003.tlg001	διαλύω	29	exact	διαλύω
tlg0003.tlg001	ὄρος	29	exact	ὄρος
tlg0003.tlg001	ἀνίστημι	28	exact	ἀνίστημι
tlg0003.tlg001	φόβος	28	exact	φόβος
tlg0003.tlg001	πέντε	28	exact	πέντε
tlg0003.tlg001	βία	28	exact	βία
tlg0003.tlg001	προστίθημι	28	exact	προστίθημι
tlg0003.tlg001	ἐρῆμος	28	exact	ἐρῆμος
tlg0003.tlg001	φθάνω	28	exact	φθάνω
tlg0003.tlg001	σφάλλω	28	exact	σφάλλω
tlg0003.tlg001	ἐνδίδωμι	28	exact	ἐνδίδωμι
tlg0003.tlg001	λόφος	28	exact	λόφος
tlg0003.tlg001	ἀποκρίνω	27	exact	ἀποκρίνω
tlg0003.tlg001	πατήρ	27	exact	πατήρ
tlg0003.tlg001	διακόσιοι	27	exact	διακόσιοι
tlg0003.tlg001	ἀναχώρησις	27	exact	ἀναχώρησις
tlg0003.tlg001	ναυμαχέω	27	exact	ναυμαχέω
tlg0003.tlg001	παραγίγνομαι	27	exact	παραγίγνομαι
tlg0003.tlg001	τριάκοντα	27	exact	τριάκοντα
tlg0003.tlg001	ἐάω	27	exact	ἐάω
tlg0003.tlg001	ὠφελέω	27	exact	ὠφελέω
tlg0003.tlg001	παρέρχομαι	27	exact	παρέρχομαι
tlg0003.tlg001	κοινῇ	26	exact	κοινῇ
tlg0003.tlg001	ἀθρόος	26	exact	ἀθρόος
tlg0003.tlg001	ἀναιρέω	26	exact	ἀναιρέω
tlg0003.tlg001	συμφέρω	26	exact	συμφέρω
tlg0003.tlg001	τέλος	26	exact	τέλος
tlg0003.tlg001	μέσος	26	exact	μέσος
tlg0003.tlg001	ἐπεί	26	exact	ἐπεί
tlg0003.tlg001	ἐντός	26	exact	ἐντός
tlg0003.tlg001	περιοράω	26	exact	περιοράω
tlg0003.tlg001	ἡσυχία	26	exact	ἡσυχία
tlg0003.tlg001	παραινέω	26	exact	παραινέω
tlg0003.tlg001	ὁπότε	25	exact	ὁπότε
tlg0003.tlg001	ὠφέλεια	25	exact	ὠφέλεια
tlg0003.tlg001	αὖ	25	exact	αὖ
tlg0003.tlg001	παραλαμβάνω	25	exact	παραλαμβάνω
tlg0003.tlg001	πεντήκοντα	25	exact	πεντήκοντα
tlg0003.tlg001	καταλύω	25	exact	καταλύω
tlg0003.tlg001	πρόφασις	25	exact	πρόφασις
tlg0003.tlg001	περιγίγνομαι	25	exact	περιγίγνομαι
tlg0003.tlg001	ἔξεστι	25	exact	ἔξεστι
tlg0003.tlg001	προσήκω	25	exact	προσήκω
tlg0003.tlg001	ἄρχων	25	exact	ἄρχων
tlg0003.tlg001	προσάγω	25	exact	προσάγω
tlg0003.tlg001	οἰκία	25	exact	οἰκία
tlg0003.tlg001	παύω	24	exact	παύω
tlg0003.tlg001	αἴτιος	24	exact	αἴτιος
tlg0003.tlg001	ἐπιπλέω	24	exact	ἐπιπλέω
tlg0003.tlg001	τιμωρία	24	exact	τιμωρία
tlg0003.tlg001	ἀντιλέγω	24	exact	ἀντιλέγω
tlg0003.tlg001	ἵνα	24	exact	ἵνα
tlg0003.tlg001	ἔργω	24	exact	ἔργω
tlg0003.tlg001	τιμωρέω	24	exact	τιμωρέω
tlg0003.tlg001	παραπλέω	24	exact	παραπλέω
tlg0003.tlg001	πανδημεί	24	exact	πανδημεί
tlg0003.tlg001	πω	23	exact	πω
tlg0003.tlg001	στρατεία	23	exact	στρατεία
tlg0003.tlg001	χάρις	23	exact	χάρις
tlg0003.tlg001	ἀντέχω	23	exact	ἀντέχω
tlg0003.tlg001	σῶμα	23	exact	σῶμα
tlg0003.tlg001	ἁλίσκομαι	23	exact	ἁλίσκομαι
tlg0003.tlg001	κόλπος	23	exact	κόλπος
tlg0003.tlg001	ἕως	23	exact	ἕως
tlg0003.tlg001	θαρσέω	23	exact	θαρσέω
tlg0003.tlg001	στρατιώτης	23	exact	στρατιώτης
tlg0003.tlg001	σύμβασις	23	exact	σύμβασις
tlg0003.tlg001	καταφεύγω	23	exact	καταφεύγω
tlg0003.tlg001	στάδιον	23	exact	στάδιον
tlg0003.tlg001	περιπλέω	23	exact	περιπλέω
tlg0003.tlg001	ὕδωρ	23	exact	ὕδωρ
tlg0003.tlg001	ἑξήκοντα	22	exact	ἑξήκοντα
tlg0003.tlg001	φυγή	22	exact	φυγή
tlg0003.tlg001	διαφορά	22	exact	διαφορά
tlg0003.tlg001	προλέγω	22	exact	προλέγω
tlg0003.tlg001	ἀπάγω	22	exact	ἀπάγω
tlg0003.tlg001	τολμάω	22	exact	τολμάω
tlg0003.tlg001	τίς	22	exact	τίς
tlg0003.tlg001	ἐπικαλέω	22	exact	ἐπικαλέω
tlg0003.tlg001	αὐτίκα	22	exact	αὐτίκα
tlg0003.tlg001	ὑστεραῖος	22	exact	ὑστεραῖος
tlg0003.tlg001	ἀπόστασις	22	exact	ἀπόστασις
tlg0003.tlg001	ἔνειμι	22	exact	ἔνειμι
tlg0003.tlg001	ἐλευθερόω	22	exact	ἐλευθερόω
tlg0003.tlg001	διαφεύγω	22	exact	διαφεύγω
tlg0003.tlg001	εἰσβολή	22	exact	εἰσβολή
tlg0003.tlg001	στάσις	21	exact	στάσις
tlg0003.tlg001	ἐπιβουλεύω	21	exact	ἐπιβουλεύω
tlg0003.tlg001	πλοῖον	21	exact	πλοῖον
tlg0003.tlg001	τετρακόσιοι	21	exact	τετρακόσιοι
tlg0003.tlg001	ἡσσάομαι	21	exact	ἡσσάομαι
tlg0003.tlg001	ὅταν	21	exact	ὅταν
tlg0003.tlg001	αἰσχρός	21	exact	αἰσχρός
tlg0003.tlg001	διάφορος	21	exact	διάφορος
tlg0003.tlg001	μετέωρος	21	exact	μετέωρος
tlg0003.tlg001	ἀποπλέω	21	exact	ἀποπλέω
tlg0003.tlg001	ἐπιβοηθέω	21	exact	ἐπιβοηθέω
tlg0003.tlg001	πιστός	21	exact	πιστός
tlg0003.tlg001	Εἵλως	21	exact	Εἵλως
tlg0003.tlg001	ἀπόβασις	21	exact	ἀπόβασις
tlg0003.tlg001	πάτριος	21	exact	πάτριος
tlg0003.tlg001	ἀπολαμβάνω	20	exact	ἀπολαμβάνω
tlg0003.tlg001	ὑπομένω	20	exact	ὑπομένω
tlg0003.tlg001	ἐκλείπω	20	exact	ἐκλείπω
tlg0003.tlg001	ὁμολογία	20	exact	ὁμολογία
tlg0003.tlg001	στρατοπεδεύω	20	exact	στρατοπεδεύω
tlg0003.tlg001	ὑποχωρέω	20	exact	ὑποχωρέω
tlg0003.tlg001	νεωτερίζω	20	exact	νεωτερίζω
tlg0003.tlg001	διαβαίνω	20	exact	διαβαίνω
tlg0003.tlg001	τρίτος	20	exact	τρίτος
tlg0003.tlg001	ἐπιτίθημι	20	exact	ἐπιτίθημι
tlg0003.tlg001	προδίδωμι	20	exact	προδίδωμι
tlg0003.tlg001	ὄμνυμι	20	exact	ὄμνυμι
tlg0003.tlg001	ἰσχύω	19	exact	ἰσχύω
tlg0003.tlg001	ἀντίπαλος	19	exact	ἀντίπαλος
tlg0003.tlg001	προέχω	19	exact	προέχω
tlg0003.tlg001	τελευταῖος	19	exact	τελευταῖος
tlg0003.tlg001	δουλόω	19	exact	δουλόω
tlg0003.tlg001	ἔγκλημα	19	exact	ἔγκλημα
tlg0003.tlg001	προσγίγνομαι	19	exact	προσγίγνομαι
tlg0003.tlg001	πέλας	19	exact	πέλας
tlg0003.tlg001	τιμάω	19	exact	τιμάω
tlg0003.tlg001	ψηφίζω	19	exact	ψηφίζω
tlg0003.tlg001	ἐπιχειρέω	19	exact	ἐπιχειρέω
tlg0003.tlg001	κτείνω	19	exact	κτείνω
tlg0003.tlg001	κράτος	19	exact	κράτος
tlg0003.tlg001	ἐλευθερία	19	exact	ἐλευθερία
tlg0003.tlg001	διασῴζω	19	exact	διασῴζω
tlg0003.tlg001	λίθος	19	exact	λίθος
tlg0003.tlg001	ἱερόν	19	exact	ἱερόν
tlg0003.tlg001	αὐτοῦ	19	exact	αὐτοῦ
tlg0003.tlg001	τείχισμα	19	exact	τείχισμα
tlg0003.tlg001	Ἑλληνικός	18	exact	Ἑλληνικός
tlg0003.tlg001	νέος	18	exact	νέος
tlg0003.tlg001	ὑπήκοος	18	exact	ὑπήκοος
tlg0003.tlg001	ἄπορος	18	exact	ἄπορος
tlg0003.tlg001	καίτοι	18	exact	καίτοι
tlg0003.tlg001	τοξότης	18	exact	τοξότης
tlg0003.tlg001	διαφέρω	18	exact	διαφέρω
tlg0003.tlg001	ἰσχυρός	18	exact	ἰσχυρός
tlg0003.tlg001	ἀφανής	18	exact	ἀφανής
tlg0003.tlg001	ἐνιαυτός	18	exact	ἐνιαυτός
tlg0003.tlg001	προκαλέω	18	exact	προκαλέω
tlg0003.tlg001	ἐκπλέω	18	exact	ἐκπλέω
tlg0003.tlg001	ἀνάγω	18	exact	ἀνάγω
tlg0003.tlg001	προσβοηθέω	18	exact	προσβοηθέω
tlg0003.tlg001	πλόος	18	exact	πλόος
tlg0003.tlg001	ἑξακόσιοι	18	exact	ἑξακόσιοι
tlg0003.tlg001	φιλία	18	exact	φιλία
tlg0003.tlg001	πεντακόσιοι	18	exact	πεντακόσιοι
tlg0003.tlg001	συνέρχομαι	18	exact	συνέρχομαι
tlg0003.tlg001	πόνος	18	exact	πόνος
tlg0003.tlg001	ἰδιώτης	18	exact	ἰδιώτης
tlg0003.tlg001	ἐλεύθερος	18	exact	ἐλεύθερος
tlg0003.tlg001	ἄνω	18	exact	ἄνω
tlg0003.tlg001	ἀκρόπολις	18	exact	ἀκρόπολις
tlg0003.tlg001	συγχωρέω	18	exact	συγχωρέω
tlg0003.tlg001	βοήθεια	18	exact	βοήθεια
tlg0003.tlg001	ἀφαιρέω	17	exact	ἀφαιρέω
tlg0003.tlg001	ὄνομα	17	exact	ὄνομα
tlg0003.tlg001	προσποιέω	17	exact	προσποιέω
tlg0003.tlg001	διέρχομαι	17	exact	διέρχομαι
tlg0003.tlg001	ὠφέλιμος	17	exact	ὠφέλιμος
tlg0003.tlg001	νόσος	17	exact	νόσος
tlg0003.tlg001	ἐπαίρω	17	exact	ἐπαίρω
tlg0003.tlg001	φρουρός	17	exact	φρουρός
tlg0003.tlg001	δέος	17	exact	δέος
tlg0003.tlg001	ὑπακούω	17	exact	ὑπακούω
tlg0003.tlg001	ἐπίκουρος	17	exact	ἐπίκουρος
tlg0003.tlg001	ὑπισχνέομαι	17	exact	ὑπισχνέομαι
tlg0003.tlg001	ἀγορά	17	exact	ἀγορά
tlg0003.tlg001	φρουρέω	17	exact	φρουρέω
tlg0003.tlg001	παραβαίνω	17	exact	παραβαίνω
tlg0003.tlg001	καταβαίνω	17	exact	καταβαίνω
tlg0003.tlg001	ἀπόλλυμι	17	exact	ἀπόλλυμι
tlg0003.tlg001	ἀναβαίνω	17	exact	ἀναβαίνω
tlg0003.tlg001	φύλαξ	17	exact	φύλαξ
tlg0003.tlg001	πάλαι	16	exact	πάλαι
tlg0003.tlg001	πολίτης	16	exact	πολίτης
tlg0003.tlg001	πρόσοδος	16	exact	πρόσοδος
tlg0003.tlg001	ἀσθενής	16	exact	ἀσθενής
tlg0003.tlg001	σημεῖον	16	exact	σημεῖον
tlg0003.tlg001	κατατίθημι	16	exact	κατατίθημι
tlg0003.tlg001	ἰσθμός	16	exact	ἰσθμός
tlg0003.tlg001	ἥμισυς	16	exact	ἥμισυς
tlg0003.tlg001	ἐπιτρέπω	16	exact	ἐπιτρέπω
tlg0003.tlg001	θεραπεύω	16	exact	θεραπεύω
tlg0003.tlg001	λείπω	16	exact	λείπω
tlg0003.tlg001	ἐνταῦθα	16	exact	ἐνταῦθα
tlg0003.tlg001	αὐτόθεν	16	exact	αὐτόθεν
tlg0003.tlg001	οὔπω	16	exact	οὔπω
tlg0003.tlg001	ὅμορος	16	exact	ὅμορος
tlg0003.tlg001	ἀληθής	16	exact	ἀληθής
tlg0003.tlg001	εἰσπλέω	16	exact	εἰσπλέω
tlg0003.tlg001	δισχίλιοι	16	exact	δισχίλιοι
tlg0003.tlg001	πληρόω	16	exact	πληρόω
tlg0003.tlg001	Λευκάς	16	exact	Λευκάς
tlg0003.tlg001	δείκνυμι	16	exact	δείκνυμι
tlg0003.tlg001	παρακαλέω	16	exact	παρακαλέω
tlg0003.tlg001	ἀνθίστημι	16	exact	ἀνθίστημι
tlg0003.tlg001	προσμείγνυμι	16	exact	προσμείγνυμι
tlg0003.tlg001	εὐώνυμος	16	exact	εὐώνυμος
tlg0003.tlg001	ἑκών	16	exact	ἑκών
tlg0003.tlg001	ὅμηρος	16	exact	ὅμηρος
tlg0003.tlg001	ὑπόσπονδος	16	exact	ὑπόσπονδος
tlg0003.tlg001	ἀμφοτέρωθεν	16	exact	ἀμφοτέρωθεν
tlg0003.tlg001	ἄδικος	16	exact	ἄδικος
tlg0003.tlg001	τιμή	16	exact	τιμή
tlg0003.tlg001	προτίθημι	16	exact	προτίθημι
tlg0003.tlg001	ἔφορος	16	exact	ἔφορος
tlg0003.tlg001	Σπάρτη	16	exact	Σπάρτη
tlg0003.tlg001	ἀγγέλλω	16	exact	ἀγγέλλω
tlg0003.tlg001	Μέγαρα	16	exact	Μέγαρα
tlg0003.tlg001	μείς	16	exact	μείς
tlg0003.tlg001	συλλέγω	16	exact	συλλέγω
tlg0003.tlg001	φρούριον	16	exact	φρούριον
tlg0003.tlg001	πεδίον	16	exact	πεδίον
tlg0003.tlg001	Λακωνικός	16	exact	Λακωνικός
tlg0003.tlg001	ταύτῃ	16	exact	ταύτῃ
tlg0003.tlg001	ἐργάζομαι	15	exact	ἐργάζομαι
tlg0003.tlg001	ἔθνος	15	exact	ἔθνος
tlg0003.tlg001	ἡγεμών	15	exact	ἡγεμών
tlg0003.tlg001	θάνατος	15	exact	θάνατος
tlg0003.tlg001	πέλαγος	15	exact	πέλαγος
tlg0003.tlg001	τέσσαρες	15	exact	τέσσαρες
tlg0003.tlg001	Ἀπόλλων	15	exact	Ἀπόλλων
tlg0003.tlg001	ὅθεν	15	exact	ὅθεν
tlg0003.tlg001	ἀσφάλεια	15	exact	ἀσφάλεια
tlg0003.tlg001	Λέσβιος	15	exact	Λέσβιος
tlg0003.tlg001	θαυμάζω	15	exact	θαυμάζω
tlg0003.tlg001	προσλαμβάνω	15	exact	προσλαμβάνω
tlg0003.tlg001	μετέχω	15	exact	μετέχω
tlg0003.tlg001	ἐκκλησία	15	exact	ἐκκλησία
tlg0003.tlg001	σύμφορος	15	exact	σύμφορος
tlg0003.tlg001	προκαταλαμβάνω	15	exact	προκαταλαμβάνω
tlg0003.tlg001	σώφρων	15	exact	σώφρων
tlg0003.tlg001	ἔχθρα	15	exact	ἔχθρα
tlg0003.tlg001	ἑπτά	15	exact	ἑπτά
tlg0003.tlg001	ἐναντιόομαι	15	exact	ἐναντιόομαι
tlg0003.tlg001	πως	15	exact	πως
tlg0003.tlg001	διδάσκω	15	exact	διδάσκω
tlg0003.tlg001	κινέω	15	exact	κινέω
tlg0003.tlg001	ζημία	15	exact	ζημία
tlg0003.tlg001	περίειμι	15	exact	περίειμι
tlg0003.tlg001	μεταξύ	15	exact	μεταξύ
tlg0003.tlg001	συστρατεύω	15	exact	συστρατεύω
tlg0003.tlg001	δεύτερος	15	exact	δεύτερος
tlg0003.tlg001	ζάω	15	exact	ζάω
tlg0003.tlg001	ἀνοίγνυμι	15	exact	ἀνοίγνυμι
tlg0003.tlg001	ἐπίκειμαι	15	exact	ἐπίκειμαι
tlg0003.tlg001	πύργος	15	exact	πύργος
tlg0003.tlg001	μηχανή	15	exact	μηχανή
tlg0003.tlg001	πελταστής	15	exact	πελταστής
tlg0003.tlg001	τάξις	15	exact	τάξις
tlg0003.tlg001	ἔσχατος	15	exact	ἔσχατος
tlg0003.tlg001	ἐκεχειρία	15	exact	ἐκεχειρία
tlg0003.tlg001	ἀδεής	14	exact	ἀδεής
tlg0003.tlg001	ἀναγκαῖος	14	exact	ἀναγκαῖος
tlg0003.tlg001	πάνυ	14	exact	πάνυ
tlg0003.tlg001	καταπλέω	14	exact	καταπλέω
tlg0003.tlg001	ἔφοδος	14	exact	ἔφοδος
tlg0003.tlg001	πόλισμα	14	exact	πόλισμα
tlg0003.tlg001	ἀπορία	14	exact	ἀπορία
tlg0003.tlg001	Ἰσθμός	14	exact	Ἰσθμός
tlg0003.tlg001	πολιτεία	14	exact	πολιτεία
tlg0003.tlg001	εἰσβαίνω	14	exact	εἰσβαίνω
tlg0003.tlg001	ἀπωθέω	14	exact	ἀπωθέω
tlg0003.tlg001	φόρος	14	exact	φόρος
tlg0003.tlg001	γράφω	14	exact	γράφω
tlg0003.tlg001	διότι	14	exact	διότι
tlg0003.tlg001	σεισμός	14	exact	σεισμός
tlg0003.tlg001	ἱκέτης	14	exact	ἱκέτης
tlg0003.tlg001	φυγάς	14	exact	φυγάς
tlg0003.tlg001	ἀλλότριος	14	exact	ἀλλότριος
tlg0003.tlg001	ἀρέσκω	14	exact	ἀρέσκω
tlg0003.tlg001	ἠώς	14	exact	ἠώς
tlg0003.tlg001	ἄπειρος	14	exact	ἄπειρος
tlg0003.tlg001	ἄνεμος	14	exact	ἄνεμος
tlg0003.tlg001	ἵππος	14	exact	ἵππος
tlg0003.tlg001	διώκω	14	exact	διώκω
tlg0003.tlg001	κρύφα	14	exact	κρύφα
tlg0003.tlg001	πρεσβεία	14	exact	πρεσβεία
tlg0003.tlg001	φύσις	14	exact	φύσις
tlg0003.tlg001	ἅπτω	14	exact	ἅπτω
tlg0003.tlg001	ἐπείγω	14	exact	ἐπείγω
tlg0003.tlg001	ἡδονή	14	exact	ἡδονή
tlg0003.tlg001	διάνοια	14	exact	διάνοια
tlg0003.tlg001	ἀπαλλάσσω	14	exact	ἀπαλλάσσω
tlg0003.tlg001	οἴχομαι	14	exact	οἴχομαι
tlg0003.tlg001	ἐξάγω	14	exact	ἐξάγω
tlg0003.tlg001	τάλαντον	14	exact	τάλαντον
tlg0003.tlg001	ὁμολογέω	14	exact	ὁμολογέω
tlg0003.tlg001	Ζεύς	14	exact	Ζεύς
tlg0003.tlg001	εἰσπίπτω	14	exact	εἰσπίπτω
tlg0003.tlg001	Φωκεύς	14	exact	Φωκεύς
tlg0003.tlg001	οἴκημα	14	exact	οἴκημα
tlg0003.tlg001	μέγεθος	13	exact	μέγεθος
tlg0003.tlg001	οἰκήτωρ	13	exact	οἰκήτωρ
tlg0003.tlg001	μήν	13	exact	μήν
tlg0003.tlg001	ἐμμένω	13	exact	ἐμμένω
tlg0003.tlg001	ἀνίημι	13	exact	ἀνίημι
tlg0003.tlg001	μέτριος	13	exact	μέτριος
tlg0003.tlg001	οἰκίζω	13	exact	οἰκίζω
tlg0003.tlg001	Δῆλος	13	exact	Δῆλος
tlg0003.tlg001	θάπτω	13	exact	θάπτω
tlg0003.tlg001	ἐνδεής	13	exact	ἐνδεής
tlg0003.tlg001	στασιάζω	13	exact	στασιάζω
tlg0003.tlg001	αἰτέω	13	exact	αἰτέω
tlg0003.tlg001	τρισχίλιοι	13	exact	τρισχίλιοι
tlg0003.tlg001	ὀργίζω	13	exact	ὀργίζω
tlg0003.tlg001	περιίστημι	13	exact	περιίστημι
tlg0003.tlg001	πίστις	13	exact	πίστις
tlg0003.tlg001	εὐπρεπής	13	exact	εὐπρεπής
tlg0003.tlg001	κολάζω	13	exact	κολάζω
tlg0003.tlg001	δώδεκα	13	exact	δώδεκα
tlg0003.tlg001	καρτερός	13	exact	καρτερός
tlg0003.tlg001	ἀποτρέπω	13	exact	ἀποτρέπω
tlg0003.tlg001	προσφέρω	13	exact	προσφέρω
tlg0003.tlg001	δρόμος	13	exact	δρόμος
tlg0003.tlg001	βάλλω	13	exact	βάλλω
tlg0003.tlg001	πεῖρα	13	exact	πεῖρα
tlg0003.tlg001	ἑορτή	13	exact	ἑορτή
tlg0003.tlg001	οἰκοδομέω	13	exact	οἰκοδομέω
tlg0003.tlg001	κύκλος	13	exact	κύκλος
tlg0003.tlg001	ἀγρός	13	exact	ἀγρός
tlg0003.tlg001	ἀποφαίνω	13	exact	ἀποφαίνω
tlg0003.tlg001	βουλή	13	exact	βουλή
tlg0003.tlg001	διαιρέω	13	exact	διαιρέω
tlg0003.tlg001	γοῦν	12	exact	γοῦν
tlg0003.tlg001	κώμη	12	exact	κώμη
tlg0003.tlg001	κόσμος	12	exact	κόσμος
tlg0003.tlg001	συγγενής	12	exact	συγγενής
tlg0003.tlg001	δουλεία	12	exact	δουλεία
tlg0003.tlg001	μόλις	12	exact	μόλις
tlg0003.tlg001	υἱός	12	exact	υἱός
tlg0003.tlg001	καταστρέφω	12	exact	καταστρέφω
tlg0003.tlg001	συλλαμβάνω	12	exact	συλλαμβάνω
tlg0003.tlg001	λόχος	12	exact	λόχος
tlg0003.tlg001	συντίθημι	12	exact	συντίθημι
tlg0003.tlg001	λιμός	12	exact	λιμός
tlg0003.tlg001	καθέζομαι	12	exact	καθέζομαι
tlg0003.tlg001	ἄποικος	12	exact	ἄποικος
tlg0003.tlg001	ξένος	12	exact	ξένος
tlg0003.tlg001	παραυτίκα	12	exact	παραυτίκα
tlg0003.tlg001	ἀργύριον	12	exact	ἀργύριον
tlg0003.tlg001	παρατάσσω	12	exact	παρατάσσω
tlg0003.tlg001	αἰχμάλωτος	12	exact	αἰχμάλωτος
tlg0003.tlg001	πρεσβεύω	12	exact	πρεσβεύω
tlg0003.tlg001	εἴκω	12	exact	εἴκω
tlg0003.tlg001	ἀνέχω	12	exact	ἀνέχω
tlg0003.tlg001	ἄνωθεν	12	exact	ἄνωθεν
tlg0003.tlg001	τηρέω	12	exact	τηρέω
tlg0003.tlg001	πολλάκις	12	exact	πολλάκις
tlg0003.tlg001	ὕποπτος	12	exact	ὕποπτος
tlg0003.tlg001	ἐλασσόω	12	exact	ἐλασσόω
tlg0003.tlg001	ἐπιπίπτω	12	exact	ἐπιπίπτω
tlg0003.tlg001	παραγγέλλω	12	exact	παραγγέλλω
tlg0003.tlg001	ἔαρ	12	exact	ἔαρ
tlg0003.tlg001	ἀναλαμβάνω	12	exact	ἀναλαμβάνω
tlg0003.tlg001	μεθόριος	12	exact	μεθόριος
tlg0003.tlg001	διαβάλλω	12	exact	διαβάλλω
tlg0003.tlg001	ἄκων	12	exact	ἄκων
tlg0003.tlg001	ὀνομάζω	11	exact	ὀνομάζω
tlg0003.tlg001	περαιόω	11	exact	περαιόω
tlg0003.tlg001	ἠπειρώτης	11	exact	ἠπειρώτης
tlg0003.tlg001	μεθίστημι	11	exact	μεθίστημι
tlg0003.tlg001	Ἴων	11	exact	Ἴων
tlg0003.tlg001	ἀποδείκνυμι	11	exact	ἀποδείκνυμι
tlg0003.tlg001	κτίζω	11	exact	κτίζω
tlg0003.tlg001	κατοικίζω	11	exact	κατοικίζω
tlg0003.tlg001	μνήμη	11	exact	μνήμη
tlg0003.tlg001	ὄψις	11	exact	ὄψις
tlg0003.tlg001	πολιορκία	11	exact	πολιορκία
tlg0003.tlg001	ἅλωσις	11	exact	ἅλωσις
tlg0003.tlg001	ἐξαρτύω	11	exact	ἐξαρτύω
tlg0003.tlg001	Πέρσης	11	exact	Πέρσης
tlg0003.tlg001	τύραννος	11	exact	τύραννος
tlg0003.tlg001	προοράω	11	exact	προοράω
tlg0003.tlg001	πανταχόθεν	11	exact	πανταχόθεν
tlg0003.tlg001	Χῖος	11	exact	Χῖος
tlg0003.tlg001	παραχρῆμα	11	exact	παραχρῆμα
tlg0003.tlg001	ἀπαγγέλλω	11	exact	ἀπαγγέλλω
tlg0003.tlg001	εὔνοια	11	exact	εὔνοια
tlg0003.tlg001	τοσόσδε	11	exact	τοσόσδε
tlg0003.tlg001	ἄπρακτος	11	exact	ἄπρακτος
tlg0003.tlg001	ὀκτώ	11	exact	ὀκτώ
tlg0003.tlg001	ἑβδομήκοντα	11	exact	ἑβδομήκοντα
tlg0003.tlg001	προσέτι	11	exact	προσέτι
tlg0003.tlg001	ἐπιχείρησις	11	exact	ἐπιχείρησις
tlg0003.tlg001	ἀξίωσις	11	exact	ἀξίωσις
tlg0003.tlg001	συνθήκη	11	exact	συνθήκη
tlg0003.tlg001	βίαιος	11	exact	βίαιος
tlg0003.tlg001	ἕπομαι	11	exact	ἕπομαι
tlg0003.tlg001	ἔγκειμαι	11	exact	ἔγκειμαι
tlg0003.tlg001	ἐπίπλοος	11	exact	ἐπίπλοος
tlg0003.tlg001	ἀπαράσκευος	11	exact	ἀπαράσκευος
tlg0003.tlg001	σύνεσις	11	exact	σύνεσις
tlg0003.tlg001	ἡγεμονία	11	exact	ἡγεμονία
tlg0003.tlg001	ἐπαινέω	11	exact	ἐπαινέω
tlg0003.tlg001	δημόσιος	11	exact	δημόσιος
tlg0003.tlg001	αἰτιάομαι	11	exact	αἰτιάομαι
tlg0003.tlg001	φράζω	11	exact	φράζω
tlg0003.tlg001	σύνοδος	11	exact	σύνοδος
tlg0003.tlg001	Εὐρυμέδων	11	exact	Εὐρυμέδων
tlg0003.tlg001	αὐτόθι	11	exact	αὐτόθι
tlg0003.tlg001	συμμαχικός	11	exact	συμμαχικός
tlg0003.tlg001	ἕξ	11	exact	ἕξ
tlg0003.tlg001	φρουρά	11	exact	φρουρά
tlg0003.tlg001	ἐγκαταλείπω	11	exact	ἐγκαταλείπω
tlg0003.tlg001	ἐμπειρία	11	exact	ἐμπειρία
tlg0003.tlg001	ἐλαύνω	11	exact	ἐλαύνω
tlg0003.tlg001	αὐτοκράτωρ	11	exact	αὐτοκράτωρ
tlg0003.tlg001	προσβολή	11	exact	προσβολή
tlg0003.tlg001	κάθημαι	11	exact	κάθημαι
tlg0003.tlg001	ὅμιλος	11	exact	ὅμιλος
tlg0003.tlg001	εὐτυχέω	11	exact	εὐτυχέω
tlg0003.tlg001	χῶμα	11	exact	χῶμα
tlg0003.tlg001	ὕλη	11	exact	ὕλη
tlg0003.tlg001	τάφρος	11	exact	τάφρος
tlg0003.tlg001	συγγράφω	10	exact	συγγράφω
tlg0003.tlg001	συνίστημι	10	exact	συνίστημι
tlg0003.tlg001	τεκμήριον	10	exact	τεκμήριον
tlg0003.tlg001	ἀτείχιστος	10	exact	ἀτείχιστος
tlg0003.tlg001	ἐπικρατέω	10	exact	ἐπικρατέω
tlg0003.tlg001	παράδειγμα	10	exact	παράδειγμα
tlg0003.tlg001	ἀσθένεια	10	exact	ἀσθένεια
tlg0003.tlg001	ἀγωνίζομαι	10	exact	ἀγωνίζομαι
tlg0003.tlg001	νησιώτης	10	exact	νησιώτης
tlg0003.tlg001	ἀκριβής	10	exact	ἀκριβής
tlg0003.tlg001	δῆλος	10	exact	δῆλος
tlg0003.tlg001	ὑπολείπω	10	exact	ὑπολείπω
tlg0003.tlg001	βασιλεύω	10	exact	βασιλεύω
tlg0003.tlg001	ἀνατίθημι	10	exact	ἀνατίθημι
tlg0003.tlg001	συμπολεμέω	10	exact	συμπολεμέω
tlg0003.tlg001	ἔμπειρος	10	exact	ἔμπειρος
tlg0003.tlg001	πολιτεύω	10	exact	πολιτεύω
tlg0003.tlg001	ἀρχαῖος	10	exact	ἀρχαῖος
tlg0003.tlg001	πιέζω	10	exact	πιέζω
tlg0003.tlg001	τάφος	10	exact	τάφος
tlg0003.tlg001	κατάγω	10	exact	κατάγω
tlg0003.tlg001	ἄγγελος	10	exact	ἄγγελος
tlg0003.tlg001	κενός	10	exact	κενός
tlg0003.tlg001	ὁπότερος	10	exact	ὁπότερος
tlg0003.tlg001	μισθός	10	exact	μισθός
tlg0003.tlg001	ἐχυρός	10	exact	ἐχυρός
tlg0003.tlg001	κακόω	10	exact	κακόω
tlg0003.tlg001	μηδέτερος	10	exact	μηδέτερος
tlg0003.tlg001	ἐκεῖ	10	exact	ἐκεῖ
tlg0003.tlg001	ἁμάρτημα	10	exact	ἁμάρτημα
tlg0003.tlg001	παραίνεσις	10	exact	παραίνεσις
tlg0003.tlg001	ἐνθυμέομαι	10	exact	ἐνθυμέομαι
tlg0003.tlg001	τέχνη	10	exact	τέχνη
tlg0003.tlg001	νίκη	10	exact	νίκη
tlg0003.tlg001	τροπή	10	exact	τροπή
tlg0003.tlg001	ἄρτι	10	exact	ἄρτι
tlg0003.tlg001	λογάς	10	exact	λογάς
tlg0003.tlg001	συμμαχίς	10	exact	συμμαχίς
tlg0003.tlg001	εἴπερ	10	exact	εἴπερ
tlg0003.tlg001	ἐπίσταμαι	10	exact	ἐπίσταμαι
tlg0003.tlg001	ἐπινοέω	10	exact	ἐπινοέω
tlg0003.tlg001	ὀξύς	10	exact	ὀξύς
tlg0003.tlg001	σημαίνω	10	exact	σημαίνω
tlg0003.tlg001	συνετός	10	exact	συνετός
tlg0003.tlg001	προθυμία	10	exact	προθυμία
tlg0003.tlg001	ὑπόλοιπος	10	exact	ὑπόλοιπος
tlg0003.tlg001	ἔπαινος	10	exact	ἔπαινος
tlg0003.tlg001	μέμφομαι	10	exact	μέμφομαι
tlg0003.tlg001	ἀναπείθω	10	exact	ἀναπείθω
tlg0003.tlg001	βοή	10	exact	βοή
tlg0003.tlg001	διακομίζω	10	exact	διακομίζω
tlg0003.tlg001	τόλμα	10	exact	τόλμα
tlg0003.tlg001	ἄμαξα	10	exact	ἄμαξα
tlg0003.tlg001	μεταπέμπω	10	exact	μεταπέμπω
tlg0003.tlg001	ἀνδραποδίζω	10	exact	ἀνδραποδίζω
tlg0003.tlg001	ταλαιπωρέω	10	exact	ταλαιπωρέω
tlg0003.tlg001	ἔξοδος	10	exact	ἔξοδος
tlg0003.tlg001	πάθος	10	exact	πάθος
tlg0003.tlg001	ἰδέα	10	exact	ἰδέα
tlg0003.tlg001	προδοσία	10	exact	προδοσία
tlg0003.tlg001	χειρόω	10	exact	χειρόω
tlg0003.tlg001	ἐνδέχομαι	10	exact	ἐνδέχομαι
tlg0003.tlg001	δημοσίᾳ	10	exact	δημοσίᾳ
tlg0003.tlg001	πανστρατιά	10	exact	πανστρατιά
tlg0003.tlg001	λογισμός	10	exact	λογισμός
tlg0003.tlg001	ἔπαλξις	10	exact	ἔπαλξις
tlg0003.tlg001	ἀπαντάω	10	exact	ἀπαντάω
tlg0003.tlg001	εὔνους	10	exact	εὔνους
tlg0003.tlg001	πούς	10	exact	πούς
tlg0003.tlg001	αἰφνίδιος	10	exact	αἰφνίδιος
tlg0003.tlg001	ξύλον	10	exact	ξύλον
tlg0003.tlg001	ἑκατέρωθεν	10	exact	ἑκατέρωθεν
tlg0003.tlg001	παρακελεύομαι	10	exact	παρακελεύομαι
tlg0003.tlg001	θορυβέω	10	exact	θορυβέω
tlg0003.tlg001	ἀξιόλογος	9	exact	ἀξιόλογος
tlg0003.tlg001	περιουσία	9	exact	περιουσία
tlg0003.tlg001	ἀκοή	9	exact	ἀκοή
tlg0003.tlg001	ἐξελαύνω	9	exact	ἐξελαύνω
tlg0003.tlg001	κέρδος	9	exact	κέρδος
tlg0003.tlg001	βίος	9	exact	βίος
tlg0003.tlg001	ποιητής	9	exact	ποιητής
tlg0003.tlg001	ἐφίημι	9	exact	ἐφίημι
tlg0003.tlg001	ἀδελφός	9	exact	ἀδελφός
tlg0003.tlg001	βασιλεία	9	exact	βασιλεία
tlg0003.tlg001	εἰκάζω	9	exact	εἰκάζω
tlg0003.tlg001	μικρός	9	exact	μικρός
tlg0003.tlg001	ἀπιστέω	9	exact	ἀπιστέω
tlg0003.tlg001	κατασκευή	9	exact	κατασκευή
tlg0003.tlg001	ἐπιστρατεύω	9	exact	ἐπιστρατεύω
tlg0003.tlg001	δέκατος	9	exact	δέκατος
tlg0003.tlg001	μελέτη	9	exact	μελέτη
tlg0003.tlg001	ψῆφος	9	exact	ψῆφος
tlg0003.tlg001	παρατυγχάνω	9	exact	παρατυγχάνω
tlg0003.tlg001	σύγκειμαι	9	exact	σύγκειμαι
tlg0003.tlg001	στερέω	9	exact	στερέω
tlg0003.tlg001	ὀγδοήκοντα	9	exact	ὀγδοήκοντα
tlg0003.tlg001	ἐμπίμπρημι	9	exact	ἐμπίμπρημι
tlg0003.tlg001	φίλιος	9	exact	φίλιος
tlg0003.tlg001	χαρίζω	9	exact	χαρίζω
tlg0003.tlg001	δικαστής	9	exact	δικαστής
tlg0003.tlg001	προσπλέω	9	exact	προσπλέω
tlg0003.tlg001	ὄχλος	9	exact	ὄχλος
tlg0003.tlg001	δίωξις	9	exact	δίωξις
tlg0003.tlg001	συνόμνυμι	9	exact	συνόμνυμι
tlg0003.tlg001	νῶτον	9	exact	νῶτον
tlg0003.tlg001	ἐπαναχωρέω	9	exact	ἐπαναχωρέω
tlg0003.tlg001	σωτηρία	9	exact	σωτηρία
tlg0003.tlg001	ἔξωθεν	9	exact	ἔξωθεν
tlg0003.tlg001	ἀρκέω	9	exact	ἀρκέω
tlg0003.tlg001	νόμιμος	9	exact	νόμιμος
tlg0003.tlg001	ἐξηγέομαι	9	exact	ἐξηγέομαι
tlg0003.tlg001	πορθέω	9	exact	πορθέω
tlg0003.tlg001	ἀνθρώπειος	9	exact	ἀνθρώπειος
tlg0003.tlg001	φιλέω	9	exact	φιλέω
tlg0003.tlg001	ἀπειρία	9	exact	ἀπειρία
tlg0003.tlg001	εἰσακούω	9	exact	εἰσακούω
tlg0003.tlg001	πρέπω	9	exact	πρέπω
tlg0003.tlg001	σπουδή	9	exact	σπουδή
tlg0003.tlg001	ἐκπολιορκέω	9	exact	ἐκπολιορκέω
tlg0003.tlg001	ἀδικία	9	exact	ἀδικία
tlg0003.tlg001	μυρίος	9	exact	μυρίος
tlg0003.tlg001	ὅρος	9	exact	ὅρος
tlg0003.tlg001	συμβάλλω	9	exact	συμβάλλω
tlg0003.tlg001	πέραν	9	exact	πέραν
tlg0003.tlg001	εἰσκομίζω	9	exact	εἰσκομίζω
tlg0003.tlg001	κατορθόω	9	exact	κατορθόω
tlg0003.tlg001	ἀκίνδυνος	9	exact	ἀκίνδυνος
tlg0003.tlg001	καθίζω	9	exact	καθίζω
tlg0003.tlg001	ἱδρύω	9	exact	ἱδρύω
tlg0003.tlg001	φάσκω	9	exact	φάσκω
tlg0003.tlg001	εἰσπέμπω	9	exact	εἰσπέμπω
tlg0003.tlg001	ἀντιλαμβάνω	9	exact	ἀντιλαμβάνω
tlg0003.tlg001	ὑφίστημι	9	exact	ὑφίστημι
tlg0003.tlg001	ἀπροσδόκητος	9	exact	ἀπροσδόκητος
tlg0003.tlg001	δόκησις	9	exact	δόκησις
tlg0003.tlg001	ἐκπλήσσω	9	exact	ἐκπλήσσω
tlg0003.tlg001	ἀνδρεῖος	9	exact	ἀνδρεῖος
tlg0003.tlg001	πνεῦμα	9	exact	πνεῦμα
tlg0003.tlg001	ὑποπτεύω	9	exact	ὑποπτεύω
tlg0003.tlg001	περιτειχίζω	9	exact	περιτειχίζω
tlg0003.tlg001	ὑπερβαίνω	9	exact	ὑπερβαίνω
tlg0003.tlg001	ἀκολουθέω	9	exact	ἀκολουθέω
tlg0003.tlg001	περιέχω	9	exact	περιέχω
tlg0003.tlg001	ἐφέπω	9	exact	ἐφέπω
tlg0003.tlg001	Βοιωτάρχης	9	exact	Βοιωτάρχης
tlg0003.tlg001	προγίγνομαι	8	exact	προγίγνομαι
tlg0003.tlg001	ἀκμάζω	8	exact	ἀκμάζω
tlg0003.tlg001	οἰκιστής	8	exact	οἰκιστής
tlg0003.tlg001	ἐρωτάω	8	exact	ἐρωτάω
tlg0003.tlg001	Φοῖνιξ	8	exact	Φοῖνιξ
tlg0003.tlg001	συνάγω	8	exact	συνάγω
tlg0003.tlg001	ὑποδεής	8	exact	ὑποδεής
tlg0003.tlg001	συμπλέω	8	exact	συμπλέω
tlg0003.tlg001	ἔρυμα	8	exact	ἔρυμα
tlg0003.tlg001	Σάμος	8	exact	Σάμος
tlg0003.tlg001	διακρίνω	8	exact	διακρίνω
tlg0003.tlg001	ἄπιστος	8	exact	ἄπιστος
tlg0003.tlg001	καίπερ	8	exact	καίπερ
tlg0003.tlg001	παραπλήσιος	8	exact	παραπλήσιος
tlg0003.tlg001	βεβαιόω	8	exact	βεβαιόω
tlg0003.tlg001	ἥλιος	8	exact	ἥλιος
tlg0003.tlg001	γένος	8	exact	γένος
tlg0003.tlg001	μαντεῖον	8	exact	μαντεῖον
tlg0003.tlg001	ἄσμενος	8	exact	ἄσμενος
tlg0003.tlg001	οὗ	8	exact	οὗ
tlg0003.tlg001	παρίστημι	8	exact	παρίστημι
tlg0003.tlg001	ἔνσπονδος	8	exact	ἔνσπονδος
tlg0003.tlg001	ἁμαρτία	8	exact	ἁμαρτία
tlg0003.tlg001	δαπάνη	8	exact	δαπάνη
tlg0003.tlg001	χρήσιμος	8	exact	χρήσιμος
tlg0003.tlg001	δοῦλος	8	exact	δοῦλος
tlg0003.tlg001	ἐκεῖθεν	8	exact	ἐκεῖθεν
tlg0003.tlg001	προίημι	8	exact	προίημι
tlg0003.tlg001	αἰσχύνω	8	exact	αἰσχύνω
tlg0003.tlg001	ὑποψία	8	exact	ὑποψία
tlg0003.tlg001	βοηθός	8	exact	βοηθός
tlg0003.tlg001	πέμπτος	8	exact	πέμπτος
tlg0003.tlg001	ῥέω	8	exact	ῥέω
tlg0003.tlg001	ἀπολύω	8	exact	ἀπολύω
tlg0003.tlg001	θόρυβος	8	exact	θόρυβος
tlg0003.tlg001	συναφίστημι	8	exact	συναφίστημι
tlg0003.tlg001	ἐπιστέλλω	8	exact	ἐπιστέλλω
tlg0003.tlg001	παραμένω	8	exact	παραμένω
tlg0003.tlg001	σύλλογος	8	exact	σύλλογος
tlg0003.tlg001	προσδέω	8	exact	προσδέω
tlg0003.tlg001	ὑπολαμβάνω	8	exact	ὑπολαμβάνω
tlg0003.tlg001	διαγιγνώσκω	8	exact	διαγιγνώσκω
tlg0003.tlg001	μέλλησις	8	exact	μέλλησις
tlg0003.tlg001	ἀριθμός	8	exact	ἀριθμός
tlg0003.tlg001	στενός	8	exact	στενός
tlg0003.tlg001	βραδύς	8	exact	βραδύς
tlg0003.tlg001	ἡλικία	8	exact	ἡλικία
tlg0003.tlg001	ἐπιθυμέω	8	exact	ἐπιθυμέω
tlg0003.tlg001	φρόνημα	8	exact	φρόνημα
tlg0003.tlg001	οἰκοδόμημα	8	exact	οἰκοδόμημα
tlg0003.tlg001	προφέρω	8	exact	προφέρω
tlg0003.tlg001	πρόσκειμαι	8	exact	πρόσκειμαι
tlg0003.tlg001	ἐπιβαίνω	8	exact	ἐπιβαίνω
tlg0003.tlg001	περιμένω	8	exact	περιμένω
tlg0003.tlg001	ἑπτακόσιοι	8	exact	ἑπτακόσιοι
tlg0003.tlg001	θύω	8	exact	θύω
tlg0003.tlg001	διαπέμπω	8	exact	διαπέμπω
tlg0003.tlg001	ἔνδον	8	exact	ἔνδον
tlg0003.tlg001	δικαιόω	8	exact	δικαιόω
tlg0003.tlg001	φοβερός	8	exact	φοβερός
tlg0003.tlg001	εἰσάγω	8	exact	εἰσάγω
tlg0003.tlg001	συγκαλέω	8	exact	συγκαλέω
tlg0003.tlg001	ἐκστρατεύω	8	exact	ἐκστρατεύω
tlg0003.tlg001	ἐπικηρυκεύομαι	8	exact	ἐπικηρυκεύομαι
tlg0003.tlg001	πρόξενος	8	exact	πρόξενος
tlg0003.tlg001	μᾶλλον	8	exact	μᾶλλον
tlg0003.tlg001	ἐντυγχάνω	8	exact	ἐντυγχάνω
tlg0003.tlg001	κύριος	8	exact	κύριος
tlg0003.tlg001	ζημιόω	8	exact	ζημιόω
tlg0003.tlg001	πῦρ	8	exact	πῦρ
tlg0003.tlg001	ἐπιδιώκω	8	exact	ἐπιδιώκω
tlg0003.tlg001	συμβοηθέω	8	exact	συμβοηθέω
tlg0003.tlg001	ἐνέδρα	8	exact	ἐνέδρα
tlg0003.tlg001	ἄπωθεν	8	exact	ἄπωθεν
tlg0003.tlg001	συμπράσσω	8	exact	συμπράσσω
tlg0003.tlg001	εἴσπλοος	8	exact	εἴσπλοος
tlg0003.tlg001	ὁπόσος	8	exact	ὁπόσος
tlg0003.tlg001	Τραχίς	8	exact	Τραχίς
tlg0003.tlg001	κυκλόω	8	exact	κυκλόω
tlg0003.tlg001	προθυμέομαι	8	exact	προθυμέομαι
tlg0003.tlg001	τροφή	7	exact	τροφή
tlg0003.tlg001	μεταβολή	7	exact	μεταβολή
tlg0003.tlg001	ἔπος	7	exact	ἔπος
tlg0003.tlg001	ἀναδέω	7	exact	ἀναδέω
tlg0003.tlg001	στόλος	7	exact	στόλος
tlg0003.tlg001	οὔκουν	7	exact	οὔκουν
tlg0003.tlg001	μάχιμος	7	exact	μάχιμος
tlg0003.tlg001	πολεμικός	7	exact	πολεμικός
tlg0003.tlg001	συνεχής	7	exact	συνεχής
tlg0003.tlg001	προσέχω	7	exact	προσέχω
tlg0003.tlg001	ὑποτοπέω	7	exact	ὑποτοπέω
tlg0003.tlg001	σύνοιδα	7	exact	σύνοιδα
tlg0003.tlg001	περιτυγχάνω	7	exact	περιτυγχάνω
tlg0003.tlg001	ἀλήθεια	7	exact	ἀλήθεια
tlg0003.tlg001	ὑποδέχομαι	7	exact	ὑποδέχομαι
tlg0003.tlg001	μῖσος	7	exact	μῖσος
tlg0003.tlg001	κηρύσσω	7	exact	κηρύσσω
tlg0003.tlg001	προπέμπω	7	exact	προπέμπω
tlg0003.tlg001	στόμα	7	exact	στόμα
tlg0003.tlg001	πονέω	7	exact	πονέω
tlg0003.tlg001	οὐδέτερος	7	exact	οὐδέτερος
tlg0003.tlg001	εὐεργεσία	7	exact	εὐεργεσία
tlg0003.tlg001	χρεία	7	exact	χρεία
tlg0003.tlg001	ἔχθος	7	exact	ἔχθος
tlg0003.tlg001	μανθάνω	7	exact	μανθάνω
tlg0003.tlg001	ἀπάτη	7	exact	ἀπάτη
tlg0003.tlg001	παράγω	7	exact	παράγω
tlg0003.tlg001	συμμαχέω	7	exact	συμμαχέω
tlg0003.tlg001	ἀδίκημα	7	exact	ἀδίκημα
tlg0003.tlg001	προφανής	7	exact	προφανής
tlg0003.tlg001	ὕβρις	7	exact	ὕβρις
tlg0003.tlg001	πλοῦτος	7	exact	πλοῦτος
tlg0003.tlg001	κοινόω	7	exact	κοινόω
tlg0003.tlg001	βλάβη	7	exact	βλάβη
tlg0003.tlg001	ἀνταποδίδωμι	7	exact	ἀνταποδίδωμι
tlg0003.tlg001	ὁρμίζω	7	exact	ὁρμίζω
tlg0003.tlg001	ἄκρα	7	exact	ἄκρα
tlg0003.tlg001	καθοράω	7	exact	καθοράω
tlg0003.tlg001	ναυάγιον	7	exact	ναυάγιον
tlg0003.tlg001	χωρίς	7	exact	χωρίς
tlg0003.tlg001	ἀπορέω	7	exact	ἀπορέω
tlg0003.tlg001	ἀμαθία	7	exact	ἀμαθία
tlg0003.tlg001	ἐπιτελέω	7	exact	ἐπιτελέω
tlg0003.tlg001	φύω	7	exact	φύω
tlg0003.tlg001	ὅσιος	7	exact	ὅσιος
tlg0003.tlg001	στερίσκω	7	exact	στερίσκω
tlg0003.tlg001	ἀχρεῖος	7	exact	ἀχρεῖος
tlg0003.tlg001	ἄγαν	7	exact	ἄγαν
tlg0003.tlg001	λογίζομαι	7	exact	λογίζομαι
tlg0003.tlg001	πῶς	7	exact	πῶς
tlg0003.tlg001	μελετάω	7	exact	μελετάω
tlg0003.tlg001	τρέφω	7	exact	τρέφω
tlg0003.tlg001	ὧδε	7	exact	ὧδε
tlg0003.tlg001	πίπτω	7	exact	πίπτω
tlg0003.tlg001	ἡδύς	7	exact	ἡδύς
tlg0003.tlg001	στήλη	7	exact	στήλη
tlg0003.tlg001	νεωστί	7	exact	νεωστί
tlg0003.tlg001	ἐννέα	7	exact	ἐννέα
tlg0003.tlg001	διακωλύω	7	exact	διακωλύω
tlg0003.tlg001	ἀναλίσκω	7	exact	ἀναλίσκω
tlg0003.tlg001	κατέρχομαι	7	exact	κατέρχομαι
tlg0003.tlg001	δημοκρατία	7	exact	δημοκρατία
tlg0003.tlg001	περιαγγέλλω	7	exact	περιαγγέλλω
tlg0003.tlg001	ἐφορμάω	7	exact	ἐφορμάω
tlg0003.tlg001	εὐτυχία	7	exact	εὐτυχία
tlg0003.tlg001	ἄγος	7	exact	ἄγος
tlg0003.tlg001	ἐπιστολή	7	exact	ἐπιστολή
tlg0003.tlg001	ἀξίωμα	7	exact	ἀξίωμα
tlg0003.tlg001	παραβάλλω	7	exact	παραβάλλω
tlg0003.tlg001	προαισθάνομαι	7	exact	προαισθάνομαι
tlg0003.tlg001	εὐεργέτης	7	exact	εὐεργέτης
tlg0003.tlg001	ὁλκάς	7	exact	ὁλκάς
tlg0003.tlg001	ψήφισμα	7	exact	ψήφισμα
tlg0003.tlg001	καθά	7	exact	καθά
tlg0003.tlg001	ἐπιθαλάσσιος	7	exact	ἐπιθαλάσσιος
tlg0003.tlg001	ὀρέγω	7	exact	ὀρέγω
tlg0003.tlg001	ἀντιτάσσω	7	exact	ἀντιτάσσω
tlg0003.tlg001	ἐπαγγέλλω	7	exact	ἐπαγγέλλω
tlg0003.tlg001	κλῖμαξ	7	exact	κλῖμαξ
tlg0003.tlg001	ἀσπίς	7	exact	ἀσπίς
tlg0003.tlg001	ἐγκαταλαμβάνω	7	exact	ἐγκαταλαμβάνω
tlg0003.tlg001	ἐγγίγνομαι	6	exact	ἐγγίγνομαι
tlg0003.tlg001	αὐξάνω	6	exact	αὐξάνω
tlg0003.tlg001	Ὅμηρος	6	exact	Ὅμηρος
tlg0003.tlg001	λῃστεία	6	exact	λῃστεία
tlg0003.tlg001	αἰσχύνη	6	exact	αἰσχύνη
tlg0003.tlg001	λῃστής	6	exact	λῃστής
tlg0003.tlg001	δίαιτα	6	exact	δίαιτα
tlg0003.tlg001	κάτω	6	exact	κάτω
tlg0003.tlg001	Ἀσία	6	exact	Ἀσία
tlg0003.tlg001	περιποιέω	6	exact	περιποιέω
tlg0003.tlg001	συνοικίζω	6	exact	συνοικίζω
tlg0003.tlg001	προσκαθέζομαι	6	exact	προσκαθέζομαι
tlg0003.tlg001	ῥητός	6	exact	ῥητός
tlg0003.tlg001	ὀψέ	6	exact	ὀψέ
tlg0003.tlg001	ἐνοικέω	6	exact	ἐνοικέω
tlg0003.tlg001	κατάλυσις	6	exact	κατάλυσις
tlg0003.tlg001	πρόοιδα	6	exact	πρόοιδα
tlg0003.tlg001	μεταβάλλω	6	exact	μεταβάλλω
tlg0003.tlg001	χαλεπαίνω	6	exact	χαλεπαίνω
tlg0003.tlg001	καταβάλλω	6	exact	καταβάλλω
tlg0003.tlg001	δικάζω	6	exact	δικάζω
tlg0003.tlg001	ἀκρωτήριον	6	exact	ἀκρωτήριον
tlg0003.tlg001	ἑκούσιος	6	exact	ἑκούσιος
tlg0003.tlg001	σωφροσύνη	6	exact	σωφροσύνη
tlg0003.tlg001	συγγνώμη	6	exact	συγγνώμη
tlg0003.tlg001	λυπηρός	6	exact	λυπηρός
tlg0003.tlg001	προνοέω	6	exact	προνοέω
tlg0003.tlg001	μάρτυς	6	exact	μάρτυς
tlg0003.tlg001	ἐξουσία	6	exact	ἐξουσία
tlg0003.tlg001	σωφρονέω	6	exact	σωφρονέω
tlg0003.tlg001	δίς	6	exact	δίς
tlg0003.tlg001	παραβοηθέω	6	exact	παραβοηθέω
tlg0003.tlg001	πη	6	exact	πη
tlg0003.tlg001	καταδιώκω	6	exact	καταδιώκω
tlg0003.tlg001	ἐμβάλλω	6	exact	ἐμβάλλω
tlg0003.tlg001	καταδύω	6	exact	καταδύω
tlg0003.tlg001	ἐξαπίνης	6	exact	ἐξαπίνης
tlg0003.tlg001	πρύμνα	6	exact	πρύμνα
tlg0003.tlg001	ἄλλοτε	6	exact	ἄλλοτε
tlg0003.tlg001	ποι	6	exact	ποι
tlg0003.tlg001	ἀγγελία	6	exact	ἀγγελία
tlg0003.tlg001	ἀντικαθίστημι	6	exact	ἀντικαθίστημι
tlg0003.tlg001	διακινδυνεύω	6	exact	διακινδυνεύω
tlg0003.tlg001	ἀποτειχίζω	6	exact	ἀποτειχίζω
tlg0003.tlg001	λυπέω	6	exact	λυπέω
tlg0003.tlg001	ἐρημία	6	exact	ἐρημία
tlg0003.tlg001	τολμηρός	6	exact	τολμηρός
tlg0003.tlg001	σκεδάννυμι	6	exact	σκεδάννυμι
tlg0003.tlg001	μηκύνω	6	exact	μηκύνω
tlg0003.tlg001	ἀλκή	6	exact	ἀλκή
tlg0003.tlg001	καταπλήσσω	6	exact	καταπλήσσω
tlg0003.tlg001	ἐξεργάζομαι	6	exact	ἐξεργάζομαι
tlg0003.tlg001	πορίζω	6	exact	πορίζω
tlg0003.tlg001	σπεύδω	6	exact	σπεύδω
tlg0003.tlg001	τέταρτος	6	exact	τέταρτος
tlg0003.tlg001	περίβολος	6	exact	περίβολος
tlg0003.tlg001	ἀναμένω	6	exact	ἀναμένω
tlg0003.tlg001	κατηγορέω	6	exact	κατηγορέω
tlg0003.tlg001	κατασκευάζω	6	exact	κατασκευάζω
tlg0003.tlg001	ἄπειμι	6	exact	ἄπειμι
tlg0003.tlg001	ἕκτος	6	exact	ἕκτος
tlg0003.tlg001	κατοικέω	6	exact	κατοικέω
tlg0003.tlg001	ἧσσα	6	exact	ἧσσα
tlg0003.tlg001	μαλακία	6	exact	μαλακία
tlg0003.tlg001	κατανοέω	6	exact	κατανοέω
tlg0003.tlg001	βωμός	6	exact	βωμός
tlg0003.tlg001	πάροδος	6	exact	πάροδος
tlg0003.tlg001	ἐλευθέρωσις	6	exact	ἐλευθέρωσις
tlg0003.tlg001	οὗπερ	6	exact	οὗπερ
tlg0003.tlg001	προστάσσω	6	exact	προστάσσω
tlg0003.tlg001	ὀφείλω	6	exact	ὀφείλω
tlg0003.tlg001	γέφυρα	6	exact	γέφυρα
tlg0003.tlg001	ἐπιτάσσω	6	exact	ἐπιτάσσω
tlg0003.tlg001	ἦ	6	exact	ἦ
tlg0003.tlg001	ἀσύνετος	6	exact	ἀσύνετος
tlg0003.tlg001	μέτοικος	6	exact	μέτοικος
tlg0003.tlg001	κυβερνήτης	6	exact	κυβερνήτης
tlg0003.tlg001	κήρυγμα	6	exact	κήρυγμα
tlg0003.tlg001	ἀκούσιος	6	exact	ἀκούσιος
tlg0003.tlg001	ἕ	6	exact	ἕ
tlg0003.tlg001	μάλιστα	6	exact	μάλιστα
tlg0003.tlg001	φρονέω	6	exact	φρονέω
tlg0003.tlg001	κακουργέω	6	exact	κακουργέω
tlg0003.tlg001	προάστειον	6	exact	προάστειον
tlg0003.tlg001	παρανομέω	6	exact	παρανομέω
tlg0003.tlg001	τέρπω	6	exact	τέρπω
tlg0003.tlg001	πατρίς	6	exact	πατρίς
tlg0003.tlg001	ἀφανίζω	6	exact	ἀφανίζω
tlg0003.tlg001	μαλακίζομαι	6	exact	μαλακίζομαι
tlg0003.tlg001	πρόσειμι	6	exact	πρόσειμι
tlg0003.tlg001	ἥρως	6	exact	ἥρως
tlg0003.tlg001	ἔσω	6	exact	ἔσω
tlg0003.tlg001	θεῖος	6	exact	θεῖος
tlg0003.tlg001	εἰσακοντίζω	6	exact	εἰσακοντίζω
tlg0003.tlg001	μονόω	6	exact	μονόω
tlg0003.tlg001	εὐρυχωρία	6	exact	εὐρυχωρία
tlg0003.tlg001	ταραχή	6	exact	ταραχή
tlg0003.tlg001	ἄφνω	6	exact	ἄφνω
tlg0003.tlg001	ἔκπληξις	6	exact	ἔκπληξις
tlg0003.tlg001	νόος	6	exact	νόος
tlg0003.tlg001	οἶκτος	6	exact	οἶκτος
tlg0003.tlg001	ἐξαιρέω	6	exact	ἐξαιρέω
tlg0003.tlg001	σκυλεύω	6	exact	σκυλεύω
tlg0003.tlg001	ἀπολέγω	6	exact	ἀπολέγω
tlg0003.tlg001	ἄδολος	6	exact	ἄδολος
tlg0003.tlg001	τώς	6	exact	τώς
tlg0003.tlg001	ἄδηλος	5	exact	ἄδηλος
tlg0003.tlg001	ἀπανίστημι	5	exact	ἀπανίστημι
tlg0003.tlg001	ἀλλόφυλος	5	exact	ἀλλόφυλος
tlg0003.tlg001	οὐδαμοῦ	5	exact	οὐδαμοῦ
tlg0003.tlg001	Κάρ	5	exact	Κάρ
tlg0003.tlg001	ἄφρακτος	5	exact	ἄφρακτος
tlg0003.tlg001	κεφαλή	5	exact	κεφαλή
tlg0003.tlg001	σκευή	5	exact	σκευή
tlg0003.tlg001	ἆθλον	5	exact	ἆθλον
tlg0003.tlg001	μαρτύριον	5	exact	μαρτύριον
tlg0003.tlg001	θήκη	5	exact	θήκη
tlg0003.tlg001	μήτηρ	5	exact	μήτηρ
tlg0003.tlg001	ἐρημόω	5	exact	ἐρημόω
tlg0003.tlg001	κοσμέω	5	exact	κοσμέω
tlg0003.tlg001	τυραννίς	5	exact	τυραννίς
tlg0003.tlg001	ἀστυγείτων	5	exact	ἀστυγείτων
tlg0003.tlg001	ἄλλοθι	5	exact	ἄλλοθι
tlg0003.tlg001	κώλυμα	5	exact	κώλυμα
tlg0003.tlg001	περίοικος	5	exact	περίοικος
tlg0003.tlg001	ὑποτελής	5	exact	ὑποτελής
tlg0003.tlg001	ἑξῆς	5	exact	ἑξῆς
tlg0003.tlg001	ἐπιχώριος	5	exact	ἐπιχώριος
tlg0003.tlg001	πώποτε	5	exact	πώποτε
tlg0003.tlg001	ἄλλοθεν	5	exact	ἄλλοθεν
tlg0003.tlg001	ποθεν	5	exact	ποθεν
tlg0003.tlg001	ἐπίπονος	5	exact	ἐπίπονος
tlg0003.tlg001	κρίσις	5	exact	κρίσις
tlg0003.tlg001	μητρόπολις	5	exact	μητρόπολις
tlg0003.tlg001	συναλλάσσω	5	exact	συναλλάσσω
tlg0003.tlg001	προίσχω	5	exact	προίσχω
tlg0003.tlg001	περιέρχομαι	5	exact	περιέρχομαι
tlg0003.tlg001	ἀντιλογία	5	exact	ἀντιλογία
tlg0003.tlg001	συντυχία	5	exact	συντυχία
tlg0003.tlg001	μετέρχομαι	5	exact	μετέρχομαι
tlg0003.tlg001	ἄσπονδος	5	exact	ἄσπονδος
tlg0003.tlg001	προβάλλω	5	exact	προβάλλω
tlg0003.tlg001	διαφερόντως	5	exact	διαφερόντως
tlg0003.tlg001	ἀπογίγνομαι	5	exact	ἀπογίγνομαι
tlg0003.tlg001	δίχα	5	exact	δίχα
tlg0003.tlg001	ἀντιδίδωμι	5	exact	ἀντιδίδωμι
tlg0003.tlg001	περιπίπτω	5	exact	περιπίπτω
tlg0003.tlg001	ἀποδέχομαι	5	exact	ἀποδέχομαι
tlg0003.tlg001	μεταγιγνώσκω	5	exact	μεταγιγνώσκω
tlg0003.tlg001	λίμνη	5	exact	λίμνη
tlg0003.tlg001	ὁρίζω	5	exact	ὁρίζω
tlg0003.tlg001	ῥώμη	5	exact	ῥώμη
tlg0003.tlg001	ζωγρέω	5	exact	ζωγρέω
tlg0003.tlg001	ἀγνοέω	5	exact	ἀγνοέω
tlg0003.tlg001	ὁποῖος	5	exact	ὁποῖος
tlg0003.tlg001	προσκομίζω	5	exact	προσκομίζω
tlg0003.tlg001	κρούω	5	exact	κρούω
tlg0003.tlg001	ὀκτακόσιοι	5	exact	ὀκτακόσιοι
tlg0003.tlg001	ἑτοιμάζω	5	exact	ἑτοιμάζω
tlg0003.tlg001	προαγορεύω	5	exact	προαγορεύω
tlg0003.tlg001	ἀμελέω	5	exact	ἀμελέω
tlg0003.tlg001	κρατύνω	5	exact	κρατύνω
tlg0003.tlg001	κατηγορία	5	exact	κατηγορία
tlg0003.tlg001	ἀπράγμων	5	exact	ἀπράγμων
tlg0003.tlg001	ὑπόμνησις	5	exact	ὑπόμνησις
tlg0003.tlg001	καταναγκάζω	5	exact	καταναγκάζω
tlg0003.tlg001	προάγω	5	exact	προάγω
tlg0003.tlg001	πλεονεκτέω	5	exact	πλεονεκτέω
tlg0003.tlg001	φείδομαι	5	exact	φείδομαι
tlg0003.tlg001	ἐγχειρέω	5	exact	ἐγχειρέω
tlg0003.tlg001	εὐπραγία	5	exact	εὐπραγία
tlg0003.tlg001	ἄχθομαι	5	exact	ἄχθομαι
tlg0003.tlg001	ἀμαθής	5	exact	ἀμαθής
tlg0003.tlg001	καταπροδίδωμι	5	exact	καταπροδίδωμι
tlg0003.tlg001	ὕψος	5	exact	ὕψος
tlg0003.tlg001	διάγω	5	exact	διάγω
tlg0003.tlg001	δῆθεν	5	exact	δῆθεν
tlg0003.tlg001	βούλησις	5	exact	βούλησις
tlg0003.tlg001	πηλός	5	exact	πηλός
tlg0003.tlg001	φοιτάω	5	exact	φοιτάω
tlg0003.tlg001	ἀντιπέρας	5	exact	ἀντιπέρας
tlg0003.tlg001	τετρακισχίλιοι	5	exact	τετρακισχίλιοι
tlg0003.tlg001	περιαιρέω	5	exact	περιαιρέω
tlg0003.tlg001	διαπλέω	5	exact	διαπλέω
tlg0003.tlg001	ἄστυ	5	exact	ἄστυ
tlg0003.tlg001	διαβολή	5	exact	διαβολή
tlg0003.tlg001	σός	5	exact	σός
tlg0003.tlg001	γράμμα	5	exact	γράμμα
tlg0003.tlg001	ψεύδω	5	exact	ψεύδω
tlg0003.tlg001	γενναῖος	5	exact	γενναῖος
tlg0003.tlg001	καταφέρω	5	exact	καταφέρω
tlg0003.tlg001	ἐπικίνδυνος	5	exact	ἐπικίνδυνος
tlg0003.tlg001	γλῶσσα	5	exact	γλῶσσα
tlg0003.tlg001	οἶνος	5	exact	οἶνος
tlg0003.tlg001	πενία	5	exact	πενία
tlg0003.tlg001	σχολή	5	exact	σχολή
tlg0003.tlg001	τρίς	5	exact	τρίς
tlg0003.tlg001	δίοδος	5	exact	δίοδος
tlg0003.tlg001	κατακαίω	5	exact	κατακαίω
tlg0003.tlg001	ἐκτός	5	exact	ἐκτός
tlg0003.tlg001	εὔψυχος	5	exact	εὔψυχος
tlg0003.tlg001	πρόγονος	5	exact	πρόγονος
tlg0003.tlg001	θαρσύνω	5	exact	θαρσύνω
tlg0003.tlg001	ἔποικος	5	exact	ἔποικος
tlg0003.tlg001	ἀπατάω	5	exact	ἀπατάω
tlg0003.tlg001	ἀναίρεσις	5	exact	ἀναίρεσις
tlg0003.tlg001	ὑψηλός	5	exact	ὑψηλός
tlg0003.tlg001	θυσία	5	exact	θυσία
tlg0003.tlg001	ἐπιμέλεια	5	exact	ἐπιμέλεια
tlg0003.tlg001	ἀίδιος	5	exact	ἀίδιος
tlg0003.tlg001	ἀγάλλω	5	exact	ἀγάλλω
tlg0003.tlg001	νόσημα	5	exact	νόσημα
tlg0003.tlg001	ἀνέλπιστος	5	exact	ἀνέλπιστος
tlg0003.tlg001	ἐπιλαμβάνω	5	exact	ἐπιλαμβάνω
tlg0003.tlg001	ἐπιβάλλω	5	exact	ἐπιβάλλω
tlg0003.tlg001	ὀρθόω	5	exact	ὀρθόω
tlg0003.tlg001	μεταμέλομαι	5	exact	μεταμέλομαι
tlg0003.tlg001	ὁμόσε	5	exact	ὁμόσε
tlg0003.tlg001	ναύαρχος	5	exact	ναύαρχος
tlg0003.tlg001	κόπτω	5	exact	κόπτω
tlg0003.tlg001	ἀποκλείω	5	exact	ἀποκλείω
tlg0003.tlg001	ὑπάγω	5	exact	ὑπάγω
tlg0003.tlg001	φλόξ	5	exact	φλόξ
tlg0003.tlg001	ἀριστερός	5	exact	ἀριστερός
tlg0003.tlg001	διέχω	5	exact	διέχω
tlg0003.tlg001	σύμβουλος	5	exact	σύμβουλος
tlg0003.tlg001	ἐκφοβέω	5	exact	ἐκφοβέω
tlg0003.tlg001	καθίημι	5	exact	καθίημι
tlg0003.tlg001	πόντος	5	exact	πόντος
tlg0003.tlg001	δῶρον	5	exact	δῶρον
tlg0003.tlg001	ἀποκνέω	5	exact	ἀποκνέω
tlg0003.tlg001	ὁπλίζω	5	exact	ὁπλίζω
tlg0003.tlg001	μνᾶ	5	exact	μνᾶ
tlg0003.tlg001	περιπέμπω	5	exact	περιπέμπω
tlg0003.tlg001	λῃστεύω	5	exact	λῃστεύω
tlg0003.tlg001	τόξευμα	5	exact	τόξευμα
tlg0003.tlg001	συγκλείω	5	exact	συγκλείω
tlg0003.tlg001	ἀναβάλλω	5	exact	ἀναβάλλω
tlg0003.tlg001	ἀποφέρω	5	exact	ἀποφέρω
tlg0003.tlg001	πανταχοῦ	4	exact	πανταχοῦ
tlg0003.tlg001	ἐμποιέω	4	exact	ἐμποιέω
tlg0003.tlg001	ἐπωνυμία	4	exact	ἐπωνυμία
tlg0003.tlg001	συνίημι	4	exact	συνίημι
tlg0003.tlg001	λῃστικός	4	exact	λῃστικός
tlg0003.tlg001	ἐντεῦθεν	4	exact	ἐντεῦθεν
tlg0003.tlg001	οἴκησις	4	exact	οἴκησις
tlg0003.tlg001	σίδηρος	4	exact	σίδηρος
tlg0003.tlg001	φορέω	4	exact	φορέω
tlg0003.tlg001	διαιτάω	4	exact	διαιτάω
tlg0003.tlg001	πρόσοικος	4	exact	πρόσοικος
tlg0003.tlg001	θαλάσσιος	4	exact	θαλάσσιος
tlg0003.tlg001	καθαίρω	4	exact	καθαίρω
tlg0003.tlg001	πλούσιος	4	exact	πλούσιος
tlg0003.tlg001	ἀγείρω	4	exact	ἀγείρω
tlg0003.tlg001	ἀξιόχρεως	4	exact	ἀξιόχρεως
tlg0003.tlg001	μοῖρα	4	exact	μοῖρα
tlg0003.tlg001	διπλάσιος	4	exact	διπλάσιος
tlg0003.tlg001	χρόνιος	4	exact	χρόνιος
tlg0003.tlg001	τελευτή	4	exact	τελευτή
tlg0003.tlg001	ἐμπόριον	4	exact	ἐμπόριον
tlg0003.tlg001	Κῦρος	4	exact	Κῦρος
tlg0003.tlg001	τυραννεύω	4	exact	τυραννεύω
tlg0003.tlg001	κατάστρωμα	4	exact	κατάστρωμα
tlg0003.tlg001	ἄτολμος	4	exact	ἄτολμος
tlg0003.tlg001	ὀλιγαρχία	4	exact	ὀλιγαρχία
tlg0003.tlg001	ἀκρόασις	4	exact	ἀκρόασις
tlg0003.tlg001	ἐπιφανής	4	exact	ἐπιφανής
tlg0003.tlg001	πεζομαχία	4	exact	πεζομαχία
tlg0003.tlg001	χρηστήριον	4	exact	χρηστήριον
tlg0003.tlg001	ἐπαμύνω	4	exact	ἐπαμύνω
tlg0003.tlg001	δραχμή	4	exact	δραχμή
tlg0003.tlg001	ἐπικουρία	4	exact	ἐπικουρία
tlg0003.tlg001	ἐπιτήδευμα	4	exact	ἐπιτήδευμα
tlg0003.tlg001	κακία	4	exact	κακία
tlg0003.tlg001	πρόκειμαι	4	exact	πρόκειμαι
tlg0003.tlg001	παράπλοος	4	exact	παράπλοος
tlg0003.tlg001	αὐτάρκης	4	exact	αὐτάρκης
tlg0003.tlg001	ἀποστερέω	4	exact	ἀποστερέω
tlg0003.tlg001	ὑφαιρέω	4	exact	ὑφαιρέω
tlg0003.tlg001	ἀκοντιστής	4	exact	ἀκοντιστής
tlg0003.tlg001	θυμός	4	exact	θυμός
tlg0003.tlg001	ἐπιστήμη	4	exact	ἐπιστήμη
tlg0003.tlg001	σποράς	4	exact	σποράς
tlg0003.tlg001	λαμπρός	4	exact	λαμπρός
tlg0003.tlg001	ἕλκω	4	exact	ἕλκω
tlg0003.tlg001	ἀθροίζω	4	exact	ἀθροίζω
tlg0003.tlg001	παιανίζω	4	exact	παιανίζω
tlg0003.tlg001	διάλυσις	4	exact	διάλυσις
tlg0003.tlg001	οἴκαδε	4	exact	οἴκαδε
tlg0003.tlg001	προσπέμπω	4	exact	προσπέμπω
tlg0003.tlg001	ἐκφέρω	4	exact	ἐκφέρω
tlg0003.tlg001	ἐθελοντής	4	exact	ἐθελοντής
tlg0003.tlg001	καταφανής	4	exact	καταφανής
tlg0003.tlg001	ἐνάγω	4	exact	ἐνάγω
tlg0003.tlg001	ὑπονοέω	4	exact	ὑπονοέω
tlg0003.tlg001	ἐκλογίζομαι	4	exact	ἐκλογίζομαι
tlg0003.tlg001	ἐπιγιγνώσκω	4	exact	ἐπιγιγνώσκω
tlg0003.tlg001	συναιρέω	4	exact	συναιρέω
tlg0003.tlg001	ἀπολογέομαι	4	exact	ἀπολογέομαι
tlg0003.tlg001	δήλωσις	4	exact	δήλωσις
tlg0003.tlg001	δουλεύω	4	exact	δουλεύω
tlg0003.tlg001	ἐπιεικής	4	exact	ἐπιεικής
tlg0003.tlg001	χρεών	4	exact	χρεών
tlg0003.tlg001	τάχα	4	exact	τάχα
tlg0003.tlg001	παράλογος	4	exact	παράλογος
tlg0003.tlg001	εὐβουλία	4	exact	εὐβουλία
tlg0003.tlg001	ὑπερφέρω	4	exact	ὑπερφέρω
tlg0003.tlg001	μήπω	4	exact	μήπω
tlg0003.tlg001	σχολαῖος	4	exact	σχολαῖος
tlg0003.tlg001	εὐψυχία	4	exact	εὐψυχία
tlg0003.tlg001	παρίημι	4	exact	παρίημι
tlg0003.tlg001	μόριον	4	exact	μόριον
tlg0003.tlg001	διαπράσσω	4	exact	διαπράσσω
tlg0003.tlg001	ὑποχείριος	4	exact	ὑποχείριος
tlg0003.tlg001	τελέω	4	exact	τελέω
tlg0003.tlg001	ἐπιβουλή	4	exact	ἐπιβουλή
tlg0003.tlg001	εὔπορος	4	exact	εὔπορος
tlg0003.tlg001	μέταλλον	4	exact	μέταλλον
tlg0003.tlg001	ἄκρον	4	exact	ἄκρον
tlg0003.tlg001	νεώριον	4	exact	νεώριον
tlg0003.tlg001	ἐπιμένω	4	exact	ἐπιμένω
tlg0003.tlg001	κατακλείω	4	exact	κατακλείω
tlg0003.tlg001	ἄλλῃ	4	exact	ἄλλῃ
tlg0003.tlg001	Σικυών	4	exact	Σικυών
tlg0003.tlg001	ἑκκαίδεκα	4	exact	ἑκκαίδεκα
tlg0003.tlg001	προτιμάω	4	exact	προτιμάω
tlg0003.tlg001	διδαχή	4	exact	διδαχή
tlg0003.tlg001	κριτής	4	exact	κριτής
tlg0003.tlg001	ὀκνέω	4	exact	ὀκνέω
tlg0003.tlg001	δαπανάω	4	exact	δαπανάω
tlg0003.tlg001	πταίω	4	exact	πταίω
tlg0003.tlg001	ἀμέλεια	4	exact	ἀμέλεια
tlg0003.tlg001	ἔθος	4	exact	ἔθος
tlg0003.tlg001	συναγωνίζομαι	4	exact	συναγωνίζομαι
tlg0003.tlg001	πολιτικός	4	exact	πολιτικός
tlg0003.tlg001	ὀστέον	4	exact	ὀστέον
tlg0003.tlg001	ἐκβάλλω	4	exact	ἐκβάλλω
tlg0003.tlg001	ἀποδιδράσκω	4	exact	ἀποδιδράσκω
tlg0003.tlg001	ἐμός	4	exact	ἐμός
tlg0003.tlg001	ἀνήκεστος	4	exact	ἀνήκεστος
tlg0003.tlg001	κρύπτω	4	exact	κρύπτω
tlg0003.tlg001	θύρα	4	exact	θύρα
tlg0003.tlg001	νοσέω	4	exact	νοσέω
tlg0003.tlg001	ἔνδηλος	4	exact	ἔνδηλος
tlg0003.tlg001	δικαίωσις	4	exact	δικαίωσις
tlg0003.tlg001	ναύτης	4	exact	ναύτης
tlg0003.tlg001	διαμάχομαι	4	exact	διαμάχομαι
tlg0003.tlg001	θαρσαλέος	4	exact	θαρσαλέος
tlg0003.tlg001	ἐξαπατάω	4	exact	ἐξαπατάω
tlg0003.tlg001	συστρέφω	4	exact	συστρέφω
tlg0003.tlg001	ἀκόντιον	4	exact	ἀκόντιον
tlg0003.tlg001	αἴσθησις	4	exact	αἴσθησις
tlg0003.tlg001	νεότης	4	exact	νεότης
tlg0003.tlg001	ἀείδω	4	exact	ἀείδω
tlg0003.tlg001	ὁρμή	4	exact	ὁρμή
tlg0003.tlg001	καταφρονέω	4	exact	καταφρονέω
tlg0003.tlg001	συμπέμπω	4	exact	συμπέμπω
tlg0003.tlg001	συγγίγνομαι	4	exact	συγγίγνομαι
tlg0003.tlg001	σκῦλον	4	exact	σκῦλον
tlg0003.tlg001	κρήνη	4	exact	κρήνη
tlg0003.tlg001	παράνομος	4	exact	παράνομος
tlg0003.tlg001	ἐνδιατρίβω	4	exact	ἐνδιατρίβω
tlg0003.tlg001	χῶρος	4	exact	χῶρος
tlg0003.tlg001	ἀκροάομαι	4	exact	ἀκροάομαι
tlg0003.tlg001	καθήκω	4	exact	καθήκω
tlg0003.tlg001	ἐπειδάν	4	exact	ἐπειδάν
tlg0003.tlg001	φθόνος	4	exact	φθόνος
tlg0003.tlg001	φθονέω	4	exact	φθονέω
tlg0003.tlg001	ἀπρεπής	4	exact	ἀπρεπής
tlg0003.tlg001	ἀνδρεία	4	exact	ἀνδρεία
tlg0003.tlg001	ἀμβλύς	4	exact	ἀμβλύς
tlg0003.tlg001	εἶδος	4	exact	εἶδος
tlg0003.tlg001	κάμνω	4	exact	κάμνω
tlg0003.tlg001	λαγχάνω	4	exact	λαγχάνω
tlg0003.tlg001	λοιμός	4	exact	λοιμός
tlg0003.tlg001	ὑγιής	4	exact	ὑγιής
tlg0003.tlg001	ταλαιπωρία	4	exact	ταλαιπωρία
tlg0003.tlg001	γυμνός	4	exact	γυμνός
tlg0003.tlg001	ἐφέζομαι	4	exact	ἐφέζομαι
tlg0003.tlg001	αἵρεσις	4	exact	αἵρεσις
tlg0003.tlg001	μισέω	4	exact	μισέω
tlg0003.tlg001	πρόνοια	4	exact	πρόνοια
tlg0003.tlg001	ταράσσω	4	exact	ταράσσω
tlg0003.tlg001	ἐπιλείπω	4	exact	ἐπιλείπω
tlg0003.tlg001	ἐγχώριος	4	exact	ἐγχώριος
tlg0003.tlg001	δένδρον	4	exact	δένδρον
tlg0003.tlg001	ξύλινος	4	exact	ξύλινος
tlg0003.tlg001	ἐφίστημι	4	exact	ἐφίστημι
tlg0003.tlg001	πλίνθος	4	exact	πλίνθος
tlg0003.tlg001	ἀμφίβολος	4	exact	ἀμφίβολος
tlg0003.tlg001	ἅλυσις	4	exact	ἅλυσις
tlg0003.tlg001	κεραία	4	exact	κεραία
tlg0003.tlg001	αὐτοβοεί	4	exact	αὐτοβοεί
tlg0003.tlg001	ἀναφέρω	4	exact	ἀναφέρω
tlg0003.tlg001	καθέλκω	4	exact	καθέλκω
tlg0003.tlg001	διαλλάσσω	4	exact	διαλλάσσω
tlg0003.tlg001	Παίονες	4	exact	Παίονες
tlg0003.tlg001	πολλαπλάσιος	4	exact	πολλαπλάσιος
tlg0003.tlg001	ῥεῦμα	4	exact	ῥεῦμα
tlg0003.tlg001	ἔφορμος	4	exact	ἔφορμος
tlg0003.tlg001	συνεπάγω	4	exact	συνεπάγω
tlg0003.tlg001	εἰσφέρω	4	exact	εἰσφέρω
tlg0003.tlg001	προσβαίνω	4	exact	προσβαίνω
tlg0003.tlg001	ἀσαφής	4	exact	ἀσαφής
tlg0003.tlg001	τοξεύω	4	exact	τοξεύω
tlg0003.tlg001	διάβασις	4	exact	διάβασις
tlg0003.tlg001	χαράδρα	4	exact	χαράδρα
tlg0003.tlg001	περιτείχισμα	4	exact	περιτείχισμα
tlg0003.tlg001	ἡβάω	4	exact	ἡβάω
tlg0003.tlg001	φαῦλος	4	exact	φαῦλος
tlg0003.tlg001	δεινότης	4	exact	δεινότης
tlg0003.tlg001	ἐπιείκεια	4	exact	ἐπιείκεια
tlg0003.tlg001	ἀμνημονέω	4	exact	ἀμνημονέω
tlg0003.tlg001	ἰσχυρίζομαι	4	exact	ἰσχυρίζομαι
tlg0003.tlg001	πλεονεξία	4	exact	πλεονεξία
tlg0003.tlg001	εὐπορία	4	exact	εὐπορία
tlg0003.tlg001	ἀδόκητος	4	exact	ἀδόκητος
tlg0003.tlg001	ἐπίνοια	4	exact	ἐπίνοια
tlg0003.tlg001	ἐνοικοδομέω	4	exact	ἐνοικοδομέω
tlg0003.tlg001	ἐπιβοάω	4	exact	ἐπιβοάω
tlg0003.tlg001	προστάτης	4	exact	προστάτης
tlg0003.tlg001	αὐτομολέω	4	exact	αὐτομολέω
tlg0003.tlg001	ἀποκομίζω	4	exact	ἀποκομίζω
tlg0003.tlg001	συναλλαγή	4	exact	συναλλαγή
tlg0003.tlg001	κάθοδος	4	exact	κάθοδος
tlg0003.tlg001	ἐπανέρχομαι	4	exact	ἐπανέρχομαι
tlg0003.tlg001	αὐλίζομαι	4	exact	αὐλίζομαι
tlg0003.tlg001	θεωρέω	4	exact	θεωρέω
tlg0003.tlg001	χορός	4	exact	χορός
tlg0003.tlg001	ἔνθα	4	exact	ἔνθα
tlg0003.tlg001	θέω	4	exact	θέω
tlg0003.tlg001	ἀπαιτέω	4	exact	ἀπαιτέω
tlg0003.tlg001	αὐτόσε	4	exact	αὐτόσε
tlg0003.tlg001	ἐπίμαχος	4	exact	ἐπίμαχος
tlg0003.tlg001	ἐκκρούω	4	exact	ἐκκρούω
tlg0003.tlg001	ὠθέω	4	exact	ὠθέω
tlg0003.tlg001	τραυματίζω	4	exact	τραυματίζω
tlg0003.tlg001	κύκλωσις	4	exact	κύκλωσις
tlg0003.tlg001	ὑπεροράω	4	exact	ὑπεροράω
tlg0003.tlg001	θρόος	4	exact	θρόος
tlg0003.tlg001	ἐπακολουθέω	4	exact	ἐπακολουθέω
tlg0003.tlg001	τῷ	4	exact	τῷ
tlg0003.tlg001	ἄμφω	4	exact	ἄμφω
tlg0003.tlg001	δεχήμερος	4	exact	δεχήμερος
tlg0003.tlg001	ἀνανεόομαι	4	exact	ἀνανεόομαι
tlg0003.tlg001	ἐξορκόω	4	exact	ἐξορκόω
tlg0003.tlg001	τεκμαίρομαι	3	exact	τεκμαίρομαι
tlg0003.tlg001	κίνησις	3	exact	κίνησις
tlg0003.tlg001	τεκμηριόω	3	exact	τεκμηριόω
tlg0003.tlg001	ἐγκαθίστημι	3	exact	ἐγκαθίστημι
tlg0003.tlg001	παραθαλάσσιος	3	exact	παραθαλάσσιος
tlg0003.tlg001	πύστις	3	exact	πύστις
tlg0003.tlg001	ἐπιμελής	3	exact	ἐπιμελής
tlg0003.tlg001	ὀνειδίζω	3	exact	ὀνειδίζω
tlg0003.tlg001	εὐδαίμων	3	exact	εὐδαίμων
tlg0003.tlg001	χρύσεος	3	exact	χρύσεος
tlg0003.tlg001	ἀλείφω	3	exact	ἀλείφω
tlg0003.tlg001	αἰγιαλός	3	exact	αἰγιαλός
tlg0003.tlg001	ἀνοικίζω	3	exact	ἀνοικίζω
tlg0003.tlg001	κακοῦργος	3	exact	κακοῦργος
tlg0003.tlg001	κτῆσις	3	exact	κτῆσις
tlg0003.tlg001	Τροία	3	exact	Τροία
tlg0003.tlg001	περιοικίς	3	exact	περιοικίς
tlg0003.tlg001	ἔδαφος	3	exact	ἔδαφος
tlg0003.tlg001	κλέος	3	exact	κλέος
tlg0003.tlg001	σκεῦος	3	exact	σκεῦος
tlg0003.tlg001	ἀχρηματία	3	exact	ἀχρηματία
tlg0003.tlg001	ἄπονος	3	exact	ἄπονος
tlg0003.tlg001	γέρας	3	exact	γέρας
tlg0003.tlg001	κατεργάζομαι	3	exact	κατεργάζομαι
tlg0003.tlg001	ἐπικρεμάννυμι	3	exact	ἐπικρεμάννυμι
tlg0003.tlg001	διαφαίνω	3	exact	διαφαίνω
tlg0003.tlg001	μηνύω	3	exact	μηνύω
tlg0003.tlg001	πομπή	3	exact	πομπή
tlg0003.tlg001	διακοσμέω	3	exact	διακοσμέω
tlg0003.tlg001	ὑμνέω	3	exact	ὑμνέω
tlg0003.tlg001	ἴσως	3	exact	ἴσως
tlg0003.tlg001	πάθημα	3	exact	πάθημα
tlg0003.tlg001	φόνος	3	exact	φόνος
tlg0003.tlg001	σπάνιος	3	exact	σπάνιος
tlg0003.tlg001	ζητέω	3	exact	ζητέω
tlg0003.tlg001	δεξιά	3	exact	δεξιά
tlg0003.tlg001	προσοικέω	3	exact	προσοικέω
tlg0003.tlg001	ἱκετεία	3	exact	ἱκετεία
tlg0003.tlg001	συγγένεια	3	exact	συγγένεια
tlg0003.tlg001	μέτειμι	3	exact	μέτειμι
tlg0003.tlg001	ἀκάτιον	3	exact	ἀκάτιον
tlg0003.tlg001	ἀντανάγω	3	exact	ἀντανάγω
tlg0003.tlg001	ἀσύμφορος	3	exact	ἀσύμφορος
tlg0003.tlg001	ἀείμνηστος	3	exact	ἀείμνηστος
tlg0003.tlg001	ὑπουργέω	3	exact	ὑπουργέω
tlg0003.tlg001	εἶτα	3	exact	εἶτα
tlg0003.tlg001	κωλυτής	3	exact	κωλυτής
tlg0003.tlg001	πολεμόω	3	exact	πολεμόω
tlg0003.tlg001	ἀλόγιστος	3	exact	ἀλόγιστος
tlg0003.tlg001	ἄληπτος	3	exact	ἄληπτος
tlg0003.tlg001	ὑβρίζω	3	exact	ὑβρίζω
tlg0003.tlg001	μεταλαμβάνω	3	exact	μεταλαμβάνω
tlg0003.tlg001	ἄγραφος	3	exact	ἄγραφος
tlg0003.tlg001	φιλονικία	3	exact	φιλονικία
tlg0003.tlg001	νεώτερος	3	exact	νεώτερος
tlg0003.tlg001	ἐξίημι	3	exact	ἐξίημι
tlg0003.tlg001	σιτίον	3	exact	σιτίον
tlg0003.tlg001	ἀντιπαρατάσσομαι	3	exact	ἀντιπαρατάσσομαι
tlg0003.tlg001	διέκπλοος	3	exact	διέκπλοος
tlg0003.tlg001	θεραπεία	3	exact	θεραπεία
tlg0003.tlg001	προπαρασκευάζω	3	exact	προπαρασκευάζω
tlg0003.tlg001	συνέπομαι	3	exact	συνέπομαι
tlg0003.tlg001	ἐπιτηρέω	3	exact	ἐπιτηρέω
tlg0003.tlg001	ἀποβάλλω	3	exact	ἀποβάλλω
tlg0003.tlg001	καταβοάω	3	exact	καταβοάω
tlg0003.tlg001	διδασκαλία	3	exact	διδασκαλία
tlg0003.tlg001	μακρηγορέω	3	exact	μακρηγορέω
tlg0003.tlg001	ἀποχράω	3	exact	ἀποχράω
tlg0003.tlg001	ἀναίσθητος	3	exact	ἀναίσθητος
tlg0003.tlg001	εὔελπις	3	exact	εὔελπις
tlg0003.tlg001	στέρομαι	3	exact	στέρομαι
tlg0003.tlg001	ὅλος	3	exact	ὅλος
tlg0003.tlg001	διαμέλλω	3	exact	διαμέλλω
tlg0003.tlg001	ἀθυμία	3	exact	ἀθυμία
tlg0003.tlg001	ἐγκαλέω	3	exact	ἐγκαλέω
tlg0003.tlg001	περίλοιπος	3	exact	περίλοιπος
tlg0003.tlg001	ἐπίφθονος	3	exact	ἐπίφθονος
tlg0003.tlg001	ἀπεχθάνομαι	3	exact	ἀπεχθάνομαι
tlg0003.tlg001	ἐγκρατής	3	exact	ἐγκρατής
tlg0003.tlg001	κατείργω	3	exact	κατείργω
tlg0003.tlg001	κακοπαθέω	3	exact	κακοπαθέω
tlg0003.tlg001	ἐλλείπω	3	exact	ἐλλείπω
tlg0003.tlg001	χαλεπότης	3	exact	χαλεπότης
tlg0003.tlg001	προσκαλέω	3	exact	προσκαλέω
tlg0003.tlg001	χρηματίζω	3	exact	χρηματίζω
tlg0003.tlg001	ἔρομαι	3	exact	ἔρομαι
tlg0003.tlg001	κωλύμη	3	exact	κωλύμη
tlg0003.tlg001	σῆμα	3	exact	σῆμα
tlg0003.tlg001	πάχος	3	exact	πάχος
tlg0003.tlg001	στρατηγία	3	exact	στρατηγία
tlg0003.tlg001	πρόσχημα	3	exact	πρόσχημα
tlg0003.tlg001	ἐκβολή	3	exact	ἐκβολή
tlg0003.tlg001	διαβιβάζω	3	exact	διαβιβάζω
tlg0003.tlg001	κακίζω	3	exact	κακίζω
tlg0003.tlg001	ὄρυγμα	3	exact	ὄρυγμα
tlg0003.tlg001	ἀποτελέω	3	exact	ἀποτελέω
tlg0003.tlg001	ἕλος	3	exact	ἕλος
tlg0003.tlg001	διαλείπω	3	exact	διαλείπω
tlg0003.tlg001	ἀποφεύγω	3	exact	ἀποφεύγω
tlg0003.tlg001	ἐπανίστημι	3	exact	ἐπανίστημι
tlg0003.tlg001	ἐκδίδωμι	3	exact	ἐκδίδωμι
tlg0003.tlg001	Χίος	3	exact	Χίος
tlg0003.tlg001	εἰσαγγέλλω	3	exact	εἰσαγγέλλω
tlg0003.tlg001	ἐκκομίζω	3	exact	ἐκκομίζω
tlg0003.tlg001	ἔνατος	3	exact	ἔνατος
tlg0003.tlg001	ἐξέργω	3	exact	ἐξέργω
tlg0003.tlg001	ἐπερωτάω	3	exact	ἐπερωτάω
tlg0003.tlg001	προσκοπέω	3	exact	προσκοπέω
tlg0003.tlg001	ἥδομαι	3	exact	ἥδομαι
tlg0003.tlg001	τεχνάομαι	3	exact	τεχνάομαι
tlg0003.tlg001	ἄντικρυς	3	exact	ἄντικρυς
tlg0003.tlg001	καταφρόνησις	3	exact	καταφρόνησις
tlg0003.tlg001	πρόσφορος	3	exact	πρόσφορος
tlg0003.tlg001	θυγάτηρ	3	exact	θυγάτηρ
tlg0003.tlg001	θῦμα	3	exact	θῦμα
tlg0003.tlg001	ἐναγής	3	exact	ἐναγής
tlg0003.tlg001	δόρυ	3	exact	δόρυ
tlg0003.tlg001	γραφή	3	exact	γραφή
tlg0003.tlg001	χρυσός	3	exact	χρυσός
tlg0003.tlg001	ἄργυρος	3	exact	ἄργυρος
tlg0003.tlg001	τρίπους	3	exact	τρίπους
tlg0003.tlg001	ἐπιγράφω	3	exact	ἐπιγράφω
tlg0003.tlg001	μηνυτής	3	exact	μηνυτής
tlg0003.tlg001	τέμενος	3	exact	τέμενος
tlg0003.tlg001	ἔλεγχος	3	exact	ἔλεγχος
tlg0003.tlg001	ψυχή	3	exact	ψυχή
tlg0003.tlg001	ψευδής	3	exact	ψευδής
tlg0003.tlg001	ὑποτίθημι	3	exact	ὑποτίθημι
tlg0003.tlg001	μνημεῖον	3	exact	μνημεῖον
tlg0003.tlg001	βουλευτήριον	3	exact	βουλευτήριον
tlg0003.tlg001	ἰσόψηφος	3	exact	ἰσόψηφος
tlg0003.tlg001	ἐπικτάομαι	3	exact	ἐπικτάομαι
tlg0003.tlg001	ἀποδέω	3	exact	ἀποδέω
tlg0003.tlg001	ὕπνος	3	exact	ὕπνος
tlg0003.tlg001	καταδείδω	3	exact	καταδείδω
tlg0003.tlg001	ἀποκρούω	3	exact	ἀποκρούω
tlg0003.tlg001	οἰκέτης	3	exact	οἰκέτης
tlg0003.tlg001	κέραμος	3	exact	κέραμος
tlg0003.tlg001	κλείω	3	exact	κλείω
tlg0003.tlg001	μοχλός	3	exact	μοχλός
tlg0003.tlg001	πλανάω	3	exact	πλανάω
tlg0003.tlg001	ἐπόμνυμι	3	exact	ἐπόμνυμι
tlg0003.tlg001	καταπολεμέω	3	exact	καταπολεμέω
tlg0003.tlg001	ῥώννυμι	3	exact	ῥώννυμι
tlg0003.tlg001	τοιουτότροπος	3	exact	τοιουτότροπος
tlg0003.tlg001	ἀήθης	3	exact	ἀήθης
tlg0003.tlg001	ἀγωγός	3	exact	ἀγωγός
tlg0003.tlg001	παραλείπω	3	exact	παραλείπω
tlg0003.tlg001	ἑξακισχίλιοι	3	exact	ἑξακισχίλιοι
tlg0003.tlg001	χρυσίον	3	exact	χρυσίον
tlg0003.tlg001	ἀφύλακτος	3	exact	ἀφύλακτος
tlg0003.tlg001	ἱπποτοξότης	3	exact	ἱπποτοξότης
tlg0003.tlg001	πρυτανεῖον	3	exact	πρυτανεῖον
tlg0003.tlg001	νότος	3	exact	νότος
tlg0003.tlg001	δωδέκατος	3	exact	δωδέκατος
tlg0003.tlg001	σκευάζω	3	exact	σκευάζω
tlg0003.tlg001	βαρύνω	3	exact	βαρύνω
tlg0003.tlg001	ἀκέραιος	3	exact	ἀκέραιος
tlg0003.tlg001	ἐμφανής	3	exact	ἐμφανής
tlg0003.tlg001	ἔρις	3	exact	ἔρις
tlg0003.tlg001	χρησμός	3	exact	χρησμός
tlg0003.tlg001	ἐξαιρετός	3	exact	ἐξαιρετός
tlg0003.tlg001	τριήραρχος	3	exact	τριήραρχος
tlg0003.tlg001	ἀλίμενος	3	exact	ἀλίμενος
tlg0003.tlg001	ἀδελφή	3	exact	ἀδελφή
tlg0003.tlg001	φθινόπωρον	3	exact	φθινόπωρον
tlg0003.tlg001	φυλή	3	exact	φυλή
tlg0003.tlg001	κλίνη	3	exact	κλίνη
tlg0003.tlg001	ἀστός	3	exact	ἀστός
tlg0003.tlg001	ἐνθάδε	3	exact	ἐνθάδε
tlg0003.tlg001	ἀπείργω	3	exact	ἀπείργω
tlg0003.tlg001	ἀνδραγαθία	3	exact	ἀνδραγαθία
tlg0003.tlg001	εὔχομαι	3	exact	εὔχομαι
tlg0003.tlg001	θεάομαι	3	exact	θεάομαι
tlg0003.tlg001	ἰατρός	3	exact	ἰατρός
tlg0003.tlg001	ἐξαίφνης	3	exact	ἐξαίφνης
tlg0003.tlg001	ἀναστρέφω	3	exact	ἀναστρέφω
tlg0003.tlg001	καίω	3	exact	καίω
tlg0003.tlg001	ἱμάτιον	3	exact	ἱμάτιον
tlg0003.tlg001	ἐπιβολή	3	exact	ἐπιβολή
tlg0003.tlg001	διεξέρχομαι	3	exact	διεξέρχομαι
tlg0003.tlg001	ἐπιθυμία	3	exact	ἐπιθυμία
tlg0003.tlg001	αὐτόμολος	3	exact	αὐτόμολος
tlg0003.tlg001	κακοπραγία	3	exact	κακοπραγία
tlg0003.tlg001	ἄνοια	3	exact	ἄνοια
tlg0003.tlg001	ἐξίστημι	3	exact	ἐξίστημι
tlg0003.tlg001	προγιγνώσκω	3	exact	προγιγνώσκω
tlg0003.tlg001	πλησιόχωρος	3	exact	πλησιόχωρος
tlg0003.tlg001	στέλλω	3	exact	στέλλω
tlg0003.tlg001	συναίρω	3	exact	συναίρω
tlg0003.tlg001	συνελευθερόω	3	exact	συνελευθερόω
tlg0003.tlg001	ὅποι	3	exact	ὅποι
tlg0003.tlg001	συγγνώμων	3	exact	συγγνώμων
tlg0003.tlg001	ἀνύω	3	exact	ἀνύω
tlg0003.tlg001	διαλέγω	3	exact	διαλέγω
tlg0003.tlg001	χοῦς	3	exact	χοῦς
tlg0003.tlg001	κάτωθεν	3	exact	κάτωθεν
tlg0003.tlg001	δοκός	3	exact	δοκός
tlg0003.tlg001	σιδήρεος	3	exact	σιδήρεος
tlg0003.tlg001	προλοχίζω	3	exact	προλοχίζω
tlg0003.tlg001	Πάτραι	3	exact	Πάτραι
tlg0003.tlg001	πορθμός	3	exact	πορθμός
tlg0003.tlg001	ὁπόταν	3	exact	ὁπόταν
tlg0003.tlg001	διωθέω	3	exact	διωθέω
tlg0003.tlg001	κώπη	3	exact	κώπη
tlg0003.tlg001	προυπάρχω	3	exact	προυπάρχω
tlg0003.tlg001	θρασύς	3	exact	θρασύς
tlg0003.tlg001	ἀτολμία	3	exact	ἀτολμία
tlg0003.tlg001	στενοχωρία	3	exact	στενοχωρία
tlg0003.tlg001	ἕνδεκα	3	exact	ἕνδεκα
tlg0003.tlg001	ἐπιστροφή	3	exact	ἐπιστροφή
tlg0003.tlg001	ἐξωθέω	3	exact	ἐξωθέω
tlg0003.tlg001	ὑποφεύγω	3	exact	ὑποφεύγω
tlg0003.tlg001	ἀντίπρῳρος	3	exact	ἀντίπρῳρος
tlg0003.tlg001	ἄτακτος	3	exact	ἄτακτος
tlg0003.tlg001	ὀκέλλω	3	exact	ὀκέλλω
tlg0003.tlg001	ἐμβοάω	3	exact	ἐμβοάω
tlg0003.tlg001	ἀποπειράομαι	3	exact	ἀποπειράομαι
tlg0003.tlg001	προσδοκία	3	exact	προσδοκία
tlg0003.tlg001	φρυκτός	3	exact	φρυκτός
tlg0003.tlg001	λεία	3	exact	λεία
tlg0003.tlg001	ὑπόσχεσις	3	exact	ὑπόσχεσις
tlg0003.tlg001	εὐδαιμονία	3	exact	εὐδαιμονία
tlg0003.tlg001	ὁμοιόω	3	exact	ὁμοιόω
tlg0003.tlg001	ἐπιτυγχάνω	3	exact	ἐπιτυγχάνω
tlg0003.tlg001	φράσσω	3	exact	φράσσω
tlg0003.tlg001	προαποστέλλω	3	exact	προαποστέλλω
tlg0003.tlg001	προδότης	3	exact	προδότης
tlg0003.tlg001	ἀέκων	3	exact	ἀέκων
tlg0003.tlg001	καρπός	3	exact	καρπός
tlg0003.tlg001	πλεῖστος	3	exact	πλεῖστος
tlg0003.tlg001	πλείων	3	exact	πλείων
tlg0003.tlg001	πλήσσω	3	exact	πλήσσω
tlg0003.tlg001	ἀργυρολόγος	3	exact	ἀργυρολόγος
tlg0003.tlg001	ἀριθμέω	3	exact	ἀριθμέω
tlg0003.tlg001	λαμπάς	3	exact	λαμπάς
tlg0003.tlg001	ἐπιμελέομαι	3	exact	ἐπιμελέομαι
tlg0003.tlg001	καθορμίζω	3	exact	καθορμίζω
tlg0003.tlg001	ὠμός	3	exact	ὠμός
tlg0003.tlg001	διατριβή	3	exact	διατριβή
tlg0003.tlg001	ἐπιτιμάω	3	exact	ἐπιτιμάω
tlg0003.tlg001	ἁπλῶς	3	exact	ἁπλῶς
tlg0003.tlg001	Διόδοτος	3	exact	Διόδοτος
tlg0003.tlg001	διδάσκαλος	3	exact	διδάσκαλος
tlg0003.tlg001	ἐπισπάω	3	exact	ἐπισπάω
tlg0003.tlg001	καταγιγνώσκω	3	exact	καταγιγνώσκω
tlg0003.tlg001	ἐπιβούλευμα	3	exact	ἐπιβούλευμα
tlg0003.tlg001	ἄλφιτον	3	exact	ἄλφιτον
tlg0003.tlg001	ἄδεια	3	exact	ἄδεια
tlg0003.tlg001	σύμμεικτος	3	exact	σύμμεικτος
tlg0003.tlg001	προσαναγκάζω	3	exact	προσαναγκάζω
tlg0003.tlg001	δυναστεία	3	exact	δυναστεία
tlg0003.tlg001	ναός	3	exact	ναός
tlg0003.tlg001	δείλη	3	exact	δείλη
tlg0003.tlg001	ἐπαγωγή	3	exact	ἐπαγωγή
tlg0003.tlg001	εὔλογος	3	exact	εὔλογος
tlg0003.tlg001	φιλονεικέω	3	exact	φιλονεικέω
tlg0003.tlg001	ἀνταμύνομαι	3	exact	ἀνταμύνομαι
tlg0003.tlg001	πρεσβευτής	3	exact	πρεσβευτής
tlg0003.tlg001	συντάσσω	3	exact	συντάσσω
tlg0003.tlg001	χθές	3	exact	χθές
tlg0003.tlg001	συναγείρω	3	exact	συναγείρω
tlg0003.tlg001	λιθουργός	3	exact	λιθουργός
tlg0003.tlg001	περιρρέω	3	exact	περιρρέω
tlg0003.tlg001	τιτρώσκω	3	exact	τιτρώσκω
tlg0003.tlg001	λάθρῃ	3	exact	λάθρῃ
tlg0003.tlg001	σύνεδρος	3	exact	σύνεδρος
tlg0003.tlg001	ἐπιδρομή	3	exact	ἐπιδρομή
tlg0003.tlg001	κατάσκοπος	3	exact	κατάσκοπος
tlg0003.tlg001	φυλακτήριον	3	exact	φυλακτήριον
tlg0003.tlg001	διατάσσω	3	exact	διατάσσω
tlg0003.tlg001	ὁμαλός	3	exact	ὁμαλός
tlg0003.tlg001	ἐπιτρέχω	3	exact	ἐπιτρέχω
tlg0003.tlg001	κονιορτός	3	exact	κονιορτός
tlg0003.tlg001	κατάδηλος	3	exact	κατάδηλος
tlg0003.tlg001	μηχανάομαι	3	exact	μηχανάομαι
tlg0003.tlg001	βεβαιότης	3	exact	βεβαιότης
tlg0003.tlg001	ἐλλιπής	3	exact	ἐλλιπής
tlg0003.tlg001	ἀξιόμαχος	3	exact	ἀξιόμαχος
tlg0003.tlg001	ὁπλιτικός	3	exact	ὁπλιτικός
tlg0003.tlg001	ἅτε	3	exact	ἅτε
tlg0003.tlg001	πυλίς	3	exact	πυλίς
tlg0003.tlg001	παραθαρσύνω	3	exact	παραθαρσύνω
tlg0003.tlg001	ἐνιαύσιος	3	exact	ἐνιαύσιος
tlg0003.tlg001	παραφέρω	3	exact	παραφέρω
tlg0003.tlg001	διάκενος	3	exact	διάκενος
tlg0003.tlg001	θέα	3	exact	θέα
tlg0003.tlg001	ἀβλαβής	3	exact	ἀβλαβής
tlg0003.tlg001	εὔορκος	3	exact	εὔορκος
tlg0003.tlg001	φθίω	3	exact	φθίω
tlg0003.tlg001	ἐπιτροπή	3	exact	ἐπιτροπή
tlg0003.tlg001	δεσμώτης	3	exact	δεσμώτης
tlg0003.tlg001	δημιουργός	3	exact	δημιουργός
tlg0003.tlg001	πολέμαρχος	3	exact	πολέμαρχος
tlg0003.tlg001	διαβατήρια	3	exact	διαβατήρια
tlg0003.tlg001	ἐνωμοτία	3	exact	ἐνωμοτία
tlg0003.tlg001	Γυμνοπαιδίαι	3	exact	Γυμνοπαιδίαι
tlg0003.tlg001	οἰκουμένη	2	exact	οἰκουμένη
tlg0003.tlg001	μετανάστασις	2	exact	μετανάστασις
tlg0003.tlg001	ἐμπορία	2	exact	ἐμπορία
tlg0003.tlg001	ὁμιλία	2	exact	ὁμιλία
tlg0003.tlg001	ἐκνικάω	2	exact	ἐκνικάω
tlg0003.tlg001	ἀνακαλέω	2	exact	ἀνακαλέω
tlg0003.tlg001	συνεξέρχομαι	2	exact	συνεξέρχομαι
tlg0003.tlg001	σιδηροφορέω	2	exact	σιδηροφορέω
tlg0003.tlg001	συνήθης	2	exact	συνήθης
tlg0003.tlg001	λίπος	2	exact	λίπος
tlg0003.tlg001	αἰδοῖον	2	exact	αἰδοῖον
tlg0003.tlg001	ἀθλητής	2	exact	ἀθλητής
tlg0003.tlg001	ὁμοιότροπος	2	exact	ὁμοιότροπος
tlg0003.tlg001	περιβάλλω	2	exact	περιβάλλω
tlg0003.tlg001	ἔπηλυς	2	exact	ἔπηλυς
tlg0003.tlg001	πλέος	2	exact	πλέος
tlg0003.tlg001	παράδοσις	2	exact	παράδοσις
tlg0003.tlg001	ἀπιστία	2	exact	ἀπιστία
tlg0003.tlg001	πολυτελής	2	exact	πολυτελής
tlg0003.tlg001	ποίησις	2	exact	ποίησις
tlg0003.tlg001	ὀλιγανθρωπία	2	exact	ὀλιγανθρωπία
tlg0003.tlg001	βιοτεύω	2	exact	βιοτεύω
tlg0003.tlg001	γεωργία	2	exact	γεωργία
tlg0003.tlg001	διασπείρω	2	exact	διασπείρω
tlg0003.tlg001	ὀνομαστός	2	exact	ὀνομαστός
tlg0003.tlg001	φήμη	2	exact	φήμη
tlg0003.tlg001	μετανίστημι	2	exact	μετανίστημι
tlg0003.tlg001	ἑξηκοστός	2	exact	ἑξηκοστός
tlg0003.tlg001	ὀγδοηκοστός	2	exact	ὀγδοηκοστός
tlg0003.tlg001	μεταχειρίζω	2	exact	μεταχειρίζω
tlg0003.tlg001	ναυπηγέω	2	exact	ναυπηγέω
tlg0003.tlg001	ἐπονομάζω	2	exact	ἐπονομάζω
tlg0003.tlg001	γενεά	2	exact	γενεά
tlg0003.tlg001	πεντηκόντορος	2	exact	πεντηκόντορος
tlg0003.tlg001	ἔκδημος	2	exact	ἔκδημος
tlg0003.tlg001	καταστροφή	2	exact	καταστροφή
tlg0003.tlg001	ἀνασκευάζω	2	exact	ἀνασκευάζω
tlg0003.tlg001	συμμένω	2	exact	συμμένω
tlg0003.tlg001	ἀκραιφνής	2	exact	ἀκραιφνής
tlg0003.tlg001	ἀνεξέλεγκτος	2	exact	ἀνεξέλεγκτος
tlg0003.tlg001	μυθώδης	2	exact	μυθώδης
tlg0003.tlg001	ἀκρίβεια	2	exact	ἀκρίβεια
tlg0003.tlg001	ἀνθρώπινος	2	exact	ἀνθρώπινος
tlg0003.tlg001	κτῆμα	2	exact	κτῆμα
tlg0003.tlg001	ἀγώνισμα	2	exact	ἀγώνισμα
tlg0003.tlg001	μῆκος	2	exact	μῆκος
tlg0003.tlg001	ἀντιπολεμέω	2	exact	ἀντιπολεμέω
tlg0003.tlg001	πυκνός	2	exact	πυκνός
tlg0003.tlg001	μνημονεύω	2	exact	μνημονεύω
tlg0003.tlg001	συνεπιτίθημι	2	exact	συνεπιτίθημι
tlg0003.tlg001	πολυάνθρωπος	2	exact	πολυάνθρωπος
tlg0003.tlg001	πρέσβις	2	exact	πρέσβις
tlg0003.tlg001	ἐπέρομαι	2	exact	ἐπέρομαι
tlg0003.tlg001	πανήγυρις	2	exact	πανήγυρις
tlg0003.tlg001	κατάγνυμι	2	exact	κατάγνυμι
tlg0003.tlg001	ἀπαθής	2	exact	ἀπαθής
tlg0003.tlg001	ἀντιποιέω	2	exact	ἀντιποιέω
tlg0003.tlg001	πλήρης	2	exact	πλήρης
tlg0003.tlg001	ἀπεράω	2	exact	ἀπεράω
tlg0003.tlg001	ἐπίνειον	2	exact	ἐπίνειον
tlg0003.tlg001	ἀντιστρατοπεδεύω	2	exact	ἀντιστρατοπεδεύω
tlg0003.tlg001	ἐμπόδιος	2	exact	ἐμπόδιος
tlg0003.tlg001	ἀναδιδάσκω	2	exact	ἀναδιδάσκω
tlg0003.tlg001	ἀτυχέω	2	exact	ἀτυχέω
tlg0003.tlg001	ἄλογος	2	exact	ἄλογος
tlg0003.tlg001	ἀβουλία	2	exact	ἀβουλία
tlg0003.tlg001	ἀπραγμοσύνη	2	exact	ἀπραγμοσύνη
tlg0003.tlg001	αὐτεπάγγελτος	2	exact	αὐτεπάγγελτος
tlg0003.tlg001	ἀντεπιβουλεύω	2	exact	ἀντεπιβουλεύω
tlg0003.tlg001	ἀλλοτριόω	2	exact	ἀλλοτριόω
tlg0003.tlg001	μεταμέλεια	2	exact	μεταμέλεια
tlg0003.tlg001	μισθοφόρος	2	exact	μισθοφόρος
tlg0003.tlg001	ἐνδοιάζω	2	exact	ἐνδοιάζω
tlg0003.tlg001	οἰκειόω	2	exact	οἰκειόω
tlg0003.tlg001	ἐνθένδε	2	exact	ἐνθένδε
tlg0003.tlg001	παραπέμπω	2	exact	παραπέμπω
tlg0003.tlg001	κεφάλαιος	2	exact	κεφάλαιος
tlg0003.tlg001	θέσις	2	exact	θέσις
tlg0003.tlg001	συναδικέω	2	exact	συναδικέω
tlg0003.tlg001	τόσος	2	exact	τόσος
tlg0003.tlg001	ἐκπρεπής	2	exact	ἐκπρεπής
tlg0003.tlg001	διαγωνίζομαι	2	exact	διαγωνίζομαι
tlg0003.tlg001	δεῦρο	2	exact	δεῦρο
tlg0003.tlg001	σπανίζω	2	exact	σπανίζω
tlg0003.tlg001	ἐφέλκω	2	exact	ἐφέλκω
tlg0003.tlg001	ἐπιμαχία	2	exact	ἐπιμαχία
tlg0003.tlg001	σκηνή	2	exact	σκηνή
tlg0003.tlg001	διαρπάζω	2	exact	διαρπάζω
tlg0003.tlg001	ἐλάσσων	2	exact	ἐλάσσων
tlg0003.tlg001	ἀπροφάσιστος	2	exact	ἀπροφάσιστος
tlg0003.tlg001	ἐπικουρέω	2	exact	ἐπικουρέω
tlg0003.tlg001	φονεύω	2	exact	φονεύω
tlg0003.tlg001	ἀπαλλαγή	2	exact	ἀπαλλαγή
tlg0003.tlg001	ἐμποδών	2	exact	ἐμποδών
tlg0003.tlg001	ἀνταίρω	2	exact	ἀνταίρω
tlg0003.tlg001	ἐπακούω	2	exact	ἐπακούω
tlg0003.tlg001	διασκεδάννυμι	2	exact	διασκεδάννυμι
tlg0003.tlg001	τριταῖος	2	exact	τριταῖος
tlg0003.tlg001	συνάρχω	2	exact	συνάρχω
tlg0003.tlg001	ὁποτέρωσε	2	exact	ὁποτέρωσε
tlg0003.tlg001	ἐπιθέω	2	exact	ἐπιθέω
tlg0003.tlg001	συμβουλεύω	2	exact	συμβουλεύω
tlg0003.tlg001	ἔκπλοος	2	exact	ἔκπλοος
tlg0003.tlg001	λοχάω	2	exact	λοχάω
tlg0003.tlg001	ἀποτείχισις	2	exact	ἀποτείχισις
tlg0003.tlg001	δηιόω	2	exact	δηιόω
tlg0003.tlg001	παροξύνω	2	exact	παροξύνω
tlg0003.tlg001	ἐπιλέγω	2	exact	ἐπιλέγω
tlg0003.tlg001	ἑκάστοτε	2	exact	ἑκάστοτε
tlg0003.tlg001	ἑκάς	2	exact	ἑκάς
tlg0003.tlg001	ψόγος	2	exact	ψόγος
tlg0003.tlg001	μηδέποτε	2	exact	μηδέποτε
tlg0003.tlg001	ἄοκνος	2	exact	ἄοκνος
tlg0003.tlg001	ἔνδημος	2	exact	ἔνδημος
tlg0003.tlg001	μοχθέω	2	exact	μοχθέω
tlg0003.tlg001	ἀπολαύω	2	exact	ἀπολαύω
tlg0003.tlg001	ἀσχολία	2	exact	ἀσχολία
tlg0003.tlg001	παροικέω	2	exact	παροικέω
tlg0003.tlg001	ἀκίνητος	2	exact	ἀκίνητος
tlg0003.tlg001	καινόω	2	exact	καινόω
tlg0003.tlg001	βραδυτής	2	exact	βραδυτής
tlg0003.tlg001	ἀποκωλύω	2	exact	ἀποκωλύω
tlg0003.tlg001	προλείπω	2	exact	προλείπω
tlg0003.tlg001	σῶς	2	exact	σῶς
tlg0003.tlg001	διάκειμαι	2	exact	διάκειμαι
tlg0003.tlg001	ἀνεπίφθονος	2	exact	ἀνεπίφθονος
tlg0003.tlg001	ὁμιλέω	2	exact	ὁμιλέω
tlg0003.tlg001	ὑποδείκνυμι	2	exact	ὑποδείκνυμι
tlg0003.tlg001	αὐθαίρετος	2	exact	αὐθαίρετος
tlg0003.tlg001	ὅρκιος	2	exact	ὅρκιος
tlg0003.tlg001	παρόμοιος	2	exact	παρόμοιος
tlg0003.tlg001	ἀντιπαρασκευάζομαι	2	exact	ἀντιπαρασκευάζομαι
tlg0003.tlg001	ἐπιφοιτάω	2	exact	ἐπιφοιτάω
tlg0003.tlg001	ἐκπορίζω	2	exact	ἐκπορίζω
tlg0003.tlg001	ἄριστον	2	exact	ἄριστον
tlg0003.tlg001	ἐξυβρίζω	2	exact	ἐξυβρίζω
tlg0003.tlg001	ἐξοτρύνω	2	exact	ἐξοτρύνω
tlg0003.tlg001	εὔβουλος	2	exact	εὔβουλος
tlg0003.tlg001	παιδεύω	2	exact	παιδεύω
tlg0003.tlg001	σθένος	2	exact	σθένος
tlg0003.tlg001	ἐπιψηφίζω	2	exact	ἐπιψηφίζω
tlg0003.tlg001	συγκαθαιρέω	2	exact	συγκαθαιρέω
tlg0003.tlg001	προφασίζομαι	2	exact	προφασίζομαι
tlg0003.tlg001	χρηστός	2	exact	χρηστός
tlg0003.tlg001	ἀναγγέλλω	2	exact	ἀναγγέλλω
tlg0003.tlg001	προσφιλής	2	exact	προσφιλής
tlg0003.tlg001	οἰκοδομία	2	exact	οἰκοδομία
tlg0003.tlg001	θεμέλιος	2	exact	θεμέλιος
tlg0003.tlg001	παντοῖος	2	exact	παντοῖος
tlg0003.tlg001	ὑπόκειμαι	2	exact	ὑπόκειμαι
tlg0003.tlg001	Μηδισμός	2	exact	Μηδισμός
tlg0003.tlg001	ἐνοράω	2	exact	ἐνοράω
tlg0003.tlg001	φορά	2	exact	φορά
tlg0003.tlg001	ἐκλιπής	2	exact	ἐκλιπής
tlg0003.tlg001	συγγραφή	2	exact	συγγραφή
tlg0003.tlg001	ἀπόδειξις	2	exact	ἀπόδειξις
tlg0003.tlg001	ἰσόρροπος	2	exact	ἰσόρροπος
tlg0003.tlg001	διαμαρτάνω	2	exact	διαμαρτάνω
tlg0003.tlg001	περιέργω	2	exact	περιέργω
tlg0003.tlg001	πρόσωπον	2	exact	πρόσωπον
tlg0003.tlg001	διαπορεύω	2	exact	διαπορεύω
tlg0003.tlg001	καταπαύω	2	exact	καταπαύω
tlg0003.tlg001	Χαλκίς	2	exact	Χαλκίς
tlg0003.tlg001	ἀνακομίζω	2	exact	ἀνακομίζω
tlg0003.tlg001	διῶρυξ	2	exact	διῶρυξ
tlg0003.tlg001	διάδοχος	2	exact	διάδοχος
tlg0003.tlg001	πεζομαχέω	2	exact	πεζομαχέω
tlg0003.tlg001	Θρῖα	2	exact	Θρῖα
tlg0003.tlg001	ἀνασχετός	2	exact	ἀνασχετός
tlg0003.tlg001	ὡραῖος	2	exact	ὡραῖος
tlg0003.tlg001	ἀντίληψις	2	exact	ἀντίληψις
tlg0003.tlg001	ἥσυχος	2	exact	ἥσυχος
tlg0003.tlg001	τερπνός	2	exact	τερπνός
tlg0003.tlg001	πλεονάζω	2	exact	πλεονάζω
tlg0003.tlg001	δοξάζω	2	exact	δοξάζω
tlg0003.tlg001	ὠνητός	2	exact	ὠνητός
tlg0003.tlg001	δήπου	2	exact	δήπου
tlg0003.tlg001	προσομιλέω	2	exact	προσομιλέω
tlg0003.tlg001	δειλία	2	exact	δειλία
tlg0003.tlg001	ἀσυνεσία	2	exact	ἀσυνεσία
tlg0003.tlg001	γαμέω	2	exact	γαμέω
tlg0003.tlg001	ὑπείκω	2	exact	ὑπείκω
tlg0003.tlg001	χαλκίοικος	2	exact	χαλκίοικος
tlg0003.tlg001	παρουσία	2	exact	παρουσία
tlg0003.tlg001	ἐγγράφω	2	exact	ἐγγράφω
tlg0003.tlg001	σφραγίς	2	exact	σφραγίς
tlg0003.tlg001	δυσπρόσοδος	2	exact	δυσπρόσοδος
tlg0003.tlg001	παρανομία	2	exact	παρανομία
tlg0003.tlg001	ἐλεγεῖον	2	exact	ἐλεγεῖον
tlg0003.tlg001	ἀνάθημα	2	exact	ἀνάθημα
tlg0003.tlg001	μεταγράφω	2	exact	μεταγράφω
tlg0003.tlg001	διπλόος	2	exact	διπλόος
tlg0003.tlg001	καλύβη	2	exact	καλύβη
tlg0003.tlg001	ἀποθνήσκω	2	exact	ἀποθνήσκω
tlg0003.tlg001	ἀνάστασις	2	exact	ἀνάστασις
tlg0003.tlg001	ὑστερέω	2	exact	ὑστερέω
tlg0003.tlg001	εἴσω	2	exact	εἴσω
tlg0003.tlg001	ἔμπνους	2	exact	ἔμπνους
tlg0003.tlg001	χάλκεος	2	exact	χάλκεος
tlg0003.tlg001	ὅπου	2	exact	ὅπου
tlg0003.tlg001	καταντικρύ	2	exact	καταντικρύ
tlg0003.tlg001	Ἄδμητος	2	exact	Ἄδμητος
tlg0003.tlg001	ἀγνώς	2	exact	ἀγνώς
tlg0003.tlg001	ναύκληρος	2	exact	ναύκληρος
tlg0003.tlg001	δόσις	2	exact	δόσις
tlg0003.tlg001	βραχύτης	2	exact	βραχύτης
tlg0003.tlg001	φάρμακον	2	exact	φάρμακον
tlg0003.tlg001	μεταποιέω	2	exact	μεταποιέω
tlg0003.tlg001	βεβαίωσις	2	exact	βεβαίωσις
tlg0003.tlg001	δούλωσις	2	exact	δούλωσις
tlg0003.tlg001	αὐτουργός	2	exact	αὐτουργός
tlg0003.tlg001	εἰσφορά	2	exact	εἰσφορά
tlg0003.tlg001	σπάνις	2	exact	σπάνις
tlg0003.tlg001	καταδρομή	2	exact	καταδρομή
tlg0003.tlg001	ὀκνηρός	2	exact	ὀκνηρός
tlg0003.tlg001	πάρεργος	2	exact	πάρεργος
tlg0003.tlg001	ἀμαχεί	2	exact	ἀμαχεί
tlg0003.tlg001	ξενηλασία	2	exact	ξενηλασία
tlg0003.tlg001	αὐτονομέομαι	2	exact	αὐτονομέομαι
tlg0003.tlg001	ἀνύποπτος	2	exact	ἀνύποπτος
tlg0003.tlg001	σύγχυσις	2	exact	σύγχυσις
tlg0003.tlg001	ἱερόω	2	exact	ἱερόω
tlg0003.tlg001	ἀναλέγω	2	exact	ἀναλέγω
tlg0003.tlg001	τοῖχος	2	exact	τοῖχος
tlg0003.tlg001	ὑποζύγιον	2	exact	ὑποζύγιον
tlg0003.tlg001	ὑετός	2	exact	ὑετός
tlg0003.tlg001	σκότος	2	exact	σκότος
tlg0003.tlg001	ῥίπτω	2	exact	ῥίπτω
tlg0003.tlg001	διακόπτω	2	exact	διακόπτω
tlg0003.tlg001	χρησμολόγος	2	exact	χρησμολόγος
tlg0003.tlg001	σείω	2	exact	σείω
tlg0003.tlg001	συνᾴδω	2	exact	συνᾴδω
tlg0003.tlg001	ἀμελής	2	exact	ἀμελής
tlg0003.tlg001	ἐπίσημος	2	exact	ἐπίσημος
tlg0003.tlg001	πρόβατον	2	exact	πρόβατον
tlg0003.tlg001	συντελέω	2	exact	συντελέω
tlg0003.tlg001	καταφυγή	2	exact	καταφυγή
tlg0003.tlg001	ἡρῷον	2	exact	ἡρῷον
tlg0003.tlg001	ἀργός	2	exact	ἀργός
tlg0003.tlg001	εὐτρεπίζω	2	exact	εὐτρεπίζω
tlg0003.tlg001	μαλακός	2	exact	μαλακός
tlg0003.tlg001	κατοκνέω	2	exact	κατοκνέω
tlg0003.tlg001	ἐξαμαρτάνω	2	exact	ἐξαμαρτάνω
tlg0003.tlg001	ἱππομαχία	2	exact	ἱππομαχία
tlg0003.tlg001	διατρέχω	2	exact	διατρέχω
tlg0003.tlg001	κοῖλος	2	exact	κοῖλος
tlg0003.tlg001	χειμάζω	2	exact	χειμάζω
tlg0003.tlg001	ἐπανάστασις	2	exact	ἐπανάστασις
tlg0003.tlg001	νουμηνία	2	exact	νουμηνία
tlg0003.tlg001	μηνοειδής	2	exact	μηνοειδής
tlg0003.tlg001	ὄρνις	2	exact	ὄρνις
tlg0003.tlg001	συνεισβάλλω	2	exact	συνεισβάλλω
tlg0003.tlg001	ταφή	2	exact	ταφή
tlg0003.tlg001	ὀλοφύρομαι	2	exact	ὀλοφύρομαι
tlg0003.tlg001	ἀκροατής	2	exact	ἀκροατής
tlg0003.tlg001	δοκιμάζω	2	exact	δοκιμάζω
tlg0003.tlg001	διαδοχή	2	exact	διαδοχή
tlg0003.tlg001	ἀχθηδών	2	exact	ἀχθηδών
tlg0003.tlg001	ἀνάπαυλα	2	exact	ἀνάπαυλα
tlg0003.tlg001	ἀπόλαυσις	2	exact	ἀπόλαυσις
tlg0003.tlg001	ἄσκησις	2	exact	ἄσκησις
tlg0003.tlg001	ἰσοπαλής	2	exact	ἰσοπαλής
tlg0003.tlg001	ἀλγεινός	2	exact	ἀλγεινός
tlg0003.tlg001	προκάμνω	2	exact	προκάμνω
tlg0003.tlg001	κόμπος	2	exact	κόμπος
tlg0003.tlg001	θράσος	2	exact	θράσος
tlg0003.tlg001	ὄκνος	2	exact	ὄκνος
tlg0003.tlg001	ἀκμή	2	exact	ἀκμή
tlg0003.tlg001	ἀγήραος	2	exact	ἀγήραος
tlg0003.tlg001	ζηλόω	2	exact	ζηλόω
tlg0003.tlg001	κακοπραγέω	2	exact	κακοπραγέω
tlg0003.tlg001	ἀφειδέω	2	exact	ἀφειδέω
tlg0003.tlg001	κάκωσις	2	exact	κάκωσις
tlg0003.tlg001	παραμυθέομαι	2	exact	παραμυθέομαι
tlg0003.tlg001	πολύτροπος	2	exact	πολύτροπος
tlg0003.tlg001	εὐτυχής	2	exact	εὐτυχής
tlg0003.tlg001	λύπη	2	exact	λύπη
tlg0003.tlg001	συμμετρέω	2	exact	συμμετρέω
tlg0003.tlg001	ὑπόμνημα	2	exact	ὑπόμνημα
tlg0003.tlg001	καρτερέω	2	exact	καρτερέω
tlg0003.tlg001	λήθη	2	exact	λήθη
tlg0003.tlg001	κερδαίνω	2	exact	κερδαίνω
tlg0003.tlg001	ὑπερβολή	2	exact	ὑπερβολή
tlg0003.tlg001	ἀνανταγώνιστος	2	exact	ἀνανταγώνιστος
tlg0003.tlg001	στέφανος	2	exact	στέφανος
tlg0003.tlg001	ἄγνοια	2	exact	ἄγνοια
tlg0003.tlg001	ἀνωφελής	2	exact	ἀνωφελής
tlg0003.tlg001	φρέαρ	2	exact	φρέαρ
tlg0003.tlg001	ὀφθαλμός	2	exact	ὀφθαλμός
tlg0003.tlg001	ἄτοπος	2	exact	ἄτοπος
tlg0003.tlg001	χλωρός	2	exact	χλωρός
tlg0003.tlg001	λεπτός	2	exact	λεπτός
tlg0003.tlg001	δίψα	2	exact	δίψα
tlg0003.tlg001	ἄκρος	2	exact	ἄκρος
tlg0003.tlg001	γεύω	2	exact	γεύω
tlg0003.tlg001	ἀτοπία	2	exact	ἀτοπία
tlg0003.tlg001	παραλυπέω	2	exact	παραλυπέω
tlg0003.tlg001	φθόρος	2	exact	φθόρος
tlg0003.tlg001	κενόω	2	exact	κενόω
tlg0003.tlg001	κοῦφος	2	exact	κοῦφος
tlg0003.tlg001	συγκομιδή	2	exact	συγκομιδή
tlg0003.tlg001	ὥρα	2	exact	ὥρα
tlg0003.tlg001	ὀλιγωρία	2	exact	ὀλιγωρία
tlg0003.tlg001	συνταράσσω	2	exact	συνταράσσω
tlg0003.tlg001	συχνός	2	exact	συχνός
tlg0003.tlg001	ἀποκρύπτω	2	exact	ἀποκρύπτω
tlg0003.tlg001	κερδαλέος	2	exact	κερδαλέος
tlg0003.tlg001	παράλιος	2	exact	παράλιος
tlg0003.tlg001	ἱππαγωγός	2	exact	ἱππαγωγός
tlg0003.tlg001	συστράτηγος	2	exact	συστράτηγος
tlg0003.tlg001	μεμπτός	2	exact	μεμπτός
tlg0003.tlg001	κομπώδης	2	exact	κομπώδης
tlg0003.tlg001	προσποίησις	2	exact	προσποίησις
tlg0003.tlg001	ὀλιγωρέω	2	exact	ὀλιγωρέω
tlg0003.tlg001	δραστήριος	2	exact	δραστήριος
tlg0003.tlg001	πέρα	2	exact	πέρα
tlg0003.tlg001	λαμπρότης	2	exact	λαμπρότης
tlg0003.tlg001	ἀλγέω	2	exact	ἀλγέω
tlg0003.tlg001	ἐπιβιόω	2	exact	ἐπιβιόω
tlg0003.tlg001	φιλοτιμία	2	exact	φιλοτιμία
tlg0003.tlg001	ἄκριτος	2	exact	ἄκριτος
tlg0003.tlg001	φάραγξ	2	exact	φάραγξ
tlg0003.tlg001	ἔμπορος	2	exact	ἔμπορος
tlg0003.tlg001	κατάστασις	2	exact	κατάστασις
tlg0003.tlg001	σύνοικος	2	exact	σύνοικος
tlg0003.tlg001	ἴσχω	2	exact	ἴσχω
tlg0003.tlg001	ἀνδραποδισμός	2	exact	ἀνδραποδισμός
tlg0003.tlg001	ἀργυρολογέω	2	exact	ἀργυρολογέω
tlg0003.tlg001	ἐπαιτιάομαι	2	exact	ἐπαιτιάομαι
tlg0003.tlg001	πατρῷος	2	exact	πατρῷος
tlg0003.tlg001	μεταχωρέω	2	exact	μεταχωρέω
tlg0003.tlg001	ἐπισκήπτω	2	exact	ἐπισκήπτω
tlg0003.tlg001	χάω	2	exact	χάω
tlg0003.tlg001	διαχέω	2	exact	διαχέω
tlg0003.tlg001	σύνδεσμος	2	exact	σύνδεσμος
tlg0003.tlg001	προκάλυμμα	2	exact	προκάλυμμα
tlg0003.tlg001	ἔνθεν	2	exact	ἔνθεν
tlg0003.tlg001	ἀρτάω	2	exact	ἀρτάω
tlg0003.tlg001	ἀνέλκω	2	exact	ἀνέλκω
tlg0003.tlg001	ῥύμη	2	exact	ῥύμη
tlg0003.tlg001	ἐμβολή	2	exact	ἐμβολή
tlg0003.tlg001	πίσσα	2	exact	πίσσα
tlg0003.tlg001	ἐπίφορος	2	exact	ἐπίφορος
tlg0003.tlg001	πλινθεύω	2	exact	πλινθεύω
tlg0003.tlg001	ἔνδοθεν	2	exact	ἔνδοθεν
tlg0003.tlg001	περίπλοος	2	exact	περίπλοος
tlg0003.tlg001	ἀβασίλευτος	2	exact	ἀβασίλευτος
tlg0003.tlg001	κατακούω	2	exact	κατακούω
tlg0003.tlg001	ἀντιτίθημι	2	exact	ἀντιτίθημι
tlg0003.tlg001	ἄπλοια	2	exact	ἄπλοια
tlg0003.tlg001	ὀρρωδία	2	exact	ὀρρωδία
tlg0003.tlg001	προνικάω	2	exact	προνικάω
tlg0003.tlg001	πίσυνος	2	exact	πίσυνος
tlg0003.tlg001	ἀνεπιστήμων	2	exact	ἀνεπιστήμων
tlg0003.tlg001	πρόσοψις	2	exact	πρόσοψις
tlg0003.tlg001	ἐπιστρέφω	2	exact	ἐπιστρέφω
tlg0003.tlg001	ὑπεκφεύγω	2	exact	ὑπεκφεύγω
tlg0003.tlg001	ἐπικαταλαμβάνω	2	exact	ἐπικαταλαμβάνω
tlg0003.tlg001	ἐπεισβαίνω	2	exact	ἐπεισβαίνω
tlg0003.tlg001	θάρσος	2	exact	θάρσος
tlg0003.tlg001	ἀταξία	2	exact	ἀταξία
tlg0003.tlg001	κατατρέχω	2	exact	κατατρέχω
tlg0003.tlg001	στέγω	2	exact	στέγω
tlg0003.tlg001	μαχαιροφόρος	2	exact	μαχαιροφόρος
tlg0003.tlg001	Δῖος	2	exact	Δῖος
tlg0003.tlg001	συνακολουθέω	2	exact	συνακολουθέω
tlg0003.tlg001	δύσις	2	exact	δύσις
tlg0003.tlg001	σύντομος	2	exact	σύντομος
tlg0003.tlg001	εὔζωνος	2	exact	εὔζωνος
tlg0003.tlg001	ἐξισόω	2	exact	ἐξισόω
tlg0003.tlg001	ἁρπαγή	2	exact	ἁρπαγή
tlg0003.tlg001	μυριάς	2	exact	μυριάς
tlg0003.tlg001	Ἀξιός	2	exact	Ἀξιός
tlg0003.tlg001	κρείσσων	2	exact	κρείσσων
tlg0003.tlg001	τειχήρης	2	exact	τειχήρης
tlg0003.tlg001	ἀδελφιδέος	2	exact	ἀδελφιδέος
tlg0003.tlg001	στοῖχος	2	exact	στοῖχος
tlg0003.tlg001	ἐγκαθέζομαι	2	exact	ἐγκαθέζομαι
tlg0003.tlg001	παρείκω	2	exact	παρείκω
tlg0003.tlg001	οἰκοδόμησις	2	exact	οἰκοδόμησις
tlg0003.tlg001	ἐπαυλίζομαι	2	exact	ἐπαυλίζομαι
tlg0003.tlg001	ἐπιρρώννυμι	2	exact	ἐπιρρώννυμι
tlg0003.tlg001	καταδούλωσις	2	exact	καταδούλωσις
tlg0003.tlg001	εὐπρέπεια	2	exact	εὐπρέπεια
tlg0003.tlg001	κατάγνωσις	2	exact	κατάγνωσις
tlg0003.tlg001	ἐπίδειξις	2	exact	ἐπίδειξις
tlg0003.tlg001	ὑπαναλίσκω	2	exact	ὑπαναλίσκω
tlg0003.tlg001	προαπέρχομαι	2	exact	προαπέρχομαι
tlg0003.tlg001	συμπολιορκέω	2	exact	συμπολιορκέω
tlg0003.tlg001	εἰσηγέομαι	2	exact	εἰσηγέομαι
tlg0003.tlg001	ἐξαλείφω	2	exact	ἐξαλείφω
tlg0003.tlg001	μέτρον	2	exact	μέτρον
tlg0003.tlg001	διανέμω	2	exact	διανέμω
tlg0003.tlg001	στεγανός	2	exact	στεγανός
tlg0003.tlg001	ἀνά	2	exact	ἀνά
tlg0003.tlg001	σκοτεινός	2	exact	σκοτεινός
tlg0003.tlg001	ψόφος	2	exact	ψόφος
tlg0003.tlg001	ὅπλισις	2	exact	ὅπλισις
tlg0003.tlg001	δοράτιον	2	exact	δοράτιον
tlg0003.tlg001	κατόπιν	2	exact	κατόπιν
tlg0003.tlg001	χεῖλος	2	exact	χεῖλος
tlg0003.tlg001	ἀκοντίζω	2	exact	ἀκοντίζω
tlg0003.tlg001	πήγνυμι	2	exact	πήγνυμι
tlg0003.tlg001	ὑπερέχω	2	exact	ὑπερέχω
tlg0003.tlg001	ὑποστρέφω	2	exact	ὑποστρέφω
tlg0003.tlg001	περιδεής	2	exact	περιδεής
tlg0003.tlg001	προσκτάομαι	2	exact	προσκτάομαι
tlg0003.tlg001	ἔκπυστος	2	exact	ἔκπυστος
tlg0003.tlg001	διατείχισμα	2	exact	διατείχισμα
tlg0003.tlg001	Μηδίζω	2	exact	Μηδίζω
tlg0003.tlg001	συνεισέρχομαι	2	exact	συνεισέρχομαι
tlg0003.tlg001	ὑπεξέρχομαι	2	exact	ὑπεξέρχομαι
tlg0003.tlg001	παρακινδυνεύω	2	exact	παρακινδυνεύω
tlg0003.tlg001	βούλευμα	2	exact	βούλευμα
tlg0003.tlg001	πιθανός	2	exact	πιθανός
tlg0003.tlg001	μηδέ	2	exact	μηδέ
tlg0003.tlg001	ἀπαιδευσία	2	exact	ἀπαιδευσία
tlg0003.tlg001	ἀντερῶ	2	exact	ἀντερῶ
tlg0003.tlg001	ἀποτροπή	2	exact	ἀποτροπή
tlg0003.tlg001	παρατείνω	2	exact	παρατείνω
tlg0003.tlg001	αὐτονομία	2	exact	αὐτονομία
tlg0003.tlg001	σφόδρα	2	exact	σφόδρα
tlg0003.tlg001	ἀγχώμαλος	2	exact	ἀγχώμαλος
tlg0003.tlg001	ἀναγιγνώσκω	2	exact	ἀναγιγνώσκω
tlg0003.tlg001	κλῆρος	2	exact	κλῆρος
tlg0003.tlg001	προτάσσω	2	exact	προτάσσω
tlg0003.tlg001	ὑπέχω	2	exact	ὑπέχω
tlg0003.tlg001	ἐπερώτημα	2	exact	ἐπερώτημα
tlg0003.tlg001	ἐρώτημα	2	exact	ἐρώτημα
tlg0003.tlg001	ἀναγράφω	2	exact	ἀναγράφω
tlg0003.tlg001	περιωθέω	2	exact	περιωθέω
tlg0003.tlg001	ἀνταπαιτέω	2	exact	ἀνταπαιτέω
tlg0003.tlg001	ἀναδίδωμι	2	exact	ἀναδίδωμι
tlg0003.tlg001	ἄτιμος	2	exact	ἄτιμος
tlg0003.tlg001	ἀστάθμητος	2	exact	ἀστάθμητος
tlg0003.tlg001	ὄλεθρος	2	exact	ὄλεθρος
tlg0003.tlg001	σωτήρ	2	exact	σωτήρ
tlg0003.tlg001	ἀπόκρισις	2	exact	ἀπόκρισις
tlg0003.tlg001	καταδουλόω	2	exact	καταδουλόω
tlg0003.tlg001	συνωμοσία	2	exact	συνωμοσία
tlg0003.tlg001	ἐπιδείκνυμι	2	exact	ἐπιδείκνυμι
tlg0003.tlg001	μηκέτι	2	exact	μηκέτι
tlg0003.tlg001	ἐπικλάζω	2	exact	ἐπικλάζω
tlg0003.tlg001	προπάσχω	2	exact	προπάσχω
tlg0003.tlg001	ἔννομος	2	exact	ἔννομος
tlg0003.tlg001	ἄνομος	2	exact	ἄνομος
tlg0003.tlg001	ὀροφή	2	exact	ὀροφή
tlg0003.tlg001	Ἥρα	2	exact	Ἥρα
tlg0003.tlg001	λίθινος	2	exact	λίθινος
tlg0003.tlg001	σχεδόν	2	exact	σχεδόν
tlg0003.tlg001	χάραξ	2	exact	χάραξ
tlg0003.tlg001	στατήρ	2	exact	στατήρ
tlg0003.tlg001	ἐπικυρόω	2	exact	ἐπικυρόω
tlg0003.tlg001	ἀκροβολίζομαι	2	exact	ἀκροβολίζομαι
tlg0003.tlg001	ἐκεῖσε	2	exact	ἐκεῖσε
tlg0003.tlg001	ἀπάγχω	2	exact	ἀπάγχω
tlg0003.tlg001	ἑκασταχοῦ	2	exact	ἑκασταχοῦ
tlg0003.tlg001	ἀνταλλάσσω	2	exact	ἀνταλλάσσω
tlg0003.tlg001	προμηθής	2	exact	προμηθής
tlg0003.tlg001	προβουλεύω	2	exact	προβουλεύω
tlg0003.tlg001	ἐπικελεύω	2	exact	ἐπικελεύω
tlg0003.tlg001	ἰσονομία	2	exact	ἰσονομία
tlg0003.tlg001	ἔθω	2	exact	ἔθω
tlg0003.tlg001	οἰκειότης	2	exact	οἰκειότης
tlg0003.tlg001	Αἴολος	2	exact	Αἴολος
tlg0003.tlg001	ἐπίκλυσις	2	exact	ἐπίκλυσις
tlg0003.tlg001	ἐναυλίζω	2	exact	ἐναυλίζω
tlg0003.tlg001	καινός	2	exact	καινός
tlg0003.tlg001	κάθαρσις	2	exact	κάθαρσις
tlg0003.tlg001	γυμνικός	2	exact	γυμνικός
tlg0003.tlg001	μουσικός	2	exact	μουσικός
tlg0003.tlg001	προοίμιον	2	exact	προοίμιον
tlg0003.tlg001	πωλέω	2	exact	πωλέω
tlg0003.tlg001	λοχίζω	2	exact	λοχίζω
tlg0003.tlg001	συναμφότεροι	2	exact	συναμφότεροι
tlg0003.tlg001	ἐξανίστημι	2	exact	ἐξανίστημι
tlg0003.tlg001	προὔργου	2	exact	προὔργου
tlg0003.tlg001	ἀποχώρησις	2	exact	ἀποχώρησις
tlg0003.tlg001	ὄρθρος	2	exact	ὄρθρος
tlg0003.tlg001	εὐνή	2	exact	εὐνή
tlg0003.tlg001	ῥύαξ	2	exact	ῥύαξ
tlg0003.tlg001	τιμωρός	2	exact	τιμωρός
tlg0003.tlg001	ὁμόφωνος	2	exact	ὁμόφωνος
tlg0003.tlg001	ἐκτειχίζω	2	exact	ἐκτειχίζω
tlg0003.tlg001	λογάδην	2	exact	λογάδην
tlg0003.tlg001	ὑλώδης	2	exact	ὑλώδης
tlg0003.tlg001	ἀτριβής	2	exact	ἀτριβής
tlg0003.tlg001	ἀνασπάω	2	exact	ἀνασπάω
tlg0003.tlg001	κέλης	2	exact	κέλης
tlg0003.tlg001	ἄοπλος	2	exact	ἄοπλος
tlg0003.tlg001	ἀπερίσκεπτος	2	exact	ἀπερίσκεπτος
tlg0003.tlg001	τακτός	2	exact	τακτός
tlg0003.tlg001	βρῶμα	2	exact	βρῶμα
tlg0003.tlg001	ἀπαίρω	2	exact	ἀπαίρω
tlg0003.tlg001	σπέρμα	2	exact	σπέρμα
tlg0003.tlg001	προσαιρέομαι	2	exact	προσαιρέομαι
tlg0003.tlg001	πλάγιος	2	exact	πλάγιος
tlg0003.tlg001	ἐπεκθέω	2	exact	ἐπεκθέω
tlg0003.tlg001	ἀτραπός	2	exact	ἀτραπός
tlg0003.tlg001	προσίημι	2	exact	προσίημι
tlg0003.tlg001	ἐφαιρέομαι	2	exact	ἐφαιρέομαι
tlg0003.tlg001	καθύπερθε	2	exact	καθύπερθε
tlg0003.tlg001	μισθόω	2	exact	μισθόω
tlg0003.tlg001	ἐκλέγω	2	exact	ἐκλέγω
tlg0003.tlg001	καταλλάσσω	2	exact	καταλλάσσω
tlg0003.tlg001	διαλλακτής	2	exact	διαλλακτής
tlg0003.tlg001	μωρία	2	exact	μωρία
tlg0003.tlg001	οὐδέποτε	2	exact	οὐδέποτε
tlg0003.tlg001	χράομαι	2	exact	χράομαι
tlg0003.tlg001	περίπολος	2	exact	περίπολος
tlg0003.tlg001	ἄνοιξις	2	exact	ἄνοιξις
tlg0003.tlg001	σύνθημα	2	exact	σύνθημα
tlg0003.tlg001	εἰστρέχω	2	exact	εἰστρέχω
tlg0003.tlg001	ἀγωγή	2	exact	ἀγωγή
tlg0003.tlg001	ἀναρρίπτω	2	exact	ἀναρρίπτω
tlg0003.tlg001	ἐπαγωγός	2	exact	ἐπαγωγός
tlg0003.tlg001	ἄμπελος	2	exact	ἄμπελος
tlg0003.tlg001	οἴκοθεν	2	exact	οἴκοθεν
tlg0003.tlg001	νυνί	2	exact	νυνί
tlg0003.tlg001	κατακόπτω	2	exact	κατακόπτω
tlg0003.tlg001	παραρρήγνυμι	2	exact	παραρρήγνυμι
tlg0003.tlg001	ἀποστρέφω	2	exact	ἀποστρέφω
tlg0003.tlg001	λέβης	2	exact	λέβης
tlg0003.tlg001	περιφανής	2	exact	περιφανής
tlg0003.tlg001	ἀποπειράζω	2	exact	ἀποπειράζω
tlg0003.tlg001	συγκαθίστημι	2	exact	συγκαθίστημι
tlg0003.tlg001	κατασκάπτω	2	exact	κατασκάπτω
tlg0003.tlg001	τετράγωνος	2	exact	τετράγωνος
tlg0003.tlg001	ἀμφίλογος	2	exact	ἀμφίλογος
tlg0003.tlg001	τετράς	2	exact	τετράς
tlg0003.tlg001	πρύτανις	2	exact	πρύτανις
tlg0003.tlg001	παρακέλευσις	2	exact	παρακέλευσις
tlg0003.tlg001	ἀπειλή	2	exact	ἀπειλή
tlg0003.tlg001	ἔπειμι	2	exact	ἔπειμι
tlg0003.tlg001	ζεῦγος	2	exact	ζεῦγος
tlg0003.tlg001	μισθωτός	2	exact	μισθωτός
tlg0003.tlg001	καθαρός	2	exact	καθαρός
tlg0003.tlg001	ἐμαυτοῦ	2	exact	ἐμαυτοῦ
tlg0003.tlg001	σφάλμα	2	exact	σφάλμα
tlg0003.tlg001	θεωρός	2	exact	θεωρός
tlg0003.tlg001	πημονή	2	exact	πημονή
tlg0003.tlg001	Λάμπων	2	exact	Λάμπων
tlg0003.tlg001	μεσόω	2	exact	μεσόω
tlg0003.tlg001	ἑνδέκατος	2	exact	ἑνδέκατος
tlg0003.tlg001	δεκέτης	2	exact	δεκέτης
tlg0003.tlg001	δημοκρατέομαι	2	exact	δημοκρατέομαι
tlg0003.tlg001	νεοδαμώδης	2	exact	νεοδαμώδης
tlg0003.tlg001	ἐπίτιμος	2	exact	ἐπίτιμος
tlg0003.tlg001	καθαίρεσις	2	exact	καθαίρεσις
tlg0003.tlg001	ἐκτίνω	2	exact	ἐκτίνω
tlg0003.tlg001	καταδικάζω	2	exact	καταδικάζω
tlg0003.tlg001	οἴκοι	2	exact	οἴκοι
tlg0003.tlg001	ἐκτρέπω	2	exact	ἐκτρέπω
tlg0003.tlg001	λοχαγός	2	exact	λοχαγός
tlg0003.tlg001	εἴτε	2	exact	εἴτε
tlg0003.tlg001	ἀποζάω	1	exact	ἀποζάω
tlg0003.tlg001	φυτεύω	1	exact	φυτεύω
tlg0003.tlg001	ἀστασίαστος	1	exact	ἀστασίαστος
tlg0003.tlg001	μετοικία	1	exact	μετοικία
tlg0003.tlg001	ἐπίκλησις	1	exact	ἐπίκλησις
tlg0003.tlg001	ἀμιξία	1	exact	ἀμιξία
tlg0003.tlg001	ἁρπάζω	1	exact	ἁρπάζω
tlg0003.tlg001	ἀπαξιόω	1	exact	ἀπαξιόω
tlg0003.tlg001	διαίτημα	1	exact	διαίτημα
tlg0003.tlg001	τρυφερός	1	exact	τρυφερός
tlg0003.tlg001	ἁβροδίαιτος	1	exact	ἁβροδίαιτος
tlg0003.tlg001	χιτών	1	exact	χιτών
tlg0003.tlg001	λίνεος	1	exact	λίνεος
tlg0003.tlg001	τέττιξ	1	exact	τέττιξ
tlg0003.tlg001	θρίξ	1	exact	θρίξ
tlg0003.tlg001	ἐσθής	1	exact	ἐσθής
tlg0003.tlg001	γυμνόω	1	exact	γυμνόω
tlg0003.tlg001	ἀποδύω	1	exact	ἀποδύω
tlg0003.tlg001	γυμνάζω	1	exact	γυμνάζω
tlg0003.tlg001	διάζωμα	1	exact	διάζωμα
tlg0003.tlg001	πυγμή	1	exact	πυγμή
tlg0003.tlg001	πάλα	1	exact	πάλα
tlg0003.tlg001	διαζώννυμι	1	exact	διαζώννυμι
tlg0003.tlg001	βαρβαρικός	1	exact	βαρβαρικός
tlg0003.tlg001	συνθάπτω	1	exact	συνθάπτω
tlg0003.tlg001	Ἑλένη	1	exact	Ἑλένη
tlg0003.tlg001	μνηστήρ	1	exact	μνηστήρ
tlg0003.tlg001	ἔκγονος	1	exact	ἔκγονος
tlg0003.tlg001	προσπαρέχω	1	exact	προσπαρέχω
tlg0003.tlg001	σκῆπτρον	1	exact	σκῆπτρον
tlg0003.tlg001	ἀνάσσω	1	exact	ἀνάσσω
tlg0003.tlg001	κατάλογος	1	exact	κατάλογος
tlg0003.tlg001	κατάφρακτος	1	exact	κατάφρακτος
tlg0003.tlg001	νεοχμόω	1	exact	νεοχμόω
tlg0003.tlg001	πατρικός	1	exact	πατρικός
tlg0003.tlg001	ναυπηγός	1	exact	ναυπηγός
tlg0003.tlg001	ἐμπόριος	1	exact	ἐμπόριος
tlg0003.tlg001	ἀφνειός	1	exact	ἀφνειός
tlg0003.tlg001	προσδόκιμος	1	exact	προσδόκιμος
tlg0003.tlg001	διαρκής	1	exact	διαρκής
tlg0003.tlg001	κτίσις	1	exact	κτίσις
tlg0003.tlg001	εὐνομέομαι	1	exact	εὐνομέομαι
tlg0003.tlg001	ὁμαιχμία	1	exact	ὁμαιχμία
tlg0003.tlg001	ἀνθέω	1	exact	ἀνθέω
tlg0003.tlg001	ἀμνηστέω	1	exact	ἀμνηστέω
tlg0003.tlg001	ἀταλαίπωρος	1	exact	ἀταλαίπωρος
tlg0003.tlg001	ζήτησις	1	exact	ζήτησις
tlg0003.tlg001	λογόγραφος	1	exact	λογόγραφος
tlg0003.tlg001	ἀποχρώντως	1	exact	ἀποχρώντως
tlg0003.tlg001	διαμνημονεύω	1	exact	διαμνημονεύω
tlg0003.tlg001	ἀτερπής	1	exact	ἀτερπής
tlg0003.tlg001	ἀρκεόντως	1	exact	ἀρκεόντως
tlg0003.tlg001	προβαίνω	1	exact	προβαίνω
tlg0003.tlg001	ἔκλειψις	1	exact	ἔκλειψις
tlg0003.tlg001	αὐχμός	1	exact	αὐχμός
tlg0003.tlg001	λοιμώδης	1	exact	λοιμώδης
tlg0003.tlg001	προγράφω	1	exact	προγράφω
tlg0003.tlg001	ἀποικίζω	1	exact	ἀποικίζω
tlg0003.tlg001	κατακαλέω	1	exact	κατακαλέω
tlg0003.tlg001	ἐκδιώκω	1	exact	ἐκδιώκω
tlg0003.tlg001	παραμελέω	1	exact	παραμελέω
tlg0003.tlg001	περιφρονέω	1	exact	περιφρονέω
tlg0003.tlg001	ἐπήρεια	1	exact	ἐπήρεια
tlg0003.tlg001	συμπροπέμπω	1	exact	συμπροπέμπω
tlg0003.tlg001	ἀνακτόριος	1	exact	ἀνακτόριος
tlg0003.tlg001	ζεύγνυμι	1	exact	ζεύγνυμι
tlg0003.tlg001	ἐπισκευάζω	1	exact	ἐπισκευάζω
tlg0003.tlg001	εἰρηναῖος	1	exact	εἰρηναῖος
tlg0003.tlg001	ἐρέτης	1	exact	ἐρέτης
tlg0003.tlg001	εἰσγράφω	1	exact	εἰσγράφω
tlg0003.tlg001	προοφείλω	1	exact	προοφείλω
tlg0003.tlg001	ἐπιζήμιος	1	exact	ἐπιζήμιος
tlg0003.tlg001	αἴτησις	1	exact	αἴτησις
tlg0003.tlg001	συγκινδυνεύω	1	exact	συγκινδυνεύω
tlg0003.tlg001	εὐπραξία	1	exact	εὐπραξία
tlg0003.tlg001	προτερέω	1	exact	προτερέω
tlg0003.tlg001	διατελέω	1	exact	διατελέω
tlg0003.tlg001	μηδαμοῦ	1	exact	μηδαμοῦ
tlg0003.tlg001	περισκοπέω	1	exact	περισκοπέω
tlg0003.tlg001	κακουργία	1	exact	κακουργία
tlg0003.tlg001	ἐπιτηδεύω	1	exact	ἐπιτηδεύω
tlg0003.tlg001	καταίρω	1	exact	καταίρω
tlg0003.tlg001	ἀναισχυντέω	1	exact	ἀναισχυντέω
tlg0003.tlg001	στέργω	1	exact	στέργω
tlg0003.tlg001	ἀπαρέσκω	1	exact	ἀπαρέσκω
tlg0003.tlg001	μετριότης	1	exact	μετριότης
tlg0003.tlg001	μεταδίδωμι	1	exact	μεταδίδωμι
tlg0003.tlg001	πλεονέκτης	1	exact	πλεονέκτης
tlg0003.tlg001	ἐκποδών	1	exact	ἐκποδών
tlg0003.tlg001	δικαίωμα	1	exact	δικαίωμα
tlg0003.tlg001	ἐπιχράω	1	exact	ἐπιχράω
tlg0003.tlg001	ἐπικράτησις	1	exact	ἐπικράτησις
tlg0003.tlg001	κόλασις	1	exact	κόλασις
tlg0003.tlg001	συγκρούω	1	exact	συγκρούω
tlg0003.tlg001	ἐνενήκοντα	1	exact	ἐνενήκοντα
tlg0003.tlg001	προσφερής	1	exact	προσφερής
tlg0003.tlg001	ταραχώδης	1	exact	ταραχώδης
tlg0003.tlg001	πρόρρησις	1	exact	πρόρρησις
tlg0003.tlg001	σκάφος	1	exact	σκάφος
tlg0003.tlg001	διεκπλέω	1	exact	διεκπλέω
tlg0003.tlg001	διάγνωσις	1	exact	διάγνωσις
tlg0003.tlg001	συσκοτάζω	1	exact	συσκοτάζω
tlg0003.tlg001	ἐπισκευή	1	exact	ἐπισκευή
tlg0003.tlg001	διασκοπέω	1	exact	διασκοπέω
tlg0003.tlg001	εἰσβιβάζω	1	exact	εἰσβιβάζω
tlg0003.tlg001	κηρύκειον	1	exact	κηρύκειον
tlg0003.tlg001	πείρω	1	exact	πείρω
tlg0003.tlg001	ἀναβοάω	1	exact	ἀναβοάω
tlg0003.tlg001	ῥόος	1	exact	ῥόος
tlg0003.tlg001	προτεραῖος	1	exact	προτεραῖος
tlg0003.tlg001	τεσσαρακοστός	1	exact	τεσσαρακοστός
tlg0003.tlg001	κατεπείγω	1	exact	κατεπείγω
tlg0003.tlg001	χηλή	1	exact	χηλή
tlg0003.tlg001	κατασπάω	1	exact	κατασπάω
tlg0003.tlg001	κείρω	1	exact	κείρω
tlg0003.tlg001	ἐφορμέω	1	exact	ἐφορμέω
tlg0003.tlg001	συρράσσω	1	exact	συρράσσω
tlg0003.tlg001	μάθησις	1	exact	μάθησις
tlg0003.tlg001	ἐπίκαιρος	1	exact	ἐπίκαιρος
tlg0003.tlg001	αὔξησις	1	exact	αὔξησις
tlg0003.tlg001	διπλασιόομαι	1	exact	διπλασιόομαι
tlg0003.tlg001	πέρας	1	exact	πέρας
tlg0003.tlg001	νεωτεροποιός	1	exact	νεωτεροποιός
tlg0003.tlg001	ἐξικνέομαι	1	exact	ἐξικνέομαι
tlg0003.tlg001	τολμητής	1	exact	τολμητής
tlg0003.tlg001	μελλητής	1	exact	μελλητής
tlg0003.tlg001	ἀπουσία	1	exact	ἀπουσία
tlg0003.tlg001	ἀναπίπτω	1	exact	ἀναπίπτω
tlg0003.tlg001	αἰών	1	exact	αἰών
tlg0003.tlg001	πολυπειρία	1	exact	πολυπειρία
tlg0003.tlg001	ὅρκιον	1	exact	ὅρκιον
tlg0003.tlg001	ἐξήγησις	1	exact	ἐξήγησις
tlg0003.tlg001	καταβοή	1	exact	καταβοή
tlg0003.tlg001	παραίτησις	1	exact	παραίτησις
tlg0003.tlg001	προκινδυνεύω	1	exact	προκινδυνεύω
tlg0003.tlg001	συνναυμαχέω	1	exact	συνναυμαχέω
tlg0003.tlg001	ἆρα	1	exact	ἆρα
tlg0003.tlg001	θαυμαστός	1	exact	θαυμαστός
tlg0003.tlg001	ἀνέω	1	exact	ἀνέω
tlg0003.tlg001	μετριάζω	1	exact	μετριάζω
tlg0003.tlg001	ἀδοξία	1	exact	ἀδοξία
tlg0003.tlg001	συμβόλαιος	1	exact	συμβόλαιος
tlg0003.tlg001	φιλοδικέω	1	exact	φιλοδικέω
tlg0003.tlg001	ἐθίζω	1	exact	ἐθίζω
tlg0003.tlg001	ὁπωσοῦν	1	exact	ὁπωσοῦν
tlg0003.tlg001	ἀποτίθημι	1	exact	ἀποτίθημι
tlg0003.tlg001	βαρύς	1	exact	βαρύς
tlg0003.tlg001	πότερος	1	exact	πότερος
tlg0003.tlg001	καταφωράω	1	exact	καταφωράω
tlg0003.tlg001	προσαγωγή	1	exact	προσαγωγή
tlg0003.tlg001	ὑποσημαίνω	1	exact	ὑποσημαίνω
tlg0003.tlg001	ἄτμητος	1	exact	ἄτμητος
tlg0003.tlg001	ἀπόνοια	1	exact	ἀπόνοια
tlg0003.tlg001	ἀνανδρία	1	exact	ἀνανδρία
tlg0003.tlg001	εὔδοξος	1	exact	εὔδοξος
tlg0003.tlg001	ἔμφρων	1	exact	ἔμφρων
tlg0003.tlg001	εὔκοσμος	1	exact	εὔκοσμος
tlg0003.tlg001	αἰδώς	1	exact	αἰδώς
tlg0003.tlg001	ὑπεροψία	1	exact	ὑπεροψία
tlg0003.tlg001	ἀνηκουστέω	1	exact	ἀνηκουστέω
tlg0003.tlg001	ἀνόμοιος	1	exact	ἀνόμοιος
tlg0003.tlg001	διαιρετός	1	exact	διαιρετός
tlg0003.tlg001	ὑπεκτίθεμαι	1	exact	ὑπεκτίθεμαι
tlg0003.tlg001	ἀνοικοδομέω	1	exact	ἀνοικοδομέω
tlg0003.tlg001	σκηνόω	1	exact	σκηνόω
tlg0003.tlg001	ἀφορμή	1	exact	ἀφορμή
tlg0003.tlg001	ἀπομάχομαι	1	exact	ἀπομάχομαι
tlg0003.tlg001	συνεργάζομαι	1	exact	συνεργάζομαι
tlg0003.tlg001	αὐτοφυής	1	exact	αὐτοφυής
tlg0003.tlg001	συγκατασκευάζω	1	exact	συγκατασκευάζω
tlg0003.tlg001	χάλιξ	1	exact	χάλιξ
tlg0003.tlg001	ἐντομή	1	exact	ἐντομή
tlg0003.tlg001	μόλυβδος	1	exact	μόλυβδος
tlg0003.tlg001	ἀνακρίνω	1	exact	ἀνακρίνω
tlg0003.tlg001	μίμησις	1	exact	μίμησις
tlg0003.tlg001	μετατάσσω	1	exact	μετατάσσω
tlg0003.tlg001	εὐθύνω	1	exact	εὐθύνω
tlg0003.tlg001	ταμιεῖον	1	exact	ταμιεῖον
tlg0003.tlg001	προστυγχάνω	1	exact	προστυγχάνω
tlg0003.tlg001	ἱκνέομαι	1	exact	ἱκνέομαι
tlg0003.tlg001	ἀνάλωμα	1	exact	ἀνάλωμα
tlg0003.tlg001	ἀπόγονος	1	exact	ἀπόγονος
tlg0003.tlg001	τειχομαχέω	1	exact	τειχομαχέω
tlg0003.tlg001	σφοδρός	1	exact	σφοδρός
tlg0003.tlg001	Φάρος	1	exact	Φάρος
tlg0003.tlg001	ἀναπλέω	1	exact	ἀναπλέω
tlg0003.tlg001	λευκός	1	exact	λευκός
tlg0003.tlg001	ἐκβοηθέω	1	exact	ἐκβοηθέω
tlg0003.tlg001	προσβιάζομαι	1	exact	προσβιάζομαι
tlg0003.tlg001	καταλεύω	1	exact	καταλεύω
tlg0003.tlg001	ἐρινεόν	1	exact	ἐρινεόν
tlg0003.tlg001	δενδροτομέω	1	exact	δενδροτομέω
tlg0003.tlg001	ξηραίνω	1	exact	ξηραίνω
tlg0003.tlg001	παρατρέπω	1	exact	παρατρέπω
tlg0003.tlg001	ξηρός	1	exact	ξηρός
tlg0003.tlg001	ἕλειος	1	exact	ἕλειος
tlg0003.tlg001	ἀνασταυρόω	1	exact	ἀνασταυρόω
tlg0003.tlg001	πεντέτης	1	exact	πεντέτης
tlg0003.tlg001	ἐξοικίζω	1	exact	ἐξοικίζω
tlg0003.tlg001	ἐκκλέπτω	1	exact	ἐκκλέπτω
tlg0003.tlg001	στρατιῶτις	1	exact	στρατιῶτις
tlg0003.tlg001	ἄκλητος	1	exact	ἄκλητος
tlg0003.tlg001	προδιαφθείρω	1	exact	προδιαφθείρω
tlg0003.tlg001	ἐναλλάσσω	1	exact	ἐναλλάσσω
tlg0003.tlg001	πόρος	1	exact	πόρος
tlg0003.tlg001	ῥᾳστώνη	1	exact	ῥᾳστώνη
tlg0003.tlg001	θράσις	1	exact	θράσις
tlg0003.tlg001	ἄβουλος	1	exact	ἄβουλος
tlg0003.tlg001	ἐγείρω	1	exact	ἐγείρω
tlg0003.tlg001	οὐσία	1	exact	οὐσία
tlg0003.tlg001	δάνεισμα	1	exact	δάνεισμα
tlg0003.tlg001	ναυβάτης	1	exact	ναυβάτης
tlg0003.tlg001	καθαιρετός	1	exact	καθαιρετός
tlg0003.tlg001	παραίρεσις	1	exact	παραίρεσις
tlg0003.tlg001	μόναρχος	1	exact	μόναρχος
tlg0003.tlg001	ἀφροσύνη	1	exact	ἀφροσύνη
tlg0003.tlg001	μετονομάζω	1	exact	μετονομάζω
tlg0003.tlg001	διατρίβω	1	exact	διατρίβω
tlg0003.tlg001	εὐγενής	1	exact	εὐγενής
tlg0003.tlg001	ἱερεῖον	1	exact	ἱερεῖον
tlg0003.tlg001	ἁγνός	1	exact	ἁγνός
tlg0003.tlg001	τρύχω	1	exact	τρύχω
tlg0003.tlg001	προσεδρεία	1	exact	προσεδρεία
tlg0003.tlg001	διατίθημι	1	exact	διατίθημι
tlg0003.tlg001	φλαῦρος	1	exact	φλαῦρος
tlg0003.tlg001	ἐκδιδράσκω	1	exact	ἐκδιδράσκω
tlg0003.tlg001	σεμνός	1	exact	σεμνός
tlg0003.tlg001	ἀλιτήριος	1	exact	ἀλιτήριος
tlg0003.tlg001	σπάρτη	1	exact	σπάρτη
tlg0003.tlg001	ἀνευρίσκω	1	exact	ἀνευρίσκω
tlg0003.tlg001	σατραπεία	1	exact	σατραπεία
tlg0003.tlg001	ἐνδύω	1	exact	ἐνδύω
tlg0003.tlg001	δορυφορέω	1	exact	δορυφορέω
tlg0003.tlg001	τράπεζα	1	exact	τράπεζα
tlg0003.tlg001	παρατίθημι	1	exact	παρατίθημι
tlg0003.tlg001	προδηλόω	1	exact	προδηλόω
tlg0003.tlg001	μονή	1	exact	μονή
tlg0003.tlg001	σκυτάλη	1	exact	σκυτάλη
tlg0003.tlg001	εἱρκτή	1	exact	εἱρκτή
tlg0003.tlg001	ἐλέγχω	1	exact	ἐλέγχω
tlg0003.tlg001	βασίλειος	1	exact	βασίλειος
tlg0003.tlg001	ἀνεψιός	1	exact	ἀνεψιός
tlg0003.tlg001	ἐπιτροπεύω	1	exact	ἐπιτροπεύω
tlg0003.tlg001	ζήλωσις	1	exact	ζήλωσις
tlg0003.tlg001	ἀνασκοπέω	1	exact	ἀνασκοπέω
tlg0003.tlg001	ἐκδιαιτάω	1	exact	ἐκδιαιτάω
tlg0003.tlg001	ἀκροθίνιον	1	exact	ἀκροθίνιον
tlg0003.tlg001	ἀρχηγός	1	exact	ἀρχηγός
tlg0003.tlg001	ὄλλυμι	1	exact	ὄλλυμι
tlg0003.tlg001	μνῆμα	1	exact	μνῆμα
tlg0003.tlg001	ὀνομαστί	1	exact	ὀνομαστί
tlg0003.tlg001	συνεπανίστημι	1	exact	συνεπανίστημι
tlg0003.tlg001	συγκατεργάζομαι	1	exact	συγκατεργάζομαι
tlg0003.tlg001	ἀναμφισβήτητος	1	exact	ἀναμφισβήτητος
tlg0003.tlg001	παιδικός	1	exact	παιδικός
tlg0003.tlg001	ἐνθύμησις	1	exact	ἐνθύμησις
tlg0003.tlg001	παρασημαίνομαι	1	exact	παρασημαίνομαι
tlg0003.tlg001	αὐτήκοος	1	exact	αὐτήκοος
tlg0003.tlg001	σκηνέω	1	exact	σκηνέω
tlg0003.tlg001	διάφραγμα	1	exact	διάφραγμα
tlg0003.tlg001	διακονία	1	exact	διακονία
tlg0003.tlg001	διάκονος	1	exact	διάκονος
tlg0003.tlg001	συνομολογέω	1	exact	συνομολογέω
tlg0003.tlg001	σύλληψις	1	exact	σύλληψις
tlg0003.tlg001	νεῦμα	1	exact	νεῦμα
tlg0003.tlg001	ὑπαίθριος	1	exact	ὑπαίθριος
tlg0003.tlg001	ὄροφος	1	exact	ὄροφος
tlg0003.tlg001	ἀποικοδομέω	1	exact	ἀποικοδομέω
tlg0003.tlg001	ἀποψύχω	1	exact	ἀποψύχω
tlg0003.tlg001	πλησίος	1	exact	πλησίος
tlg0003.tlg001	πού	1	exact	πού
tlg0003.tlg001	κατορύσσω	1	exact	κατορύσσω
tlg0003.tlg001	μεταφέρω	1	exact	μεταφέρω
tlg0003.tlg001	ἀνδριάς	1	exact	ἀνδριάς
tlg0003.tlg001	ἀντεπιτάσσω	1	exact	ἀντεπιτάσσω
tlg0003.tlg001	συνεπαιτιάομαι	1	exact	συνεπαιτιάομαι
tlg0003.tlg001	ὀστρακίζω	1	exact	ὀστρακίζω
tlg0003.tlg001	ἐπιδημέω	1	exact	ἐπιδημέω
tlg0003.tlg001	ἑστία	1	exact	ἑστία
tlg0003.tlg001	ἱκέτευμα	1	exact	ἱκέτευμα
tlg0003.tlg001	ἐκβαίνω	1	exact	ἐκβαίνω
tlg0003.tlg001	ἀποσαλεύω	1	exact	ἀποσαλεύω
tlg0003.tlg001	ὑπέκκειμαι	1	exact	ὑπέκκειμαι
tlg0003.tlg001	Περσίς	1	exact	Περσίς
tlg0003.tlg001	προμανθάνω	1	exact	προμανθάνω
tlg0003.tlg001	ἐπιμανθάνω	1	exact	ἐπιμανθάνω
tlg0003.tlg001	γνώμων	1	exact	γνώμων
tlg0003.tlg001	εἰκαστής	1	exact	εἰκαστής
tlg0003.tlg001	αὐτοσχεδιάζω	1	exact	αὐτοσχεδιάζω
tlg0003.tlg001	ἄρτος	1	exact	ἄρτος
tlg0003.tlg001	ὄψον	1	exact	ὄψον
tlg0003.tlg001	ἔλασις	1	exact	ἔλασις
tlg0003.tlg001	ἐπεργασία	1	exact	ἐπεργασία
tlg0003.tlg001	ἀόριστος	1	exact	ἀόριστος
tlg0003.tlg001	ἀνδράποδον	1	exact	ἀνδράποδον
tlg0003.tlg001	ὑποδοχή	1	exact	ὑποδοχή
tlg0003.tlg001	ἅπαξ	1	exact	ἅπαξ
tlg0003.tlg001	ἀπισχυρίζομαι	1	exact	ἀπισχυρίζομαι
tlg0003.tlg001	διαπόντιος	1	exact	διαπόντιος
tlg0003.tlg001	ὁμόφυλος	1	exact	ὁμόφυλος
tlg0003.tlg001	ἐπιτελής	1	exact	ἐπιτελής
tlg0003.tlg001	μέλω	1	exact	μέλω
tlg0003.tlg001	δόξασμα	1	exact	δόξασμα
tlg0003.tlg001	μενετός	1	exact	μενετός
tlg0003.tlg001	αὐτομολία	1	exact	αὐτομολία
tlg0003.tlg001	ἐπιτειχίζω	1	exact	ἐπιτειχίζω
tlg0003.tlg001	ἐπιστήμων	1	exact	ἐπιστήμων
tlg0003.tlg001	γεωργός	1	exact	γεωργός
tlg0003.tlg001	θρασύνω	1	exact	θρασύνω
tlg0003.tlg001	ὑπηρεσία	1	exact	ὑπηρεσία
tlg0003.tlg001	προσαπόλλυμι	1	exact	προσαπόλλυμι
tlg0003.tlg001	ἀκήρυκτος	1	exact	ἀκήρυκτος
tlg0003.tlg001	Βοιωταρχέω	1	exact	Βοιωταρχέω
tlg0003.tlg001	ὑπεναντίος	1	exact	ὑπεναντίος
tlg0003.tlg001	διορύσσω	1	exact	διορύσσω
tlg0003.tlg001	φάος	1	exact	φάος
tlg0003.tlg001	κραυγή	1	exact	κραυγή
tlg0003.tlg001	ὀλολυγή	1	exact	ὀλολυγή
tlg0003.tlg001	ἐκφεύγω	1	exact	ἐκφεύγω
tlg0003.tlg001	βάλανος	1	exact	βάλανος
tlg0003.tlg001	πέλεκυς	1	exact	πέλεκυς
tlg0003.tlg001	διαβατός	1	exact	διαβατός
tlg0003.tlg001	διαβουλεύω	1	exact	διαβουλεύω
tlg0003.tlg001	ἔσοδος	1	exact	ἔσοδος
tlg0003.tlg001	ἐξετάζω	1	exact	ἐξετάζω
tlg0003.tlg001	πέριξ	1	exact	πέριξ
tlg0003.tlg001	λόγιον	1	exact	λόγιον
tlg0003.tlg001	ἀναζητέω	1	exact	ἀναζητέω
tlg0003.tlg001	συνεπιλαμβάνομαι	1	exact	συνεπιλαμβάνομαι
tlg0003.tlg001	Θήρα	1	exact	Θήρα
tlg0003.tlg001	ὄμμα	1	exact	ὄμμα
tlg0003.tlg001	ὅριον	1	exact	ὅριον
tlg0003.tlg001	ἄγη	1	exact	ἄγη
tlg0003.tlg001	προπύλαιος	1	exact	προπύλαιος
tlg0003.tlg001	ἀπαναλίσκω	1	exact	ἀπαναλίσκω
tlg0003.tlg001	ἄσημος	1	exact	ἄσημος
tlg0003.tlg001	περίκειμαι	1	exact	περίκειμαι
tlg0003.tlg001	ἄγαλμα	1	exact	ἄγαλμα
tlg0003.tlg001	σταθμός	1	exact	σταθμός
tlg0003.tlg001	ἄπεφθος	1	exact	ἄπεφθος
tlg0003.tlg001	συνοίκια	1	exact	συνοίκια
tlg0003.tlg001	δημοτελής	1	exact	δημοτελής
tlg0003.tlg001	πηγή	1	exact	πηγή
tlg0003.tlg001	γαμικός	1	exact	γαμικός
tlg0003.tlg001	κατοίκησις	1	exact	κατοίκησις
tlg0003.tlg001	κλειστός	1	exact	κλειστός
tlg0003.tlg001	ἐπάρατος	1	exact	ἐπάρατος
tlg0003.tlg001	ἐξοικέω	1	exact	ἐξοικέω
tlg0003.tlg001	ἐνοίκησις	1	exact	ἐνοίκησις
tlg0003.tlg001	κατανέμω	1	exact	κατανέμω
tlg0003.tlg001	συναγωγή	1	exact	συναγωγή
tlg0003.tlg001	ἐπιμονή	1	exact	ἐπιμονή
tlg0003.tlg001	πορεία	1	exact	πορεία
tlg0003.tlg001	ἐπίσχεσις	1	exact	ἐπίσχεσις
tlg0003.tlg001	καθέδρα	1	exact	καθέδρα
tlg0003.tlg001	ἐνστρατοπεδεύω	1	exact	ἐνστρατοπεδεύω
tlg0003.tlg001	ἀνερεθίζω	1	exact	ἀνερεθίζω
tlg0003.tlg001	πρόδρομος	1	exact	πρόδρομος
tlg0003.tlg001	εἰσδρομή	1	exact	εἰσδρομή
tlg0003.tlg001	τόλμημα	1	exact	τόλμημα
tlg0003.tlg001	ἐξανάγω	1	exact	ἐξανάγω
tlg0003.tlg001	σπείρω	1	exact	σπείρω
tlg0003.tlg001	σελήνη	1	exact	σελήνη
tlg0003.tlg001	μεσημβρία	1	exact	μεσημβρία
tlg0003.tlg001	ἀναπληρόω	1	exact	ἀναπληρόω
tlg0003.tlg001	ἀστήρ	1	exact	ἀστήρ
tlg0003.tlg001	ἐκφαίνω	1	exact	ἐκφαίνω
tlg0003.tlg001	ἴτυς	1	exact	ἴτυς
tlg0003.tlg001	ἀηδών	1	exact	ἀηδών
tlg0003.tlg001	εἰκός	1	exact	εἰκός
tlg0003.tlg001	κῆδος	1	exact	κῆδος
tlg0003.tlg001	συνάπτω	1	exact	συνάπτω
tlg0003.tlg001	ὀδύσσομαι	1	exact	ὀδύσσομαι
tlg0003.tlg001	συνεξαιρέω	1	exact	συνεξαιρέω
tlg0003.tlg001	συμβιβάζω	1	exact	συμβιβάζω
tlg0003.tlg001	τετράπολις	1	exact	τετράπολις
tlg0003.tlg001	ἐκφορά	1	exact	ἐκφορά
tlg0003.tlg001	κυπαρίσσινος	1	exact	κυπαρίσσινος
tlg0003.tlg001	συνεκφέρω	1	exact	συνεκφέρω
tlg0003.tlg001	διαπρεπής	1	exact	διαπρεπής
tlg0003.tlg001	προήκω	1	exact	προήκω
tlg0003.tlg001	βῆμα	1	exact	βῆμα
tlg0003.tlg001	ἀγορεύω	1	exact	ἀγορεύω
tlg0003.tlg001	ἀνεκτός	1	exact	ἀνεκτός
tlg0003.tlg001	ὑπερβάλλω	1	exact	ὑπερβάλλω
tlg0003.tlg001	ἐπαυξάνω	1	exact	ἐπαυξάνω
tlg0003.tlg001	ἐπιτήδευσις	1	exact	ἐπιτήδευσις
tlg0003.tlg001	ζηλέω	1	exact	ζηλέω
tlg0003.tlg001	μιμέομαι	1	exact	μιμέομαι
tlg0003.tlg001	εὐδοκιμέω	1	exact	εὐδοκιμέω
tlg0003.tlg001	ἀφάνεια	1	exact	ἀφάνεια
tlg0003.tlg001	ἀζήμιος	1	exact	ἀζήμιος
tlg0003.tlg001	ἀνεπαχθής	1	exact	ἀνεπαχθής
tlg0003.tlg001	τέρψις	1	exact	τέρψις
tlg0003.tlg001	ἐπεισέρχομαι	1	exact	ἐπεισέρχομαι
tlg0003.tlg001	καρπόω	1	exact	καρπόω
tlg0003.tlg001	μάθημα	1	exact	μάθημα
tlg0003.tlg001	θέαμα	1	exact	θέαμα
tlg0003.tlg001	παιδεία	1	exact	παιδεία
tlg0003.tlg001	ἀνειμένως	1	exact	ἀνειμένως
tlg0003.tlg001	ἐπίπεμψις	1	exact	ἐπίπεμψις
tlg0003.tlg001	αὐχέω	1	exact	αὐχέω
tlg0003.tlg001	ῥαθυμία	1	exact	ῥαθυμία
tlg0003.tlg001	φιλοκαλέω	1	exact	φιλοκαλέω
tlg0003.tlg001	εὐτέλεια	1	exact	εὐτέλεια
tlg0003.tlg001	φιλοσοφέω	1	exact	φιλοσοφέω
tlg0003.tlg001	πένομαι	1	exact	πένομαι
tlg0003.tlg001	ἤτοι	1	exact	ἤτοι
tlg0003.tlg001	προδιδάσκω	1	exact	προδιδάσκω
tlg0003.tlg001	ὀφείλημα	1	exact	ὀφείλημα
tlg0003.tlg001	παίδευσις	1	exact	παίδευσις
tlg0003.tlg001	εὐτράπελος	1	exact	εὐτράπελος
tlg0003.tlg001	ἀγανάκτησις	1	exact	ἀγανάκτησις
tlg0003.tlg001	κακοπαθής	1	exact	κακοπαθής
tlg0003.tlg001	κατάμεμψις	1	exact	κατάμεμψις
tlg0003.tlg001	τοι	1	exact	τοι
tlg0003.tlg001	ἐπαινέτης	1	exact	ἐπαινέτης
tlg0003.tlg001	ὑπόνοια	1	exact	ὑπόνοια
tlg0003.tlg001	συγκατοικίζω	1	exact	συγκατοικίζω
tlg0003.tlg001	εὐλογία	1	exact	εὐλογία
tlg0003.tlg001	πλουτέω	1	exact	πλουτέω
tlg0003.tlg001	ἀναβολή	1	exact	ἀναβολή
tlg0003.tlg001	ποθεινός	1	exact	ποθεινός
tlg0003.tlg001	σώζω	1	exact	σώζω
tlg0003.tlg001	ἐλάχιστος	1	exact	ἐλάχιστος
tlg0003.tlg001	προσηκόντως	1	exact	προσηκόντως
tlg0003.tlg001	ἐραστής	1	exact	ἐραστής
tlg0003.tlg001	ἔρανος	1	exact	ἔρανος
tlg0003.tlg001	ἐπιγραφή	1	exact	ἐπιγραφή
tlg0003.tlg001	ἐνδιαιτάομαι	1	exact	ἐνδιαιτάομαι
tlg0003.tlg001	τοκεύς	1	exact	τοκεύς
tlg0003.tlg001	ἐθάς	1	exact	ἐθάς
tlg0003.tlg001	τέκνωσις	1	exact	τέκνωσις
tlg0003.tlg001	διχόθεν	1	exact	διχόθεν
tlg0003.tlg001	παρηβάω	1	exact	παρηβάω
tlg0003.tlg001	εὔκλεια	1	exact	εὔκλεια
tlg0003.tlg001	κουφίζω	1	exact	κουφίζω
tlg0003.tlg001	φιλότιμος	1	exact	φιλότιμος
tlg0003.tlg001	γυναικεῖος	1	exact	γυναικεῖος
tlg0003.tlg001	ἄρσην	1	exact	ἄρσην
tlg0003.tlg001	ἥβη	1	exact	ἥβη
tlg0003.tlg001	ἀπολοφύρομαι	1	exact	ἀπολοφύρομαι
tlg0003.tlg001	πολλαχόσε	1	exact	πολλαχόσε
tlg0003.tlg001	ἐγκατασκήπτω	1	exact	ἐγκατασκήπτω
tlg0003.tlg001	φθορά	1	exact	φθορά
tlg0003.tlg001	ἱκετεύω	1	exact	ἱκετεύω
tlg0003.tlg001	ἄνοσος	1	exact	ἄνοσος
tlg0003.tlg001	θέρμη	1	exact	θέρμη
tlg0003.tlg001	ἐρύθημα	1	exact	ἐρύθημα
tlg0003.tlg001	φάρυγξ	1	exact	φάρυγξ
tlg0003.tlg001	αἱματώδης	1	exact	αἱματώδης
tlg0003.tlg001	δυσώδης	1	exact	δυσώδης
tlg0003.tlg001	πταρμός	1	exact	πταρμός
tlg0003.tlg001	βράγχος	1	exact	βράγχος
tlg0003.tlg001	στῆθος	1	exact	στῆθος
tlg0003.tlg001	βήξ	1	exact	βήξ
tlg0003.tlg001	καρδία	1	exact	καρδία
tlg0003.tlg001	στηρίζω	1	exact	στηρίζω
tlg0003.tlg001	ἀποκάθαρσις	1	exact	ἀποκάθαρσις
tlg0003.tlg001	χολή	1	exact	χολή
tlg0003.tlg001	λύγξ	1	exact	λύγξ
tlg0003.tlg001	σπασμός	1	exact	σπασμός
tlg0003.tlg001	λωφάω	1	exact	λωφάω
tlg0003.tlg001	θερμός	1	exact	θερμός
tlg0003.tlg001	ὑπέρυθρος	1	exact	ὑπέρυθρος
tlg0003.tlg001	πελιδνός	1	exact	πελιδνός
tlg0003.tlg001	φλύκταινα	1	exact	φλύκταινα
tlg0003.tlg001	ἕλκος	1	exact	ἕλκος
tlg0003.tlg001	ἐξανθέω	1	exact	ἐξανθέω
tlg0003.tlg001	σινδών	1	exact	σινδών
tlg0003.tlg001	ψυχρός	1	exact	ψυχρός
tlg0003.tlg001	ἄπαυστος	1	exact	ἄπαυστος
tlg0003.tlg001	ποτός	1	exact	ποτός
tlg0003.tlg001	ἀγρυπνία	1	exact	ἀγρυπνία
tlg0003.tlg001	μαραίνω	1	exact	μαραίνω
tlg0003.tlg001	ἐναταῖος	1	exact	ἐναταῖος
tlg0003.tlg001	ἑβδομαῖος	1	exact	ἑβδομαῖος
tlg0003.tlg001	καῦμα	1	exact	καῦμα
tlg0003.tlg001	κοιλία	1	exact	κοιλία
tlg0003.tlg001	ἕλκωσις	1	exact	ἕλκωσις
tlg0003.tlg001	διάρροια	1	exact	διάρροια
tlg0003.tlg001	ἄκρατος	1	exact	ἄκρατος
tlg0003.tlg001	ἐπισημαίνω	1	exact	ἐπισημαίνω
tlg0003.tlg001	κατασκήπτω	1	exact	κατασκήπτω
tlg0003.tlg001	σύντροφος	1	exact	σύντροφος
tlg0003.tlg001	ὄρνεον	1	exact	ὄρνεον
tlg0003.tlg001	τετράπους	1	exact	τετράπους
tlg0003.tlg001	ἄταφος	1	exact	ἄταφος
tlg0003.tlg001	ἐπίλειψις	1	exact	ἐπίλειψις
tlg0003.tlg001	κύων	1	exact	κύων
tlg0003.tlg001	συνδιαιτάομαι	1	exact	συνδιαιτάομαι
tlg0003.tlg001	ἴαμα	1	exact	ἴαμα
tlg0003.tlg001	ἀναπίμπλημι	1	exact	ἀναπίμπλημι
tlg0003.tlg001	ἐκκάμνω	1	exact	ἐκκάμνω
tlg0003.tlg001	οἰκτίζω	1	exact	οἰκτίζω
tlg0003.tlg001	μακαρίζω	1	exact	μακαρίζω
tlg0003.tlg001	περιχαρής	1	exact	περιχαρής
tlg0003.tlg001	πνιγηρός	1	exact	πνιγηρός
tlg0003.tlg001	καλινδέομαι	1	exact	καλινδέομαι
tlg0003.tlg001	ἡμιθνής	1	exact	ἡμιθνής
tlg0003.tlg001	σκηνάω	1	exact	σκηνάω
tlg0003.tlg001	πλέως	1	exact	πλέως
tlg0003.tlg001	ἀναίσχυντος	1	exact	ἀναίσχυντος
tlg0003.tlg001	πυρή	1	exact	πυρή
tlg0003.tlg001	νέω	1	exact	νέω
tlg0003.tlg001	ὑφάπτω	1	exact	ὑφάπτω
tlg0003.tlg001	ἀνομία	1	exact	ἀνομία
tlg0003.tlg001	ἀγχίστροφος	1	exact	ἀγχίστροφος
tlg0003.tlg001	ἐπαύρεσις	1	exact	ἐπαύρεσις
tlg0003.tlg001	ἐφήμερος	1	exact	ἐφήμερος
tlg0003.tlg001	προσταλαιπωρέω	1	exact	προσταλαιπωρέω
tlg0003.tlg001	σέβω	1	exact	σέβω
tlg0003.tlg001	βιόω	1	exact	βιόω
tlg0003.tlg001	καταψηφίζομαι	1	exact	καταψηφίζομαι
tlg0003.tlg001	ἐπινέμω	1	exact	ἐπινέμω
tlg0003.tlg001	ἀργύρειος	1	exact	ἀργύρειος
tlg0003.tlg001	ὑγιαίνω	1	exact	ὑγιαίνω
tlg0003.tlg001	ἀλλοιόω	1	exact	ἀλλοιόω
tlg0003.tlg001	ἤπιος	1	exact	ἤπιος
tlg0003.tlg001	εὐπραγέω	1	exact	εὐπραγέω
tlg0003.tlg001	συναπόλλυμι	1	exact	συναπόλλυμι
tlg0003.tlg001	κακοτυχέω	1	exact	κακοτυχέω
tlg0003.tlg001	συγγιγνώσκω	1	exact	συγγιγνώσκω
tlg0003.tlg001	ἑρμηνεύω	1	exact	ἑρμηνεύω
tlg0003.tlg001	φιλόπολις	1	exact	φιλόπολις
tlg0003.tlg001	δύσνους	1	exact	δύσνους
tlg0003.tlg001	πωλέομαι	1	exact	πωλέομαι
tlg0003.tlg001	ταπεινός	1	exact	ταπεινός
tlg0003.tlg001	ἐγκαρτερέω	1	exact	ἐγκαρτερέω
tlg0003.tlg001	ἦθος	1	exact	ἦθος
tlg0003.tlg001	θρασύτης	1	exact	θρασύτης
tlg0003.tlg001	ἀπαλγέω	1	exact	ἀπαλγέω
tlg0003.tlg001	χρῆσις	1	exact	χρῆσις
tlg0003.tlg001	αὔχημα	1	exact	αὔχημα
tlg0003.tlg001	δειλός	1	exact	δειλός
tlg0003.tlg001	ὑπέρφρων	1	exact	ὑπέρφρων
tlg0003.tlg001	στέρησις	1	exact	στέρησις
tlg0003.tlg001	δαιμόνιον	1	exact	δαιμόνιον
tlg0003.tlg001	ἔστε	1	exact	ἔστε
tlg0003.tlg001	παραλύω	1	exact	παραλύω
tlg0003.tlg001	διαφυλάσσω	1	exact	διαφυλάσσω
tlg0003.tlg001	διαφανής	1	exact	διαφανής
tlg0003.tlg001	ἄδωρος	1	exact	ἄδωρος
tlg0003.tlg001	προστασία	1	exact	προστασία
tlg0003.tlg001	περισσεύω	1	exact	περισσεύω
tlg0003.tlg001	ἀναπέμπω	1	exact	ἀναπέμπω
tlg0003.tlg001	ἐγχειρίζω	1	exact	ἐγχειρίζω
tlg0003.tlg001	ὁμώνυμος	1	exact	ὁμώνυμος
tlg0003.tlg001	συνοικέω	1	exact	συνοικέω
tlg0003.tlg001	βρῶσις	1	exact	βρῶσις
tlg0003.tlg001	χειμερινός	1	exact	χειμερινός
tlg0003.tlg001	ἐφόδιον	1	exact	ἐφόδιον
tlg0003.tlg001	ἐλευθέριος	1	exact	ἐλευθέριος
tlg0003.tlg001	ἔνορκος	1	exact	ἔνορκος
tlg0003.tlg001	παρακαταθήκη	1	exact	παρακαταθήκη
tlg0003.tlg001	συνίστωρ	1	exact	συνίστωρ
tlg0003.tlg001	συνώμοτος	1	exact	συνώμοτος
tlg0003.tlg001	εὐμενής	1	exact	εὐμενής
tlg0003.tlg001	ἐναγωνίζομαι	1	exact	ἐναγωνίζομαι
tlg0003.tlg001	ἐπιθειάζω	1	exact	ἐπιθειάζω
tlg0003.tlg001	παροικοδομέω	1	exact	παροικοδομέω
tlg0003.tlg001	ξεναγός	1	exact	ξεναγός
tlg0003.tlg001	συνεφίστημι	1	exact	συνεφίστημι
tlg0003.tlg001	προσχώννυμι	1	exact	προσχώννυμι
tlg0003.tlg001	διφθέρα	1	exact	διφθέρα
tlg0003.tlg001	πύρφορος	1	exact	πύρφορος
tlg0003.tlg001	ὀιστός	1	exact	ὀιστός
tlg0003.tlg001	εἰσφορέω	1	exact	εἰσφορέω
tlg0003.tlg001	ταρσός	1	exact	ταρσός
tlg0003.tlg001	κάλαμος	1	exact	κάλαμος
tlg0003.tlg001	ὑπόνομος	1	exact	ὑπόνομος
tlg0003.tlg001	ὀρύσσω	1	exact	ὀρύσσω
tlg0003.tlg001	ὑφέλκω	1	exact	ὑφέλκω
tlg0003.tlg001	ἱζάνω	1	exact	ἱζάνω
tlg0003.tlg001	κατασείω	1	exact	κατασείω
tlg0003.tlg001	βρόχος	1	exact	βρόχος
tlg0003.tlg001	ἀνακλάω	1	exact	ἀνακλάω
tlg0003.tlg001	τομή	1	exact	τομή
tlg0003.tlg001	ἐπικλίνω	1	exact	ἐπικλίνω
tlg0003.tlg001	ἐγκάρσιος	1	exact	ἐγκάρσιος
tlg0003.tlg001	χαλαρός	1	exact	χαλαρός
tlg0003.tlg001	ἀποκαυλίζω	1	exact	ἀποκαυλίζω
tlg0003.tlg001	ἐπιφλέγω	1	exact	ἐπιφλέγω
tlg0003.tlg001	φάκελος	1	exact	φάκελος
tlg0003.tlg001	πολυχειρία	1	exact	πολυχειρία
tlg0003.tlg001	χειροποίητος	1	exact	χειροποίητος
tlg0003.tlg001	τρίβω	1	exact	τρίβω
tlg0003.tlg001	αὐτόματος	1	exact	αὐτόματος
tlg0003.tlg001	πελάζω	1	exact	πελάζω
tlg0003.tlg001	οὐρανός	1	exact	οὐρανός
tlg0003.tlg001	βροντή	1	exact	βροντή
tlg0003.tlg001	σβέννυμι	1	exact	σβέννυμι
tlg0003.tlg001	Ἀρκτοῦρος	1	exact	Ἀρκτοῦρος
tlg0003.tlg001	ἐπιτολή	1	exact	ἐπιτολή
tlg0003.tlg001	σιτοποιός	1	exact	σιτοποιός
tlg0003.tlg001	ἐπιστρατεία	1	exact	ἐπιστρατεία
tlg0003.tlg001	σκευόφορος	1	exact	σκευόφορος
tlg0003.tlg001	προσιππεύω	1	exact	προσιππεύω
tlg0003.tlg001	συμπροθυμέομαι	1	exact	συμπροθυμέομαι
tlg0003.tlg001	ἐπετήσιος	1	exact	ἐπετήσιος
tlg0003.tlg001	ἀρχικός	1	exact	ἀρχικός
tlg0003.tlg001	ἐπίτροπος	1	exact	ἐπίτροπος
tlg0003.tlg001	σφενδονάω	1	exact	σφενδονάω
tlg0003.tlg001	συμπαραγίγνομαι	1	exact	συμπαραγίγνομαι
tlg0003.tlg001	στρατιωτικός	1	exact	στρατιωτικός
tlg0003.tlg001	ἀφορμίζομαι	1	exact	ἀφορμίζομαι
tlg0003.tlg001	πρῷρα	1	exact	πρῷρα
tlg0003.tlg001	χρώς	1	exact	χρώς
tlg0003.tlg001	ἐκπνέω	1	exact	ἐκπνέω
tlg0003.tlg001	ἡσυχάω	1	exact	ἡσυχάω
tlg0003.tlg001	κοντός	1	exact	κοντός
tlg0003.tlg001	λοιδορία	1	exact	λοιδορία
tlg0003.tlg001	κελευστής	1	exact	κελευστής
tlg0003.tlg001	κλύδων	1	exact	κλύδων
tlg0003.tlg001	ἀπειθής	1	exact	ἀπειθής
tlg0003.tlg001	στρατηγίς	1	exact	στρατηγίς
tlg0003.tlg001	τέκμαρσις	1	exact	τέκμαρσις
tlg0003.tlg001	ἀμβλύνω	1	exact	ἀμβλύνω
tlg0003.tlg001	ὑπομενετέον	1	exact	ὑπομενετέον
tlg0003.tlg001	ἀθυμόω	1	exact	ἀθυμόω
tlg0003.tlg001	ἀντιτολμάω	1	exact	ἀντιτολμάω
tlg0003.tlg001	δέον	1	exact	δέον
tlg0003.tlg001	ἀναστροφή	1	exact	ἀναστροφή
tlg0003.tlg001	εὔτακτος	1	exact	εὔτακτος
tlg0003.tlg001	σιγή	1	exact	σιγή
tlg0003.tlg001	προεργάζομαι	1	exact	προεργάζομαι
tlg0003.tlg001	ἐμβιβάζω	1	exact	ἐμβιβάζω
tlg0003.tlg001	μετωπηδόν	1	exact	μετωπηδόν
tlg0003.tlg001	ἐκνεύω	1	exact	ἐκνεύω
tlg0003.tlg001	κέλευθος	1	exact	κέλευθος
tlg0003.tlg001	σφάζω	1	exact	σφάζω
tlg0003.tlg001	ἄκλειστος	1	exact	ἄκλειστος
tlg0003.tlg001	ὑπηρέσιον	1	exact	ὑπηρέσιον
tlg0003.tlg001	τροπωτήρ	1	exact	τροπωτήρ
tlg0003.tlg001	προφυλάσσω	1	exact	προφυλάσσω
tlg0003.tlg001	ἀφέλκω	1	exact	ἀφέλκω
tlg0003.tlg001	κλῇσις	1	exact	κλῇσις
tlg0003.tlg001	ἀναπράσσω	1	exact	ἀναπράσσω
tlg0003.tlg001	αἵμων	1	exact	αἵμων
tlg0003.tlg001	ὀρεινός	1	exact	ὀρεινός
tlg0003.tlg001	παρήκω	1	exact	παρήκω
tlg0003.tlg001	στρογγύλος	1	exact	στρογγύλος
tlg0003.tlg001	ἑνδεκαταῖος	1	exact	ἑνδεκαταῖος
tlg0003.tlg001	ὑφαντός	1	exact	ὑφαντός
tlg0003.tlg001	λεῖος	1	exact	λεῖος
tlg0003.tlg001	ὁμογνωμονέω	1	exact	ὁμογνωμονέω
tlg0003.tlg001	δίειμι	1	exact	δίειμι
tlg0003.tlg001	τριτημόριος	1	exact	τριτημόριος
tlg0003.tlg001	ἱππικός	1	exact	ἱππικός
tlg0003.tlg001	σύμμικτος	1	exact	σύμμικτος
tlg0003.tlg001	συναθροίζω	1	exact	συναθροίζω
tlg0003.tlg001	κορυφή	1	exact	κορυφή
tlg0003.tlg001	ἐπάνωθεν	1	exact	ἐπάνωθεν
tlg0003.tlg001	θωρακίζω	1	exact	θωρακίζω
tlg0003.tlg001	περικλείω	1	exact	περικλείω
tlg0003.tlg001	προσχόω	1	exact	προσχόω
tlg0003.tlg001	ἀπειρόω	1	exact	ἀπειρόω
tlg0003.tlg001	θολερός	1	exact	θολερός
tlg0003.tlg001	παραλλάξ	1	exact	παραλλάξ
tlg0003.tlg001	εὐθεῖα	1	exact	εὐθεῖα
tlg0003.tlg001	ἀλάομαι	1	exact	ἀλάομαι
tlg0003.tlg001	ὑπεῖπον	1	exact	ὑπεῖπον
tlg0003.tlg001	λύσις	1	exact	λύσις
tlg0003.tlg001	δεῖμα	1	exact	δεῖμα
tlg0003.tlg001	μιαίνω	1	exact	μιαίνω
tlg0003.tlg001	χόω	1	exact	χόω
tlg0003.tlg001	τόπος	1	exact	τόπος
tlg0003.tlg001	δυναστεύω	1	exact	δυναστεύω
tlg0003.tlg001	προεξέρχομαι	1	exact	προεξέρχομαι
tlg0003.tlg001	προσπολεμόομαι	1	exact	προσπολεμόομαι
tlg0003.tlg001	ἑορτάζω	1	exact	ἑορτάζω
tlg0003.tlg001	Βορέας	1	exact	Βορέας
tlg0003.tlg001	ταλαίπωρος	1	exact	ταλαίπωρος
tlg0003.tlg001	περιορμίζω	1	exact	περιορμίζω
tlg0003.tlg001	ναύσταθμον	1	exact	ναύσταθμον
tlg0003.tlg001	Ὀλυμπιάς	1	exact	Ὀλυμπιάς
tlg0003.tlg001	κοινωνία	1	exact	κοινωνία
tlg0003.tlg001	καταληπτός	1	exact	καταληπτός
tlg0003.tlg001	ἀσφάλειος	1	exact	ἀσφάλειος
tlg0003.tlg001	προαφίσταμαι	1	exact	προαφίσταμαι
tlg0003.tlg001	προποιέω	1	exact	προποιέω
tlg0003.tlg001	ἐπεισβάλλω	1	exact	ἐπεισβάλλω
tlg0003.tlg001	ἐγγύθεν	1	exact	ἐγγύθεν
tlg0003.tlg001	ὁλκός	1	exact	ὁλκός
tlg0003.tlg001	ἀρρωστία	1	exact	ἀρρωστία
tlg0003.tlg001	πεντακοσιομέδιμνος	1	exact	πεντακοσιομέδιμνος
tlg0003.tlg001	ἐνεργός	1	exact	ἐνεργός
tlg0003.tlg001	κάλλος	1	exact	κάλλος
tlg0003.tlg001	ὑπηρέτης	1	exact	ὑπηρέτης
tlg0003.tlg001	ἐκβοήθεια	1	exact	ἐκβοήθεια
tlg0003.tlg001	ἁπλόος	1	exact	ἁπλόος
tlg0003.tlg001	ἐγκατοικοδομέω	1	exact	ἐγκατοικοδομέω
tlg0003.tlg001	μάντις	1	exact	μάντις
tlg0003.tlg001	παχύς	1	exact	παχύς
tlg0003.tlg001	διήκω	1	exact	διήκω
tlg0003.tlg001	μέτωπον	1	exact	μέτωπον
tlg0003.tlg001	νοτερός	1	exact	νοτερός
tlg0003.tlg001	χειμέριος	1	exact	χειμέριος
tlg0003.tlg001	ἀσέληνος	1	exact	ἀσέληνος
tlg0003.tlg001	εὐσταλής	1	exact	εὐσταλής
tlg0003.tlg001	ὑποδέω	1	exact	ὑποδέω
tlg0003.tlg001	ξιφίδιον	1	exact	ξιφίδιον
tlg0003.tlg001	θώραξ	1	exact	θώραξ
tlg0003.tlg001	κεραμίς	1	exact	κεραμίς
tlg0003.tlg001	δοῦπος	1	exact	δοῦπος
tlg0003.tlg001	ἔμπαλιν	1	exact	ἔμπαλιν
tlg0003.tlg001	παρανίσχω	1	exact	παρανίσχω
tlg0003.tlg001	φρυκτωρία	1	exact	φρυκτωρία
tlg0003.tlg001	ἐνίστημι	1	exact	ἐνίστημι
tlg0003.tlg001	διαπεραιόω	1	exact	διαπεραιόω
tlg0003.tlg001	κρύσταλλος	1	exact	κρύσταλλος
tlg0003.tlg001	ἀπηλιώτης	1	exact	ἀπηλιώτης
tlg0003.tlg001	ὑδατώδης	1	exact	ὑδατώδης
tlg0003.tlg001	διάφευξις	1	exact	διάφευξις
tlg0003.tlg001	ὑπερβατός	1	exact	ὑπερβατός
tlg0003.tlg001	διαλανθάνω	1	exact	διαλανθάνω
tlg0003.tlg001	πρόεδρος	1	exact	πρόεδρος
tlg0003.tlg001	βλαστάω	1	exact	βλαστάω
tlg0003.tlg001	ἐγχρονίζω	1	exact	ἐγχρονίζω
tlg0003.tlg001	ἀπομονόομαι	1	exact	ἀπομονόομαι
tlg0003.tlg001	ἀποσφάζω	1	exact	ἀποσφάζω
tlg0003.tlg001	αὐτάγγελος	1	exact	αὐτάγγελος
tlg0003.tlg001	κατάληψις	1	exact	κατάληψις
tlg0003.tlg001	φυλακεύς	1	exact	φυλακεύς
tlg0003.tlg001	ἄδεσμος	1	exact	ἄδεσμος
tlg0003.tlg001	κατατοξεύω	1	exact	κατατοξεύω
tlg0003.tlg001	διαχράομαι	1	exact	διαχράομαι
tlg0003.tlg001	μετάνοια	1	exact	μετάνοια
tlg0003.tlg001	ἀναλογισμός	1	exact	ἀναλογισμός
tlg0003.tlg001	ἀνεπιβούλευτος	1	exact	ἀνεπιβούλευτος
tlg0003.tlg001	ἄκυρος	1	exact	ἄκυρος
tlg0003.tlg001	δεξιότης	1	exact	δεξιότης
tlg0003.tlg001	ἀκολασία	1	exact	ἀκολασία
tlg0003.tlg001	σοφός	1	exact	σοφός
tlg0003.tlg001	ἀγωνιστής	1	exact	ἀγωνιστής
tlg0003.tlg001	ἐκπονέω	1	exact	ἐκπονέω
tlg0003.tlg001	ἀγωνοθετέω	1	exact	ἀγωνοθετέω
tlg0003.tlg001	θεατός	1	exact	θεατός
tlg0003.tlg001	καινότης	1	exact	καινότης
tlg0003.tlg001	ὑπερόπτης	1	exact	ὑπερόπτης
tlg0003.tlg001	ἀνταγωνίζομαι	1	exact	ἀνταγωνίζομαι
tlg0003.tlg001	σοφιστής	1	exact	σοφιστής
tlg0003.tlg001	θεατής	1	exact	θεατής
tlg0003.tlg001	ὑπερφρονέω	1	exact	ὑπερφρονέω
tlg0003.tlg001	ἀποστάζω	1	exact	ἀποστάζω
tlg0003.tlg001	ἀποκινδυνεύω	1	exact	ἀποκινδυνεύω
tlg0003.tlg001	προδοκέω	1	exact	προδοκέω
tlg0003.tlg001	ἔλεος	1	exact	ἔλεος
tlg0003.tlg001	ῥήτωρ	1	exact	ῥήτωρ
tlg0003.tlg001	ἀνάλγητος	1	exact	ἀνάλγητος
tlg0003.tlg001	διόλλυμι	1	exact	διόλλυμι
tlg0003.tlg001	ὑφοράω	1	exact	ὑφοράω
tlg0003.tlg001	γνῶσις	1	exact	γνῶσις
tlg0003.tlg001	προσκατηγορέω	1	exact	προσκατηγορέω
tlg0003.tlg001	καταιτιάομαι	1	exact	καταιτιάομαι
tlg0003.tlg001	ἀτιμάζω	1	exact	ἀτιμάζω
tlg0003.tlg001	ὑπεύθυνος	1	exact	ὑπεύθυνος
tlg0003.tlg001	ἀνεύθυνος	1	exact	ἀνεύθυνος
tlg0003.tlg001	συνεξαμαρτάνω	1	exact	συνεξαμαρτάνω
tlg0003.tlg001	κάκουργος	1	exact	κάκουργος
tlg0003.tlg001	ἀνήκω	1	exact	ἀνήκω
tlg0003.tlg001	τοίνυν	1	exact	τοίνυν
tlg0003.tlg001	ἐπίσχω	1	exact	ἐπίσχω
tlg0003.tlg001	ἔρως	1	exact	ἔρως
tlg0003.tlg001	ἐκφροντίζω	1	exact	ἐκφροντίζω
tlg0003.tlg001	εὐήθεια	1	exact	εὐήθεια
tlg0003.tlg001	ἐχέγγυος	1	exact	ἐχέγγυος
tlg0003.tlg001	περιέννυμι	1	exact	περιέννυμι
tlg0003.tlg001	ὑποτελέω	1	exact	ὑποτελέω
tlg0003.tlg001	ἀσύμβατος	1	exact	ἀσύμβατος
tlg0003.tlg001	προδείκνυμι	1	exact	προδείκνυμι
tlg0003.tlg001	κάθεξις	1	exact	κάθεξις
tlg0003.tlg001	χειροτονία	1	exact	χειροτονία
tlg0003.tlg001	ἐσθίω	1	exact	ἐσθίω
tlg0003.tlg001	ἔλαιον	1	exact	ἔλαιον
tlg0003.tlg001	φυράω	1	exact	φυράω
tlg0003.tlg001	ἀλλόκοτος	1	exact	ἀλλόκοτος
tlg0003.tlg001	κλήρουχος	1	exact	κλήρουχος
tlg0003.tlg001	ἐκπομπή	1	exact	ἐκπομπή
tlg0003.tlg001	τέναγος	1	exact	τέναγος
tlg0003.tlg001	ἁμαρτέω	1	exact	ἁμαρτέω
tlg0003.tlg001	σωτήριος	1	exact	σωτήριος
tlg0003.tlg001	ἐπεισφέρω	1	exact	ἐπεισφέρω
tlg0003.tlg001	προκαταγιγνώσκω	1	exact	προκαταγιγνώσκω
tlg0003.tlg001	ἀποικέω	1	exact	ἀποικέω
tlg0003.tlg001	ἀτιμώρητος	1	exact	ἀτιμώρητος
tlg0003.tlg001	κάμπτω	1	exact	κάμπτω
tlg0003.tlg001	δωρεά	1	exact	δωρεά
tlg0003.tlg001	δύσκλεια	1	exact	δύσκλεια
tlg0003.tlg001	ἀποβλέπω	1	exact	ἀποβλέπω
tlg0003.tlg001	ἔσθημα	1	exact	ἔσθημα
tlg0003.tlg001	ἀπαρχή	1	exact	ἀπαρχή
tlg0003.tlg001	αὐθέντης	1	exact	αὐθέντης
tlg0003.tlg001	καταλείβω	1	exact	καταλείβω
tlg0003.tlg001	ἵζω	1	exact	ἵζω
tlg0003.tlg001	ἐπικλάω	1	exact	ἐπικλάω
tlg0003.tlg001	ἀνάξιος	1	exact	ἀνάξιος
tlg0003.tlg001	συντυγχάνω	1	exact	συντυγχάνω
tlg0003.tlg001	ἀπολογία	1	exact	ἀπολογία
tlg0003.tlg001	ἡγεμονεύω	1	exact	ἡγεμονεύω
tlg0003.tlg001	ἀντιπάσχω	1	exact	ἀντιπάσχω
tlg0003.tlg001	λοιδορέω	1	exact	λοιδορέω
tlg0003.tlg001	Ἀττικίζω	1	exact	Ἀττικίζω
tlg0003.tlg001	ἰσόνομος	1	exact	ἰσόνομος
tlg0003.tlg001	οὐκοῦν	1	exact	οὐκοῦν
tlg0003.tlg001	συνεργός	1	exact	συνεργός
tlg0003.tlg001	δικαιοσύνη	1	exact	δικαιοσύνη
tlg0003.tlg001	πρόκλησις	1	exact	πρόκλησις
tlg0003.tlg001	ἐξελέγχω	1	exact	ἐξελέγχω
tlg0003.tlg001	σωφρονιστής	1	exact	σωφρονιστής
tlg0003.tlg001	ὀλοφυρμός	1	exact	ὀλοφυρμός
tlg0003.tlg001	πρεσβύτης	1	exact	πρεσβύτης
tlg0003.tlg001	ἐπίχαρτος	1	exact	ἐπίχαρτος
tlg0003.tlg001	προθέω	1	exact	προθέω
tlg0003.tlg001	ἀπαγγελία	1	exact	ἀπαγγελία
tlg0003.tlg001	κεφαλαιόω	1	exact	κεφαλαιόω
tlg0003.tlg001	ἐκσπονδος	1	exact	ἐκσπονδος
tlg0003.tlg001	ἐκπίτνω	1	exact	ἐκπίτνω
tlg0003.tlg001	καταγώγιον	1	exact	καταγώγιον
tlg0003.tlg001	θύρωμα	1	exact	θύρωμα
tlg0003.tlg001	ἔπιπλα	1	exact	ἔπιπλα
tlg0003.tlg001	χαλκός	1	exact	χαλκός
tlg0003.tlg001	ἑκατόμπεδος	1	exact	ἑκατόμπεδος
tlg0003.tlg001	δημοσιόω	1	exact	δημοσιόω
tlg0003.tlg001	προφθάνω	1	exact	προφθάνω
tlg0003.tlg001	διεγγυάω	1	exact	διεγγυάω
tlg0003.tlg001	ἀγάω	1	exact	ἀγάω
tlg0003.tlg001	ὀφλισκάνω	1	exact	ὀφλισκάνω
tlg0003.tlg001	βουλευτής	1	exact	βουλευτής
tlg0003.tlg001	ἀνεπιτήδειος	1	exact	ἀνεπιτήδειος
tlg0003.tlg001	ὄψιος	1	exact	ὄψιος
tlg0003.tlg001	συνοικία	1	exact	συνοικία
tlg0003.tlg001	καταλέγω	1	exact	καταλέγω
tlg0003.tlg001	ἐμπλέω	1	exact	ἐμπλέω
tlg0003.tlg001	φρυκτωρέω	1	exact	φρυκτωρέω
tlg0003.tlg001	ἐκβιβάζω	1	exact	ἐκβιβάζω
tlg0003.tlg001	ἀποσπάω	1	exact	ἀποσπάω
tlg0003.tlg001	περιοικοδομέω	1	exact	περιοικοδομέω
tlg0003.tlg001	φιλέταιρος	1	exact	φιλέταιρος
tlg0003.tlg001	ἄνανδρος	1	exact	ἄνανδρος
tlg0003.tlg001	ἔμπληκτος	1	exact	ἔμπληκτος
tlg0003.tlg001	ἑταιρεία	1	exact	ἑταιρεία
tlg0003.tlg001	ἑταιρικός	1	exact	ἑταιρικός
tlg0003.tlg001	γενναιότης	1	exact	γενναιότης
tlg0003.tlg001	ἀντιτιμωρέομαι	1	exact	ἀντιτιμωρέομαι
tlg0003.tlg001	ἀριστοκρατία	1	exact	ἀριστοκρατία
tlg0003.tlg001	ἐκπίμπλημι	1	exact	ἐκπίμπλημι
tlg0003.tlg001	εὐσέβεια	1	exact	εὐσέβεια
tlg0003.tlg001	εὐήθης	1	exact	εὐήθης
tlg0003.tlg001	καταγελάω	1	exact	καταγελάω
tlg0003.tlg001	ἀπαλλαξείω	1	exact	ἀπαλλαξείω
tlg0003.tlg001	ἀπαραίτητος	1	exact	ἀπαραίτητος
tlg0003.tlg001	ἀκρατής	1	exact	ἀκρατής
tlg0003.tlg001	προκαταλύω	1	exact	προκαταλύω
tlg0003.tlg001	πρόπειρα	1	exact	πρόπειρα
tlg0003.tlg001	παντάπασι	1	exact	παντάπασι
tlg0003.tlg001	ἀνυδρία	1	exact	ἀνυδρία
tlg0003.tlg001	γεωργέω	1	exact	γεωργέω
tlg0003.tlg001	χαλκεύω	1	exact	χαλκεύω
tlg0003.tlg001	καπνός	1	exact	καπνός
tlg0003.tlg001	κυματόω	1	exact	κυματόω
tlg0003.tlg001	κατακλύζω	1	exact	κατακλύζω
tlg0003.tlg001	ὑπονοστέω	1	exact	ὑπονοστέω
tlg0003.tlg001	ἀνατρέχω	1	exact	ἀνατρέχω
tlg0003.tlg001	παραιρέω	1	exact	παραιρέω
tlg0003.tlg001	κατεάσσω	1	exact	κατεάσσω
tlg0003.tlg001	κῦμα	1	exact	κῦμα
tlg0003.tlg001	ἐπικλύζω	1	exact	ἐπικλύζω
tlg0003.tlg001	ἀντιπολέμιος	1	exact	ἀντιπολέμιος
tlg0003.tlg001	ἐξήκω	1	exact	ἐξήκω
tlg0003.tlg001	εὐφύλακτος	1	exact	εὐφύλακτος
tlg0003.tlg001	ἄγνωστος	1	exact	ἄγνωστος
tlg0003.tlg001	ὠμοφάγος	1	exact	ὠμοφάγος
tlg0003.tlg001	ἐπιβάτης	1	exact	ἐπιβάτης
tlg0003.tlg001	καταθέω	1	exact	καταθέω
tlg0003.tlg001	ὑπαγωγή	1	exact	ὑπαγωγή
tlg0003.tlg001	βέλος	1	exact	βέλος
tlg0003.tlg001	ἀναστέλλω	1	exact	ἀναστέλλω
tlg0003.tlg001	τόξαρχος	1	exact	τόξαρχος
tlg0003.tlg001	ποδώκης	1	exact	ποδώκης
tlg0003.tlg001	διέξοδος	1	exact	διέξοδος
tlg0003.tlg001	νεόκτιστος	1	exact	νεόκτιστος
tlg0003.tlg001	ἠπειρωτικός	1	exact	ἠπειρωτικός
tlg0003.tlg001	ἐποράω	1	exact	ἐποράω
tlg0003.tlg001	ἐντίκτω	1	exact	ἐντίκτω
tlg0003.tlg001	πεντετηρίς	1	exact	πεντετηρίς
tlg0003.tlg001	περικτίονες	1	exact	περικτίονες
tlg0003.tlg001	ἑλκεχίτων	1	exact	ἑλκεχίτων
tlg0003.tlg001	ἠγερέθομαι	1	exact	ἠγερέθομαι
tlg0003.tlg001	τέκος	1	exact	τέκος
tlg0003.tlg001	ἀγυιά	1	exact	ἀγυιά
tlg0003.tlg001	πυγμαχία	1	exact	πυγμαχία
tlg0003.tlg001	ὀρχηστύς	1	exact	ὀρχηστύς
tlg0003.tlg001	ἀοιδή	1	exact	ἀοιδή
tlg0003.tlg001	ἄγε	1	exact	ἄγε
tlg0003.tlg001	ἱλήκω	1	exact	ἱλήκω
tlg0003.tlg001	χαίρω	1	exact	χαίρω
tlg0003.tlg001	μετόπισθε	1	exact	μετόπισθε
tlg0003.tlg001	ἐπιχθόνιος	1	exact	ἐπιχθόνιος
tlg0003.tlg001	ἀνέρομαι	1	exact	ἀνέρομαι
tlg0003.tlg001	ταλαπείριος	1	exact	ταλαπείριος
tlg0003.tlg001	κόρη	1	exact	κόρη
tlg0003.tlg001	ἀοιδός	1	exact	ἀοιδός
tlg0003.tlg001	τυφλός	1	exact	τυφλός
tlg0003.tlg001	ἱπποδρομία	1	exact	ἱπποδρομία
tlg0003.tlg001	δικαστήριον	1	exact	δικαστήριον
tlg0003.tlg001	διείργω	1	exact	διείργω
tlg0003.tlg001	ἀναμίξ	1	exact	ἀναμίξ
tlg0003.tlg001	ἀποδιώκω	1	exact	ἀποδιώκω
tlg0003.tlg001	ψιλόω	1	exact	ψιλόω
tlg0003.tlg001	ξενικός	1	exact	ξενικός
tlg0003.tlg001	χρῄζω	1	exact	χρῄζω
tlg0003.tlg001	φρύγανον	1	exact	φρύγανον
tlg0003.tlg001	συλλογή	1	exact	συλλογή
tlg0003.tlg001	δειπνέω	1	exact	δειπνέω
tlg0003.tlg001	ἑσπέρα	1	exact	ἑσπέρα
tlg0003.tlg001	ἐπίτηδες	1	exact	ἐπίτηδες
tlg0003.tlg001	προσαγορεύω	1	exact	προσαγορεύω
tlg0003.tlg001	ἵημι	1	exact	ἵημι
tlg0003.tlg001	πρόφυλαξ	1	exact	πρόφυλαξ
tlg0003.tlg001	προσνεύω	1	exact	προσνεύω
tlg0003.tlg001	ἀνοιμώζω	1	exact	ἀνοιμώζω
tlg0003.tlg001	πάροικος	1	exact	πάροικος
tlg0003.tlg001	ἀνάκειμαι	1	exact	ἀνάκειμαι
tlg0003.tlg001	πανοπλία	1	exact	πανοπλία
tlg0003.tlg001	πρᾶξις	1	exact	πρᾶξις
tlg0003.tlg001	οἷπερ	1	exact	οἷπερ
tlg0003.tlg001	πεντηκοστός	1	exact	πεντηκοστός
tlg0003.tlg001	συνεκπλέω	1	exact	συνεκπλέω
tlg0003.tlg001	ταξίαρχος	1	exact	ταξίαρχος
tlg0003.tlg001	σχολάζω	1	exact	σχολάζω
tlg0003.tlg001	σιδήριον	1	exact	σιδήριον
tlg0003.tlg001	ἀγγεῖον	1	exact	ἀγγεῖον
tlg0003.tlg001	ἐγκύπτω	1	exact	ἐγκύπτω
tlg0003.tlg001	συμπλέκω	1	exact	συμπλέκω
tlg0003.tlg001	ἀποπίπτω	1	exact	ἀποπίπτω
tlg0003.tlg001	οἰκείω	1	exact	οἰκείω
tlg0003.tlg001	πολλαχόθεν	1	exact	πολλαχόθεν
tlg0003.tlg001	ὑπεκπέμπω	1	exact	ὑπεκπέμπω
tlg0003.tlg001	ἐμφράσσω	1	exact	ἐμφράσσω
tlg0003.tlg001	διάπλοος	1	exact	διάπλοος
tlg0003.tlg001	ἀποκληρόω	1	exact	ἀποκληρόω
tlg0003.tlg001	οἰσύινος	1	exact	οἰσύινος
tlg0003.tlg001	λῃστρικός	1	exact	λῃστρικός
tlg0003.tlg001	τριακόντορος	1	exact	τριακόντορος
tlg0003.tlg001	πετρώδης	1	exact	πετρώδης
tlg0003.tlg001	εἰσβιάζομαι	1	exact	εἰσβιάζομαι
tlg0003.tlg001	ἁλώσιμος	1	exact	ἁλώσιμος
tlg0003.tlg001	καίριος	1	exact	καίριος
tlg0003.tlg001	ῥόθιος	1	exact	ῥόθιος
tlg0003.tlg001	ῥαχία	1	exact	ῥαχία
tlg0003.tlg001	ἐπικαταβαίνω	1	exact	ἐπικαταβαίνω
tlg0003.tlg001	ἀναπαύω	1	exact	ἀναπαύω
tlg0003.tlg001	παρακελευσμός	1	exact	παρακελευσμός
tlg0003.tlg001	τριηραρχέω	1	exact	τριηραρχέω
tlg0003.tlg001	συντρίβω	1	exact	συντρίβω
tlg0003.tlg001	βοάω	1	exact	βοάω
tlg0003.tlg001	ἐπιδίδωμι	1	exact	ἐπιδίδωμι
tlg0003.tlg001	ἐπισπέρχω	1	exact	ἐπισπέρχω
tlg0003.tlg001	ἀποβάθρα	1	exact	ἀποβάθρα
tlg0003.tlg001	ἀνακόπτω	1	exact	ἀνακόπτω
tlg0003.tlg001	λιποψυχέω	1	exact	λιποψυχέω
tlg0003.tlg001	περίπλεως	1	exact	περίπλεως
tlg0003.tlg001	ἀντεκπλέω	1	exact	ἀντεκπλέω
tlg0003.tlg001	περιαλγέω	1	exact	περιαλγέω
tlg0003.tlg001	ἀνθέλκω	1	exact	ἀνθέλκω
tlg0003.tlg001	μάσσω	1	exact	μάσσω
tlg0003.tlg001	χοῖνιξ	1	exact	χοῖνιξ
tlg0003.tlg001	κοτύλη	1	exact	κοτύλη
tlg0003.tlg001	κρέας	1	exact	κρέας
tlg0003.tlg001	θεράπων	1	exact	θεράπων
tlg0003.tlg001	ἀφοράω	1	exact	ἀφοράω
tlg0003.tlg001	ἔνδεια	1	exact	ἔνδεια
tlg0003.tlg001	εὐσύνετος	1	exact	εὐσύνετος
tlg0003.tlg001	ὑπεραυχέω	1	exact	ὑπεραυχέω
tlg0003.tlg001	ἀνάπαυσις	1	exact	ἀνάπαυσις
tlg0003.tlg001	λέων	1	exact	λέων
tlg0003.tlg001	δημαγωγός	1	exact	δημαγωγός
tlg0003.tlg001	παράσπονδος	1	exact	παράσπονδος
tlg0003.tlg001	παραπίπτω	1	exact	παραπίπτω
tlg0003.tlg001	σύνεγγυς	1	exact	σύνεγγυς
tlg0003.tlg001	Χάρυβδις	1	exact	Χάρυβδις
tlg0003.tlg001	στενότης	1	exact	στενότης
tlg0003.tlg001	ῥοώδης	1	exact	ῥοώδης
tlg0003.tlg001	κᾶλον	1	exact	κᾶλον
tlg0003.tlg001	προεμβάλλω	1	exact	προεμβάλλω
tlg0003.tlg001	παρακομίζω	1	exact	παρακομίζω
tlg0003.tlg001	ἐκτρέχω	1	exact	ἐκτρέχω
tlg0003.tlg001	διαμάω	1	exact	διαμάω
tlg0003.tlg001	πίνω	1	exact	πίνω
tlg0003.tlg001	ὅρμος	1	exact	ὅρμος
tlg0003.tlg001	ἁλμυρός	1	exact	ἁλμυρός
tlg0003.tlg001	ἀλέω	1	exact	ἀλέω
tlg0003.tlg001	τυρός	1	exact	τυρός
tlg0003.tlg001	ὁπόθεν	1	exact	ὁπόθεν
tlg0003.tlg001	ἀφειδής	1	exact	ἀφειδής
tlg0003.tlg001	ἐποκέλλω	1	exact	ἐποκέλλω
tlg0003.tlg001	κάταρσις	1	exact	κάταρσις
tlg0003.tlg001	γαλήνη	1	exact	γαλήνη
tlg0003.tlg001	κολυμβητής	1	exact	κολυμβητής
tlg0003.tlg001	καλῴδιον	1	exact	καλῴδιον
tlg0003.tlg001	ἀσκός	1	exact	ἀσκός
tlg0003.tlg001	μήκων	1	exact	μήκων
tlg0003.tlg001	μελιτόω	1	exact	μελιτόω
tlg0003.tlg001	λίνος	1	exact	λίνος
tlg0003.tlg001	κομιδή	1	exact	κομιδή
tlg0003.tlg001	ἐξαγγέλλω	1	exact	ἐξαγγέλλω
tlg0003.tlg001	ἀποσημαίνω	1	exact	ἀποσημαίνω
tlg0003.tlg001	ἐξαναχωρέω	1	exact	ἐξαναχωρέω
tlg0003.tlg001	ἐξαπαλλάσσω	1	exact	ἐξαπαλλάσσω
tlg0003.tlg001	γέλως	1	exact	γέλως
tlg0003.tlg001	ἀναγωγή	1	exact	ἀναγωγή
tlg0003.tlg001	δασύς	1	exact	δασύς
tlg0003.tlg001	προσίσχω	1	exact	προσίσχω
tlg0003.tlg001	ἀριστοποιέω	1	exact	ἀριστοποιέω
tlg0003.tlg001	προφυλακή	1	exact	προφυλακή
tlg0003.tlg001	ἀπόκρημνος	1	exact	ἀπόκρημνος
tlg0003.tlg001	θαλαμίτης	1	exact	θαλαμίτης
tlg0003.tlg001	πρόσθεν	1	exact	πρόσθεν
tlg0003.tlg001	σφενδόνη	1	exact	σφενδόνη
tlg0003.tlg001	προλαμβάνω	1	exact	προλαμβάνω
tlg0003.tlg001	τραχύς	1	exact	τραχύς
tlg0003.tlg001	συνεθίζω	1	exact	συνεθίζω
tlg0003.tlg001	πρόχειρος	1	exact	πρόχειρος
tlg0003.tlg001	πῖλος	1	exact	πῖλος
tlg0003.tlg001	περίοδος	1	exact	περίοδος
tlg0003.tlg001	ἀπέραντος	1	exact	ἀπέραντος
tlg0003.tlg001	κρημνώδης	1	exact	κρημνώδης
tlg0003.tlg001	ἀναφαίνω	1	exact	ἀναφαίνω
tlg0003.tlg001	σύμπτωμα	1	exact	σύμπτωμα
tlg0003.tlg001	σιτοδεία	1	exact	σιτοδεία
tlg0003.tlg001	ἀνασείω	1	exact	ἀνασείω
tlg0003.tlg001	ἐπερώτησις	1	exact	ἐπερώτησις
tlg0003.tlg001	διασκευάζω	1	exact	διασκευάζω
tlg0003.tlg001	διαδίδωμι	1	exact	διαδίδωμι
tlg0003.tlg001	σταδαῖος	1	exact	σταδαῖος
tlg0003.tlg001	διατρέφω	1	exact	διατρέφω
tlg0003.tlg001	μανιώδης	1	exact	μανιώδης
tlg0003.tlg001	ἄτρακτος	1	exact	ἄτρακτος
tlg0003.tlg001	δεσμός	1	exact	δεσμός
tlg0003.tlg001	προπυνθάνομαι	1	exact	προπυνθάνομαι
tlg0003.tlg001	Βάττος	1	exact	Βάττος
tlg0003.tlg001	αἱμασιά	1	exact	αἱμασιά
tlg0003.tlg001	προσάντης	1	exact	προσάντης
tlg0003.tlg001	συμμάχομαι	1	exact	συμμάχομαι
tlg0003.tlg001	σκύλευμα	1	exact	σκύλευμα
tlg0003.tlg001	χερσόνησος	1	exact	χερσόνησος
tlg0003.tlg001	ἁλιάς	1	exact	ἁλιάς
tlg0003.tlg001	καθιδρύω	1	exact	καθιδρύω
tlg0003.tlg001	ὑποπέμπω	1	exact	ὑποπέμπω
tlg0003.tlg001	παίω	1	exact	παίω
tlg0003.tlg001	κεντάω	1	exact	κεντάω
tlg0003.tlg001	ἐπιταχύνω	1	exact	ἐπιταχύνω
tlg0003.tlg001	τέγος	1	exact	τέγος
tlg0003.tlg001	σφαγή	1	exact	σφαγή
tlg0003.tlg001	σπάρτος	1	exact	σπάρτος
tlg0003.tlg001	ἕβδομος	1	exact	ἕβδομος
tlg0003.tlg001	Ἴδη	1	exact	Ἴδη
tlg0003.tlg001	Κρητικός	1	exact	Κρητικός
tlg0003.tlg001	ἑκασταχόσε	1	exact	ἑκασταχόσε
tlg0003.tlg001	ἀήθεια	1	exact	ἀήθεια
tlg0003.tlg001	Ἀφροδισιάς	1	exact	Ἀφροδισιάς
tlg0003.tlg001	ἐκπορθέω	1	exact	ἐκπορθέω
tlg0003.tlg001	καταδέω	1	exact	καταδέω
tlg0003.tlg001	προκόπτω	1	exact	προκόπτω
tlg0003.tlg001	τρυχόω	1	exact	τρυχόω
tlg0003.tlg001	ἔνοικος	1	exact	ἔνοικος
tlg0003.tlg001	παράκλησις	1	exact	παράκλησις
tlg0003.tlg001	οὐδεπώποτε	1	exact	οὐδεπώποτε
tlg0003.tlg001	ἐπίκλητος	1	exact	ἐπίκλητος
tlg0003.tlg001	συνδιασῴζω	1	exact	συνδιασῴζω
tlg0003.tlg001	σφαλερός	1	exact	σφαλερός
tlg0003.tlg001	προμήθεια	1	exact	προμήθεια
tlg0003.tlg001	ἀτέκμαρτος	1	exact	ἀτέκμαρτος
tlg0003.tlg001	ἐκπλάσσω	1	exact	ἐκπλάσσω
tlg0003.tlg001	γείτων	1	exact	γείτων
tlg0003.tlg001	περίρρυτος	1	exact	περίρρυτος
tlg0003.tlg001	ἐνεδρεύω	1	exact	ἐνεδρεύω
tlg0003.tlg001	Ἐνυάλιος	1	exact	Ἐνυάλιος
tlg0003.tlg001	κατακομίζω	1	exact	κατακομίζω
tlg0003.tlg001	διάδηλος	1	exact	διάδηλος
tlg0003.tlg001	καταγορεύω	1	exact	καταγορεύω
tlg0003.tlg001	ἐναντίωμα	1	exact	ἐναντίωμα
tlg0003.tlg001	διοικοδομέω	1	exact	διοικοδομέω
tlg0003.tlg001	ἀποσταυρόω	1	exact	ἀποσταυρόω
tlg0003.tlg001	ἀπορρήγνυμι	1	exact	ἀπορρήγνυμι
tlg0003.tlg001	ἀνάλωτος	1	exact	ἀνάλωτος
tlg0003.tlg001	ἐφεδρεύω	1	exact	ἐφεδρεύω
tlg0003.tlg001	διανοέομαι	1	exact	διανοέομαι
tlg0003.tlg001	οὐδαμόθεν	1	exact	οὐδαμόθεν
tlg0003.tlg001	ἵππαρχος	1	exact	ἵππαρχος
tlg0003.tlg001	προσελαύνω	1	exact	προσελαύνω
tlg0003.tlg001	ἀμαχητί	1	exact	ἀμαχητί
tlg0003.tlg001	κοινολογέομαι	1	exact	κοινολογέομαι
tlg0003.tlg001	ὁρκόω	1	exact	ὁρκόω
tlg0003.tlg001	μνησικακέω	1	exact	μνησικακέω
tlg0003.tlg001	ἐξέτασις	1	exact	ἐξέτασις
tlg0003.tlg001	μετάστασις	1	exact	μετάστασις
tlg0003.tlg001	ἐπιθαλασσίδιος	1	exact	ἐπιθαλασσίδιος
tlg0003.tlg001	ἀποστροφή	1	exact	ἀποστροφή
tlg0003.tlg001	ἀφορμάω	1	exact	ἀφορμάω
tlg0003.tlg001	Ὄλυμπος	1	exact	Ὄλυμπος
tlg0003.tlg001	σκαιότης	1	exact	σκαιότης
tlg0003.tlg001	προκρίνω	1	exact	προκρίνω
tlg0003.tlg001	στεφανόω	1	exact	στεφανόω
tlg0003.tlg001	ἀνταπόδοσις	1	exact	ἀνταπόδοσις
tlg0003.tlg001	λώφησις	1	exact	λώφησις
tlg0003.tlg001	συμπάρειμι	1	exact	συμπάρειμι
tlg0003.tlg001	ὑπεξαιρέω	1	exact	ὑπεξαιρέω
tlg0003.tlg001	καθαιρέτης	1	exact	καθαιρέτης
tlg0003.tlg001	σύνειμι	1	exact	σύνειμι
tlg0003.tlg001	ἔκπεμψις	1	exact	ἔκπεμψις
tlg0003.tlg001	ἀπόκλεισις	1	exact	ἀπόκλεισις
tlg0003.tlg001	εἶμι	1	exact	εἶμι
tlg0003.tlg001	δυσχερής	1	exact	δυσχερής
tlg0003.tlg001	ἀπρόθυμος	1	exact	ἀπρόθυμος
tlg0003.tlg001	συστασιάζω	1	exact	συστασιάζω
tlg0003.tlg001	ἐχθίων	1	exact	ἐχθίων
tlg0003.tlg001	κατακτάομαι	1	exact	κατακτάομαι
tlg0003.tlg001	περιωπή	1	exact	περιωπή
tlg0003.tlg001	ἀναθρέω	1	exact	ἀναθρέω
tlg0003.tlg001	διαψηφίζω	1	exact	διαψηφίζω
tlg0003.tlg001	πιστόω	1	exact	πιστόω
tlg0003.tlg001	διαμαρτία	1	exact	διαμαρτία
tlg0003.tlg001	σκάπτω	1	exact	σκάπτω
tlg0003.tlg001	σταυρός	1	exact	σταυρός
tlg0003.tlg001	οἰκόπεδον	1	exact	οἰκόπεδον
tlg0003.tlg001	μετεωρίζω	1	exact	μετεωρίζω
tlg0003.tlg001	στοά	1	exact	στοά
tlg0003.tlg001	καταπίπτω	1	exact	καταπίπτω
tlg0003.tlg001	προτείχισμα	1	exact	προτείχισμα
tlg0003.tlg001	συνεπαινέω	1	exact	συνεπαινέω
tlg0003.tlg001	ἑπτακισχίλιοι	1	exact	ἑπτακισχίλιοι
tlg0003.tlg001	διάκοσμος	1	exact	διάκοσμος
tlg0003.tlg001	ὠθισμός	1	exact	ὠθισμός
tlg0003.tlg001	ὑπερφαίνομαι	1	exact	ὑπερφαίνομαι
tlg0003.tlg001	βέβηλος	1	exact	βέβηλος
tlg0003.tlg001	ἄψαυστος	1	exact	ἄψαυστος
tlg0003.tlg001	χέρνιψ	1	exact	χέρνιψ
tlg0003.tlg001	ὑδρεύω	1	exact	ὑδρεύω
tlg0003.tlg001	δαίμων	1	exact	δαίμων
tlg0003.tlg001	ἀσεβέω	1	exact	ἀσεβέω
tlg0003.tlg001	σφενδονήτης	1	exact	σφενδονήτης
tlg0003.tlg001	πρίω	1	exact	πρίω
tlg0003.tlg001	κοιλαίνω	1	exact	κοιλαίνω
tlg0003.tlg001	συναρμόζω	1	exact	συναρμόζω
tlg0003.tlg001	αὐλός	1	exact	αὐλός
tlg0003.tlg001	νεύω	1	exact	νεύω
tlg0003.tlg001	σιδηρόω	1	exact	σιδηρόω
tlg0003.tlg001	φῦσα	1	exact	φῦσα
tlg0003.tlg001	εἰστίθημι	1	exact	εἰστίθημι
tlg0003.tlg001	φυσάω	1	exact	φυσάω
tlg0003.tlg001	πνοή	1	exact	πνοή
tlg0003.tlg001	ἄνθραξ	1	exact	ἄνθραξ
tlg0003.tlg001	ἕψω	1	exact	ἕψω
tlg0003.tlg001	ἑπτακαιδέκατος	1	exact	ἑπτακαιδέκατος
tlg0003.tlg001	σκευοφόρος	1	exact	σκευοφόρος
tlg0003.tlg001	τριακοστός	1	exact	τριακοστός
tlg0003.tlg001	ἠιών	1	exact	ἠιών
tlg0003.tlg001	ἀμφίπολις	1	exact	ἀμφίπολις
tlg0003.tlg001	δειπνοποιέω	1	exact	δειπνοποιέω
tlg0003.tlg001	Πάρος	1	exact	Πάρος
tlg0003.tlg001	ἐργασία	1	exact	ἐργασία
tlg0003.tlg001	προκατέχω	1	exact	προκατέχω
tlg0003.tlg001	ἀλλοῖος	1	exact	ἀλλοῖος
tlg0003.tlg001	ἐπιχωρέω	1	exact	ἐπιχωρέω
tlg0003.tlg001	ναυπηγήσιμος	1	exact	ναυπηγήσιμος
tlg0003.tlg001	ἀφεστήξω	1	exact	ἀφεστήξω
tlg0003.tlg001	πραότης	1	exact	πραότης
tlg0003.tlg001	ἐφολκός	1	exact	ἐφολκός
tlg0003.tlg001	ὀργάω	1	exact	ὀργάω
tlg0003.tlg001	ναυπηγία	1	exact	ναυπηγία
tlg0003.tlg001	ὑπηρετέω	1	exact	ὑπηρετέω
tlg0003.tlg001	δίγλωσσος	1	exact	δίγλωσσος
tlg0003.tlg001	διαδύνω	1	exact	διαδύνω
tlg0003.tlg001	περιάγω	1	exact	περιάγω
tlg0003.tlg001	εἰσδέχομαι	1	exact	εἰσδέχομαι
tlg0003.tlg001	καθεύδω	1	exact	καθεύδω
tlg0003.tlg001	λῆψις	1	exact	λῆψις
tlg0003.tlg001	ἐνίημι	1	exact	ἐνίημι
tlg0003.tlg001	ἀμφορεύς	1	exact	ἀμφορεύς
tlg0003.tlg001	πίθος	1	exact	πίθος
tlg0003.tlg001	ἀναφορέω	1	exact	ἀναφορέω
tlg0003.tlg001	ἄχθος	1	exact	ἄχθος
tlg0003.tlg001	καταρρήγνυμι	1	exact	καταρρήγνυμι
tlg0003.tlg001	ὄγδοος	1	exact	ὄγδοος
tlg0003.tlg001	ἐξευρίσκω	1	exact	ἐξευρίσκω
tlg0003.tlg001	κωπήρης	1	exact	κωπήρης
tlg0003.tlg001	ἀκόλουθος	1	exact	ἀκόλουθος
tlg0003.tlg001	πρυτανεύω	1	exact	πρυτανεύω
tlg0003.tlg001	γραμματεύω	1	exact	γραμματεύω
tlg0003.tlg001	ἐπιστατέω	1	exact	ἐπιστατέω
tlg0003.tlg001	προπλέω	1	exact	προπλέω
tlg0003.tlg001	ταινιόω	1	exact	ταινιόω
tlg0003.tlg001	καταινέω	1	exact	καταινέω
tlg0003.tlg001	καταβιάζω	1	exact	καταβιάζω
tlg0003.tlg001	ὑπεκκομίζω	1	exact	ὑπεκκομίζω
tlg0003.tlg001	ἱππομαχέω	1	exact	ἱππομαχέω
tlg0003.tlg001	κυρόω	1	exact	κυρόω
tlg0003.tlg001	ὁπηνίκα	1	exact	ὁπηνίκα
tlg0003.tlg001	ἀπόλειψις	1	exact	ἀπόλειψις
tlg0003.tlg001	προαγωνίζομαι	1	exact	προαγωνίζομαι
tlg0003.tlg001	ἀφόρητος	1	exact	ἀφόρητος
tlg0003.tlg001	πρεπόντως	1	exact	πρεπόντως
tlg0003.tlg001	κατασπέρχω	1	exact	κατασπέρχω
tlg0003.tlg001	ἐκδρομή	1	exact	ἐκδρομή
tlg0003.tlg001	κυκλέω	1	exact	κυκλέω
tlg0003.tlg001	νυκτερινός	1	exact	νυκτερινός
tlg0003.tlg001	ὑπολύω	1	exact	ὑπολύω
tlg0003.tlg001	οἰκείωσις	1	exact	οἰκείωσις
tlg0003.tlg001	διανίσταμαι	1	exact	διανίσταμαι
tlg0003.tlg001	πρόσημαι	1	exact	πρόσημαι
tlg0003.tlg001	στασιωτικός	1	exact	στασιωτικός
tlg0003.tlg001	περιοργής	1	exact	περιοργής
tlg0003.tlg001	ἐπαναστρέφω	1	exact	ἐπαναστρέφω
tlg0003.tlg001	περιτειχισμός	1	exact	περιτειχισμός
tlg0003.tlg001	εὔδηλος	1	exact	εὔδηλος
tlg0003.tlg001	ἐφοράω	1	exact	ἐφοράω
tlg0003.tlg001	ἄνθος	1	exact	ἄνθος
tlg0003.tlg001	ἱερεία	1	exact	ἱερεία
tlg0003.tlg001	λύχνος	1	exact	λύχνος
tlg0003.tlg001	στέμμα	1	exact	στέμμα
tlg0003.tlg001	καταφλέγω	1	exact	καταφλέγω
tlg0003.tlg001	ἱέρεια	1	exact	ἱέρεια
tlg0003.tlg001	παντελής	1	exact	παντελής
tlg0003.tlg001	κώδων	1	exact	κώδων
tlg0003.tlg001	πρόσθεσις	1	exact	πρόσθεσις
tlg0003.tlg001	προσπεριβάλλω	1	exact	προσπεριβάλλω
tlg0003.tlg001	συνεισπίπτω	1	exact	συνεισπίπτω
tlg0003.tlg001	ἀναδατέομαι	1	exact	ἀναδατέομαι
tlg0003.tlg001	καταφαίνω	1	exact	καταφαίνω
tlg0003.tlg001	τέως	1	exact	τέως
tlg0003.tlg001	ἕδρα	1	exact	ἕδρα
tlg0003.tlg001	ἀναλογίζομαι	1	exact	ἀναλογίζομαι
tlg0003.tlg001	ἀνεπιστημοσύνη	1	exact	ἀνεπιστημοσύνη
tlg0003.tlg001	λιμνώδης	1	exact	λιμνώδης
tlg0003.tlg001	ἀνέρχομαι	1	exact	ἀνέρχομαι
tlg0003.tlg001	ἀντίταξις	1	exact	ἀντίταξις
tlg0003.tlg001	κλέμμα	1	exact	κλέμμα
tlg0003.tlg001	συντείνω	1	exact	συντείνω
tlg0003.tlg001	θανάτωσις	1	exact	θανάτωσις
tlg0003.tlg001	ὑποφαίνω	1	exact	ὑποφαίνω
tlg0003.tlg001	σταύρωμα	1	exact	σταύρωμα
tlg0003.tlg001	ἀπαράσσω	1	exact	ἀπαράσσω
tlg0003.tlg001	ἐντέμνω	1	exact	ἐντέμνω
tlg0003.tlg001	ἐτήσιος	1	exact	ἐτήσιος
tlg0003.tlg001	μνημόσυνον	1	exact	μνημόσυνον
tlg0003.tlg001	παράταξις	1	exact	παράταξις
tlg0003.tlg001	ἐνακόσιοι	1	exact	ἐνακόσιοι
tlg0003.tlg001	καθυπέρτερος	1	exact	καθυπέρτερος
tlg0003.tlg001	διαγίγνομαι	1	exact	διαγίγνομαι
tlg0003.tlg001	πρόμαντις	1	exact	πρόμαντις
tlg0003.tlg001	ἡμίθεος	1	exact	ἡμίθεος
tlg0003.tlg001	ἀργύρεος	1	exact	ἀργύρεος
tlg0003.tlg001	εὐλάζω	1	exact	εὐλάζω
tlg0003.tlg001	εἰκοστός	1	exact	εἰκοστός
tlg0003.tlg001	ἀνεπίληπτος	1	exact	ἀνεπίληπτος
tlg0003.tlg001	μαντεύομαι	1	exact	μαντεύομαι
tlg0003.tlg001	αὐτοτελής	1	exact	αὐτοτελής
tlg0003.tlg001	συνθέω	1	exact	συνθέω
tlg0003.tlg001	Σκῶλος	1	exact	Σκῶλος
tlg0003.tlg001	μετατίθημι	1	exact	μετατίθημι
tlg0003.tlg001	ἀστικός	1	exact	ἀστικός
tlg0003.tlg001	ἐπισπένδω	1	exact	ἐπισπένδω
tlg0003.tlg001	διακινέω	1	exact	διακινέω
tlg0003.tlg001	ἀθρέω	1	exact	ἀθρέω
tlg0003.tlg001	πεντηκοντούτης	1	exact	πεντηκοντούτης
tlg0003.tlg001	ἐκκαρπόομαι	1	exact	ἐκκαρπόομαι
tlg0003.tlg001	διαθορυβέω	1	exact	διαθορυβέω
tlg0003.tlg001	μετάθεσις	1	exact	μετάθεσις
tlg0003.tlg001	εὐορκέω	1	exact	εὐορκέω
tlg0003.tlg001	ἡμίσεια	1	exact	ἡμίσεια
tlg0003.tlg001	ἐπαναγκάζω	1	exact	ἐπαναγκάζω
tlg0003.tlg001	ὀλιγαρχέω	1	exact	ὀλιγαρχέω
tlg0003.tlg001	ὀρρωδέω	1	exact	ὀρρωδέω
tlg0003.tlg001	ἀπεῖπον	1	exact	ἀπεῖπον
tlg0003.tlg001	ἀτιμία	1	exact	ἀτιμία
tlg0003.tlg001	πρίαμαι	1	exact	πρίαμαι
tlg0003.tlg001	ἐπιμιξία	1	exact	ἐπιμιξία
tlg0003.tlg001	ἀπόδοσις	1	exact	ἀπόδοσις
tlg0003.tlg001	πύλος	1	exact	πύλος
tlg0003.tlg001	κῦρος	1	exact	κῦρος
tlg0003.tlg001	συγχέω	1	exact	συγχέω
tlg0003.tlg001	πάντως	1	exact	πάντως
tlg0003.tlg001	Φαίδιμος	1	exact	Φαίδιμος
tlg0003.tlg001	προξενία	1	exact	προξενία
tlg0003.tlg001	πάππης	1	exact	πάππης
tlg0003.tlg001	δυστυχέω	1	exact	δυστυχέω
tlg0003.tlg001	εὕρημα	1	exact	εὕρημα
tlg0003.tlg001	ἀτελής	1	exact	ἀτελής
tlg0003.tlg001	ἐπήν	1	exact	ἐπήν
tlg0003.tlg001	ὀβολός	1	exact	ὀβολός
tlg0003.tlg001	τέλειος	1	exact	τέλειος
tlg0003.tlg001	παγκράτιον	1	exact	παγκράτιον
tlg0003.tlg001	καταδίκη	1	exact	καταδίκη
tlg0003.tlg001	οὐδαμόσε	1	exact	οὐδαμόσε
tlg0003.tlg001	ἐναντίον	1	exact	ἐναντίον
tlg0003.tlg001	ῥαβδοῦχος	1	exact	ῥαβδοῦχος
tlg0003.tlg001	πληγή	1	exact	πληγή
tlg0003.tlg001	ἀνακηρύσσω	1	exact	ἀνακηρύσσω
tlg0003.tlg001	ἀγώνισις	1	exact	ἀγώνισις
tlg0003.tlg001	ἡνίοχος	1	exact	ἡνίοχος
tlg0003.tlg001	ἅρμα	1	exact	ἅρμα
tlg0003.tlg001	Κνίδιος	1	exact	Κνίδιος
tlg0003.tlg001	εἴσπραξις	1	exact	εἴσπραξις
tlg0003.tlg001	ὑπογράφω	1	exact	ὑπογράφω
tlg0003.tlg001	πεντακισχίλιοι	1	exact	πεντακισχίλιοι
tlg0003.tlg001	ἅμιππος	1	exact	ἅμιππος
tlg0003.tlg001	ὄρθιος	1	exact	ὄρθιος
tlg0003.tlg001	λεύω	1	exact	λεύω
tlg0003.tlg001	δημεύω	1	exact	δημεύω
tlg0003.tlg001	προαπόλλυμαι	1	exact	προαπόλλυμαι
tlg0003.tlg001	τετράμηνος	1	exact	τετράμηνος
tlg0003.tlg001	παραιτέομαι	1	exact	παραιτέομαι
tlg0003.tlg001	ἐρύω	1	exact	ἐρύω
tlg0003.tlg001	κατασκαφή	1	exact	κατασκαφή
tlg0003.tlg001	Ἡράκλειος	1	exact	Ἡράκλειος
tlg0003.tlg001	ἐρυμνός	1	exact	ἐρυμνός
tlg0003.tlg001	βολή	1	exact	βολή
tlg0003.tlg001	ἰάομαι	1	exact	ἰάομαι
tlg0003.tlg001	ἐπαίτιος	1	exact	ἐπαίτιος
tlg0003.tlg001	ἄκαιρος	1	exact	ἄκαιρος
tlg0003.tlg001	ἀνάληψις	1	exact	ἀνάληψις
tlg0003.tlg001	ἐκτροπή	1	exact	ἐκτροπή
tlg0003.tlg001	καταβιβάζω	1	exact	καταβιβάζω
tlg0003.tlg001	παράγγελσις	1	exact	παράγγελσις
tlg0003.tlg001	κρυπτός	1	exact	κρυπτός
tlg0003.tlg001	ζυγόν	1	exact	ζυγόν
tlg0003.tlg001	βάθος	1	exact	βάθος
tlg0003.tlg001	ἰσομοιρία	1	exact	ἰσομοιρία
tlg0003.tlg001	ἔντονος	1	exact	ἔντονος
tlg0003.tlg001	αὐλητής	1	exact	αὐλητής
tlg0003.tlg001	ὁμοῦ	1	exact	ὁμοῦ
tlg0003.tlg001	ὁμαλής	1	exact	ὁμαλής
tlg0003.tlg001	ῥυθμός	1	exact	ῥυθμός
tlg0003.tlg001	βαίνω	1	exact	βαίνω
tlg0003.tlg001	διασπάω	1	exact	διασπάω
tlg0003.tlg001	πυκνότης	1	exact	πυκνότης
tlg0003.tlg001	σύγκλεισις	1	exact	σύγκλεισις
tlg0003.tlg001	ἐξαλλάσσω	1	exact	ἐξαλλάσσω
tlg0003.tlg001	γύμνωσις	1	exact	γύμνωσις
tlg0003.tlg001	αἰτίαμα	1	exact	αἰτίαμα
tlg0003.tlg001	πρόσμειξις	1	exact	πρόσμειξις
tlg0003.tlg001	καταπατέω	1	exact	καταπατέω
tlg0003.tlg001	πέτομαι	1	exact	πέτομαι
tlg0003.tlg001	ἐκκλίνω	1	exact	ἐκκλίνω
tlg0003.tlg001	ἐκπαύω	1	exact	ἐκπαύω
tlg0003.tlg001	λάω	1	exact	λάω
tlg0003.tlg001	αὔτως	1	exact	αὔτως
tlg0003.tlg001	ἀλέξω	1	exact	ἀλέξω
tlg0003.tlg001	ἐπιμειξία	1	exact	ἐπιμειξία
tlg0003.tlg001	ἐρίζω	1	exact	ἐρίζω
tlg0003.tlg001	ἔτης	1	exact	ἔτης
tlg0003.tlg001	ἐξάγνυμι	1	exact	ἐξάγνυμι
tlg0003.tlg001	λήγω	1	exact	λήγω
tlg0003.tlg001	ἀναθαρσέω	1	exact	ἀναθαρσέω
tlg0003.tlg001	ἐρῶ	1	exact	ἐρῶ
tlg0003.tlg001	ἀναβολεύς	1	exact	ἀναβολεύς
tlg0003.tlg001	τειχισμός	1	exact	τειχισμός
tlg0003.tlg001	τέκτων	1	exact	τέκτων
tlg0003.tlg001	ῥῆσις	1	exact	ῥῆσις
tlg0003.tlg001	ἀνέλεγκτος	1	exact	ἀνέλεγκτος
tlg0003.tlg001	εἰσάπαξ	1	exact	εἰσάπαξ
tlg0003.tlg001	ψέγω	1	exact	ψέγω
tlg0003.tlg001	ἐνδέω	1	exact	ἐνδέω
tlg0059.tlg001	ὁ	441	exact	ὁ
tlg0059.tlg001	καί	266	exact	καί
tlg0059.tlg001	εἰμί	158	exact	εἰμί
tlg0059.tlg001	ἐγώ	129	exact	ἐγώ
tlg0059.tlg001	οὐ	123	exact	οὐ
tlg0059.tlg001	οὗτος	97	exact	οὗτος
tlg0059.tlg001	λέγω	95	exact	λέγω
tlg0059.tlg001	ὦ	92	exact	ὦ
tlg0059.tlg001	γάρ	80	exact	γάρ
tlg0059.tlg001	ἀλλά	80	exact	ἀλλά
tlg0059.tlg001	δέ	77	exact	δέ
tlg0059.tlg001	γε	75	exact	γε
tlg0059.tlg001	σύ	73	exact	σύ
tlg0059.tlg001	ὅσιος	72	exact	ὅσιος
tlg0059.tlg001	ἄν	70	exact	ἄν
tlg0059.tlg001	αὐτός	65	exact	αὐτός
tlg0059.tlg001	ὅς	62	exact	ὅς
tlg0059.tlg001	ὅτι	59	exact	ὅτι
tlg0059.tlg001	τίς	58	exact	τίς
tlg0059.tlg001	ὡς	58	exact	ὡς
tlg0059.tlg001	θεός	58	exact	θεός
tlg0059.tlg001	τις	54	exact	τις
tlg0059.tlg001	περί	47	exact	περί
tlg0059.tlg001	εἰ	47	exact	εἰ
tlg0059.tlg001	τε	46	exact	τε
tlg0059.tlg001	μέν	45	exact	μέν
tlg0059.tlg001	ἤ	43	exact	ἤ
tlg0059.tlg001	δή	39	exact	δή
tlg0059.tlg001	μή	35	exact	μή
tlg0059.tlg001	πᾶς	35	exact	πᾶς
tlg0059.tlg001	φιλέω	35	exact	φιλέω
tlg0059.tlg001	φημί	33	exact	φημί
tlg0059.tlg001	ἄλλος	32	exact	ἄλλος
tlg0059.tlg001	οὖν	29	exact	οὖν
tlg0059.tlg001	οὕτως	29	exact	οὕτως
tlg0059.tlg001	ἐκεῖνος	28	exact	ἐκεῖνος
tlg0059.tlg001	γίγνομαι	26	exact	γίγνομαι
tlg0059.tlg001	τοιοῦτος	26	exact	τοιοῦτος
tlg0059.tlg001	ποιέω	24	exact	ποιέω
tlg0059.tlg001	οἴομαι	23	exact	οἴομαι
tlg0059.tlg001	ὑπό	23	exact	ὑπό
tlg0059.tlg001	πολύς	22	exact	πολύς
tlg0059.tlg001	διά	22	exact	διά
tlg0059.tlg001	δοκέω	21	exact	δοκέω
tlg0059.tlg001	ἀγαθός	21	exact	ἀγαθός
tlg0059.tlg001	ἀνόσιος	21	exact	ἀνόσιος
tlg0059.tlg001	ἐν	20	exact	ἐν
tlg0059.tlg001	νῦν	20	exact	νῦν
tlg0059.tlg001	πάνυ	20	exact	πάνυ
tlg0059.tlg001	ἔχω	20	exact	ἔχω
tlg0059.tlg001	οἶδα	20	exact	οἶδα
tlg0059.tlg001	δίκαιος	20	exact	δίκαιος
tlg0059.tlg001	ἄρα	19	exact	ἄρα
tlg0059.tlg001	δίκη	18	exact	δίκη
tlg0059.tlg001	θεοφιλής	18	exact	θεοφιλής
tlg0059.tlg001	παρά	17	exact	παρά
tlg0059.tlg001	πρός	16	exact	πρός
tlg0059.tlg001	ἔοικα	16	exact	ἔοικα
tlg0059.tlg001	ὅστις	16	exact	ὅστις
tlg0059.tlg001	ὀρθός	16	exact	ὀρθός
tlg0059.tlg001	οὐδείς	16	exact	οὐδείς
tlg0059.tlg001	δέω	16	exact	δέω
tlg0059.tlg001	πατήρ	16	exact	πατήρ
tlg0059.tlg001	ἆρα	15	exact	ἆρα
tlg0059.tlg001	διαφέρω	14	exact	διαφέρω
tlg0059.tlg001	τυγχάνω	13	exact	τυγχάνω
tlg0059.tlg001	εἰς	13	exact	εἰς
tlg0059.tlg001	ἀληθής	13	exact	ἀληθής
tlg0059.tlg001	ὁράω	13	exact	ὁράω
tlg0059.tlg001	ἀλλήλων	13	exact	ἀλλήλων
tlg0059.tlg001	καλός	13	exact	καλός
tlg0059.tlg001	ἕτερος	12	exact	ἕτερος
tlg0059.tlg001	ἀδικέω	12	exact	ἀδικέω
tlg0059.tlg001	φίλος	12	exact	φίλος
tlg0059.tlg001	ἄνθρωπος	12	exact	ἄνθρωπος
tlg0059.tlg001	ἡγέομαι	12	exact	ἡγέομαι
tlg0059.tlg001	ἐπί	12	exact	ἐπί
tlg0059.tlg001	διότι	12	exact	διότι
tlg0059.tlg001	βούλομαι	11	exact	βούλομαι
tlg0059.tlg001	μανθάνω	11	exact	μανθάνω
tlg0059.tlg001	διδάσκω	11	exact	διδάσκω
tlg0059.tlg001	σός	11	exact	σός
tlg0059.tlg001	λόγος	11	exact	λόγος
tlg0059.tlg001	ἵνα	11	exact	ἵνα
tlg0059.tlg001	ἄδικος	11	exact	ἄδικος
tlg0059.tlg001	δίδωμι	11	exact	δίδωμι
tlg0059.tlg001	ἐναντίος	10	exact	ἐναντίος
tlg0059.tlg001	ἐάν	10	exact	ἐάν
tlg0059.tlg001	ποτέ	10	exact	ποτέ
tlg0059.tlg001	μάλα	10	exact	μάλα
tlg0059.tlg001	Ζεύς	10	exact	Ζεύς
tlg0059.tlg001	πάσχω	10	exact	πάσχω
tlg0059.tlg001	φέρω	10	exact	φέρω
tlg0059.tlg001	οὐκοῦν	10	exact	οὐκοῦν
tlg0059.tlg001	θεραπεία	10	exact	θεραπεία
tlg0059.tlg001	φαίνω	9	exact	φαίνω
tlg0059.tlg001	οἷος	9	exact	οἷος
tlg0059.tlg001	ἔρχομαι	9	exact	ἔρχομαι
tlg0059.tlg001	ἴσως	9	exact	ἴσως
tlg0059.tlg001	θεῖος	9	exact	θεῖος
tlg0059.tlg001	αὖ	9	exact	αὖ
tlg0059.tlg001	φόνος	9	exact	φόνος
tlg0059.tlg001	ἐπεξέρχομαι	9	exact	ἐπεξέρχομαι
tlg0059.tlg001	ἀμφισβητέω	9	exact	ἀμφισβητέω
tlg0059.tlg001	ὥσπερ	8	exact	ὥσπερ
tlg0059.tlg001	γράφω	8	exact	γράφω
tlg0059.tlg001	πρότερος	8	exact	πρότερος
tlg0059.tlg001	δῆλος	8	exact	δῆλος
tlg0059.tlg001	ἑαυτοῦ	8	exact	ἑαυτοῦ
tlg0059.tlg001	ἦ	8	exact	ἦ
tlg0059.tlg001	σαφής	8	exact	σαφής
tlg0059.tlg001	ἔργον	8	exact	ἔργον
tlg0059.tlg001	ἄγω	8	exact	ἄγω
tlg0059.tlg001	μένω	8	exact	μένω
tlg0059.tlg001	γραφή	7	exact	γραφή
tlg0059.tlg001	νέος	7	exact	νέος
tlg0059.tlg001	μέντοι	7	exact	μέντοι
tlg0059.tlg001	σοφία	7	exact	σοφία
tlg0059.tlg001	ἤδη	7	exact	ἤδη
tlg0059.tlg001	πράσσω	7	exact	πράσσω
tlg0059.tlg001	ὥστε	7	exact	ὥστε
tlg0059.tlg001	ὁμολογέω	7	exact	ὁμολογέω
tlg0059.tlg001	ναί	7	exact	ναί
tlg0059.tlg001	σκοπέω	7	exact	σκοπέω
tlg0059.tlg001	μισέω	7	exact	μισέω
tlg0059.tlg001	ὁσιότης	7	exact	ὁσιότης
tlg0059.tlg001	ὑπηρετικός	7	exact	ὑπηρετικός
tlg0059.tlg001	ἀνήρ	6	exact	ἀνήρ
tlg0059.tlg001	διαφθείρω	6	exact	διαφθείρω
tlg0059.tlg001	σοφός	6	exact	σοφός
tlg0059.tlg001	μόνος	6	exact	μόνος
tlg0059.tlg001	ὅπως	6	exact	ὅπως
tlg0059.tlg001	ἀκούω	6	exact	ἀκούω
tlg0059.tlg001	κατά	6	exact	κατά
tlg0059.tlg001	εὖ	6	exact	εὖ
tlg0059.tlg001	ἐπεί	6	exact	ἐπεί
tlg0059.tlg001	τοίνυν	6	exact	τοίνυν
tlg0059.tlg001	ἐρωτάω	6	exact	ἐρωτάω
tlg0059.tlg001	θεομισής	6	exact	θεομισής
tlg0059.tlg001	ἀριθμός	6	exact	ἀριθμός
tlg0059.tlg001	πῶς	6	exact	πῶς
tlg0059.tlg001	ἔνθα	6	exact	ἔνθα
tlg0059.tlg001	μέρος	6	exact	μέρος
tlg0059.tlg001	θεραπεύω	6	exact	θεραπεύω
tlg0059.tlg001	πρᾶγμα	5	exact	πρᾶγμα
tlg0059.tlg001	μέγας	5	exact	μέγας
tlg0059.tlg001	ἐκ	5	exact	ἐκ
tlg0059.tlg001	θαυμάσιος	5	exact	θαυμάσιος
tlg0059.tlg001	δικαστήριον	5	exact	δικαστήριον
tlg0059.tlg001	πειράω	5	exact	πειράω
tlg0059.tlg001	ἐθέλω	5	exact	ἐθέλω
tlg0059.tlg001	διώκω	5	exact	διώκω
tlg0059.tlg001	ὑπέρ	5	exact	ὑπέρ
tlg0059.tlg001	ἄρτι	5	exact	ἄρτι
tlg0059.tlg001	ἱκανός	5	exact	ἱκανός
tlg0059.tlg001	ἐχθρός	5	exact	ἐχθρός
tlg0059.tlg001	ὅδε	5	exact	ὅδε
tlg0059.tlg001	εἴπερ	5	exact	εἴπερ
tlg0059.tlg001	κεφάλαιος	5	exact	κεφάλαιος
tlg0059.tlg001	Δαίδαλος	5	exact	Δαίδαλος
tlg0059.tlg001	δέος	5	exact	δέος
tlg0059.tlg001	αἰδώς	5	exact	αἰδώς
tlg0059.tlg001	νόος	4	exact	νόος
tlg0059.tlg001	ἐννοέω	4	exact	ἐννοέω
tlg0059.tlg001	κινδυνεύω	4	exact	κινδυνεύω
tlg0059.tlg001	ἐμός	4	exact	ἐμός
tlg0059.tlg001	πόλις	4	exact	πόλις
tlg0059.tlg001	ἀπό	4	exact	ἀπό
tlg0059.tlg001	ὅμως	4	exact	ὅμως
tlg0059.tlg001	ἀνδροφόνος	4	exact	ἀνδροφόνος
tlg0059.tlg001	πρίν	4	exact	πρίν
tlg0059.tlg001	ἀποκτείνω	4	exact	ἀποκτείνω
tlg0059.tlg001	ἐπίσταμαι	4	exact	ἐπίσταμαι
tlg0059.tlg001	ἑταῖρος	4	exact	ἑταῖρος
tlg0059.tlg001	ποῖος	4	exact	ποῖος
tlg0059.tlg001	ἀνάγκη	4	exact	ἀνάγκη
tlg0059.tlg001	συγχωρέω	4	exact	συγχωρέω
tlg0059.tlg001	ἀποκρίνω	4	exact	ἀποκρίνω
tlg0059.tlg001	στασιάζω	4	exact	στασιάζω
tlg0059.tlg001	διαφορά	4	exact	διαφορά
tlg0059.tlg001	ἐνδείκνυμι	4	exact	ἐνδείκνυμι
tlg0059.tlg001	περιέρχομαι	4	exact	περιέρχομαι
tlg0059.tlg001	ὠφέλεια	4	exact	ὠφέλεια
tlg0059.tlg001	ἀπεργάζομαι	4	exact	ἀπεργάζομαι
tlg0059.tlg001	ἀπεργασία	4	exact	ἀπεργασία
tlg0059.tlg001	αἰτέω	4	exact	αἰτέω
tlg0059.tlg001	λαμβάνω	4	exact	λαμβάνω
tlg0059.tlg001	γιγνώσκω	3	exact	γιγνώσκω
tlg0059.tlg001	ὀνομάζω	3	exact	ὀνομάζω
tlg0059.tlg001	τοσοῦτος	3	exact	τοσοῦτος
tlg0059.tlg001	ἄρχω	3	exact	ἄρχω
tlg0059.tlg001	ἐπιμελέομαι	3	exact	ἐπιμελέομαι
tlg0059.tlg001	μετά	3	exact	μετά
tlg0059.tlg001	ἀρχή	3	exact	ἀρχή
tlg0059.tlg001	ἐπιχειρέω	3	exact	ἐπιχειρέω
tlg0059.tlg001	ποιητής	3	exact	ποιητής
tlg0059.tlg001	νομίζω	3	exact	νομίζω
tlg0059.tlg001	ἕνεκα	3	exact	ἕνεκα
tlg0059.tlg001	καινοτομέω	3	exact	καινοτομέω
tlg0059.tlg001	τοι	3	exact	τοι
tlg0059.tlg001	μέλλω	3	exact	μέλλω
tlg0059.tlg001	καταγελάω	3	exact	καταγελάω
tlg0059.tlg001	χρή	3	exact	χρή
tlg0059.tlg001	δεινός	3	exact	δεινός
tlg0059.tlg001	ἡδύς	3	exact	ἡδύς
tlg0059.tlg001	νυνδί	3	exact	νυνδί
tlg0059.tlg001	φεύγω	3	exact	φεύγω
tlg0059.tlg001	οἰκεῖος	3	exact	οἰκεῖος
tlg0059.tlg001	ἀλλότριος	3	exact	ἀλλότριος
tlg0059.tlg001	κτείνω	3	exact	κτείνω
tlg0059.tlg001	ὀργίζω	3	exact	ὀργίζω
tlg0059.tlg001	συνδέω	3	exact	συνδέω
tlg0059.tlg001	ἐξηγητής	3	exact	ἐξηγητής
tlg0059.tlg001	υἱός	3	exact	υἱός
tlg0059.tlg001	κακός	3	exact	κακός
tlg0059.tlg001	ἀκριβής	3	exact	ἀκριβής
tlg0059.tlg001	μαθητής	3	exact	μαθητής
tlg0059.tlg001	ἐξαμαρτάνω	3	exact	ἐξαμαρτάνω
tlg0059.tlg001	μά	3	exact	μά
tlg0059.tlg001	ῥᾴδιος	3	exact	ῥᾴδιος
tlg0059.tlg001	εὐσεβής	3	exact	εὐσεβής
tlg0059.tlg001	πρᾶξις	3	exact	πρᾶξις
tlg0059.tlg001	εἷς	3	exact	εἷς
tlg0059.tlg001	ἰδέα	3	exact	ἰδέα
tlg0059.tlg001	ἔχθρα	3	exact	ἔχθρα
tlg0059.tlg001	φράζω	3	exact	φράζω
tlg0059.tlg001	προσφιλής	3	exact	προσφιλής
tlg0059.tlg001	οὔπω	3	exact	οὔπω
tlg0059.tlg001	παύω	3	exact	παύω
tlg0059.tlg001	ἅπας	3	exact	ἅπας
tlg0059.tlg001	πάλιν	3	exact	πάλιν
tlg0059.tlg001	τίθημι	3	exact	τίθημι
tlg0059.tlg001	τέχνη	3	exact	τέχνη
tlg0059.tlg001	δείδω	3	exact	δείδω
tlg0059.tlg001	περισσός	3	exact	περισσός
tlg0059.tlg001	ἵππος	3	exact	ἵππος
tlg0059.tlg001	ἱππικός	3	exact	ἱππικός
tlg0059.tlg001	κύων	3	exact	κύων
tlg0059.tlg001	κυνηγετικός	3	exact	κυνηγετικός
tlg0059.tlg001	ὠφελέω	3	exact	ὠφελέω
tlg0059.tlg001	χαρίζω	3	exact	χαρίζω
tlg0059.tlg001	εὔχομαι	3	exact	εὔχομαι
tlg0059.tlg001	θύω	3	exact	θύω
tlg0059.tlg001	νεώτερος	2	exact	νεώτερος
tlg0059.tlg001	βασιλεύς	2	exact	βασιλεύς
tlg0059.tlg001	τρόπος	2	exact	τρόπος
tlg0059.tlg001	καθοράω	2	exact	καθοράω
tlg0059.tlg001	μήτηρ	2	exact	μήτηρ
tlg0059.tlg001	γεωργός	2	exact	γεωργός
tlg0059.tlg001	πρέσβυς	2	exact	πρέσβυς
tlg0059.tlg001	ἄτεχνος	2	exact	ἄτεχνος
tlg0059.tlg001	ὅταν	2	exact	ὅταν
tlg0059.tlg001	προλέγω	2	exact	προλέγω
tlg0059.tlg001	μαίνομαι	2	exact	μαίνομαι
tlg0059.tlg001	φροντίζω	2	exact	φροντίζω
tlg0059.tlg001	μέλω	2	exact	μέλω
tlg0059.tlg001	ἐπιθυμέω	2	exact	ἐπιθυμέω
tlg0059.tlg001	φοβέω	2	exact	φοβέω
tlg0059.tlg001	πέτομαι	2	exact	πέτομαι
tlg0059.tlg001	πρεσβύτης	2	exact	πρεσβύτης
tlg0059.tlg001	πρόσω	2	exact	πρόσω
tlg0059.tlg001	ἐάω	2	exact	ἐάω
tlg0059.tlg001	θητεύω	2	exact	θητεύω
tlg0059.tlg001	ἐκεῖ	2	exact	ἐκεῖ
tlg0059.tlg001	ἡμέτερος	2	exact	ἡμέτερος
tlg0059.tlg001	καταβάλλω	2	exact	καταβάλλω
tlg0059.tlg001	πυνθάνομαι	2	exact	πυνθάνομαι
tlg0059.tlg001	χρόνος	2	exact	χρόνος
tlg0059.tlg001	δεσμός	2	exact	δεσμός
tlg0059.tlg001	ἀφικνέομαι	2	exact	ἀφικνέομαι
tlg0059.tlg001	δικάζω	2	exact	δικάζω
tlg0059.tlg001	προκαλέω	2	exact	προκαλέω
tlg0059.tlg001	αὐτοσχεδιάζω	2	exact	αὐτοσχεδιάζω
tlg0059.tlg001	κολάζω	2	exact	κολάζω
tlg0059.tlg001	ἀφίημι	2	exact	ἀφίημι
tlg0059.tlg001	ἀσέβεια	2	exact	ἀσέβεια
tlg0059.tlg001	ἀσεβής	2	exact	ἀσεβής
tlg0059.tlg001	δήπου	2	exact	δήπου
tlg0059.tlg001	ἱερός	2	exact	ἱερός
tlg0059.tlg001	τεκμήριον	2	exact	τεκμήριον
tlg0059.tlg001	ἐπειδάν	2	exact	ἐπειδάν
tlg0059.tlg001	πως	2	exact	πως
tlg0059.tlg001	ἀποδέχομαι	2	exact	ἀποδέχομαι
tlg0059.tlg001	ἔτι	2	exact	ἔτι
tlg0059.tlg001	πόλεμος	2	exact	πόλεμος
tlg0059.tlg001	διηγέομαι	2	exact	διηγέομαι
tlg0059.tlg001	θαυμάζω	2	exact	θαυμάζω
tlg0059.tlg001	αὖθις	2	exact	αὖθις
tlg0059.tlg001	νυνί	2	exact	νυνί
tlg0059.tlg001	ἔρομαι	2	exact	ἔρομαι
tlg0059.tlg001	χράω	2	exact	χράω
tlg0059.tlg001	μήν	2	exact	μήν
tlg0059.tlg001	πάγκαλος	2	exact	πάγκαλος
tlg0059.tlg001	ἐπισκοπέω	2	exact	ἐπισκοπέω
tlg0059.tlg001	ταχύς	2	exact	ταχύς
tlg0059.tlg001	ἀπαλλάσσω	2	exact	ἀπαλλάσσω
tlg0059.tlg001	ἐλαχύς	2	exact	ἐλαχύς
tlg0059.tlg001	κρίσις	2	exact	κρίσις
tlg0059.tlg001	δύναμαι	2	exact	δύναμαι
tlg0059.tlg001	αἰσχρός	2	exact	αἰσχρός
tlg0059.tlg001	ἕκαστος	2	exact	ἕκαστος
tlg0059.tlg001	δράω	2	exact	δράω
tlg0059.tlg001	τολμάω	2	exact	τολμάω
tlg0059.tlg001	δεσπότης	2	exact	δεσπότης
tlg0059.tlg001	ὀλίγος	2	exact	ὀλίγος
tlg0059.tlg001	ἅμα	2	exact	ἅμα
tlg0059.tlg001	ἐμαυτοῦ	2	exact	ἐμαυτοῦ
tlg0059.tlg001	ὁρίζω	2	exact	ὁρίζω
tlg0059.tlg001	τοιόσδε	2	exact	τοιόσδε
tlg0059.tlg001	ἀποκρύπτω	2	exact	ἀποκρύπτω
tlg0059.tlg001	πρόθυμος	2	exact	πρόθυμος
tlg0059.tlg001	ὅπου	2	exact	ὅπου
tlg0059.tlg001	ἱδρύω	2	exact	ἱδρύω
tlg0059.tlg001	σκῶμμα	2	exact	σκῶμμα
tlg0059.tlg001	ὅσος	2	exact	ὅσος
tlg0059.tlg001	τρυφάω	2	exact	τρυφάω
tlg0059.tlg001	ἕπομαι	2	exact	ἕπομαι
tlg0059.tlg001	πανταχοῦ	2	exact	πανταχοῦ
tlg0059.tlg001	μόριον	2	exact	μόριον
tlg0059.tlg001	συνίημι	2	exact	συνίημι
tlg0059.tlg001	βοηλατικός	2	exact	βοηλατικός
tlg0059.tlg001	βοῦς	2	exact	βοῦς
tlg0059.tlg001	ἐράω	2	exact	ἐράω
tlg0059.tlg001	ἐπιστήμη	2	exact	ἐπιστήμη
tlg0059.tlg001	προσέχω	2	exact	προσέχω
tlg0059.tlg001	τεχνικός	2	exact	τεχνικός
tlg0059.tlg001	ἐμπορικός	2	exact	ἐμπορικός
tlg0059.tlg001	δῶρον	2	exact	δῶρον
tlg0059.tlg001	βαδίζω	2	exact	βαδίζω
tlg0059.tlg001	ἀπέρχομαι	2	exact	ἀπέρχομαι
tlg0059.tlg001	Λύκειον	1	exact	Λύκειον
tlg0059.tlg001	διατριβή	1	exact	διατριβή
tlg0059.tlg001	ἐνθάδε	1	exact	ἐνθάδε
tlg0059.tlg001	διατρίβω	1	exact	διατρίβω
tlg0059.tlg001	στοά	1	exact	στοά
tlg0059.tlg001	οὔτοι	1	exact	οὔτοι
tlg0059.tlg001	καλέω	1	exact	καλέω
tlg0059.tlg001	καταγιγνώσκω	1	exact	καταγιγνώσκω
tlg0059.tlg001	ἀγνώς	1	exact	ἀγνώς
tlg0059.tlg001	δῆμος	1	exact	δῆμος
tlg0059.tlg001	τετανόθριξ	1	exact	τετανόθριξ
tlg0059.tlg001	εὐγένειος	1	exact	εὐγένειος
tlg0059.tlg001	ἐπίγρυπος	1	exact	ἐπίγρυπος
tlg0059.tlg001	ἀγεννής	1	exact	ἀγεννής
tlg0059.tlg001	φαῦλος	1	exact	φαῦλος
tlg0059.tlg001	ἀμαθία	1	exact	ἀμαθία
tlg0059.tlg001	ἡλικιώτης	1	exact	ἡλικιώτης
tlg0059.tlg001	κατηγορέω	1	exact	κατηγορέω
tlg0059.tlg001	πολιτικός	1	exact	πολιτικός
tlg0059.tlg001	φυτόν	1	exact	φυτόν
tlg0059.tlg001	ἐκκαθαίρω	1	exact	ἐκκαθαίρω
tlg0059.tlg001	βλάστη	1	exact	βλάστη
tlg0059.tlg001	ἔπειτα	1	exact	ἔπειτα
tlg0059.tlg001	αἴτιος	1	exact	αἴτιος
tlg0059.tlg001	συμβαίνω	1	exact	συμβαίνω
tlg0059.tlg001	ὀρρωδέω	1	exact	ὀρρωδέω
tlg0059.tlg001	ἑστία	1	exact	ἑστία
tlg0059.tlg001	κακουργέω	1	exact	κακουργέω
tlg0059.tlg001	ἄτοπος	1	exact	ἄτοπος
tlg0059.tlg001	καινός	1	exact	καινός
tlg0059.tlg001	ἀρχαῖος	1	exact	ἀρχαῖος
tlg0059.tlg001	δαιμόνιον	1	exact	δαιμόνιον
tlg0059.tlg001	ἑκάστοτε	1	exact	ἑκάστοτε
tlg0059.tlg001	διαβάλλω	1	exact	διαβάλλω
tlg0059.tlg001	εὐδιάβολος	1	exact	εὐδιάβολος
tlg0059.tlg001	ἐκκλησία	1	exact	ἐκκλησία
tlg0059.tlg001	καίτοι	1	exact	καίτοι
tlg0059.tlg001	φθονέω	1	exact	φθονέω
tlg0059.tlg001	ὁμόσε	1	exact	ὁμόσε
tlg0059.tlg001	σφόδρα	1	exact	σφόδρα
tlg0059.tlg001	διδασκαλικός	1	exact	διδασκαλικός
tlg0059.tlg001	θυμόω	1	exact	θυμόω
tlg0059.tlg001	φθόνος	1	exact	φθόνος
tlg0059.tlg001	σπάνιος	1	exact	σπάνιος
tlg0059.tlg001	παρέχω	1	exact	παρέχω
tlg0059.tlg001	φιλανθρωπία	1	exact	φιλανθρωπία
tlg0059.tlg001	ἐκκεχυμένως	1	exact	ἐκκεχυμένως
tlg0059.tlg001	ἄνευ	1	exact	ἄνευ
tlg0059.tlg001	μισθός	1	exact	μισθός
tlg0059.tlg001	προστίθημι	1	exact	προστίθημι
tlg0059.tlg001	ἀηδής	1	exact	ἀηδής
tlg0059.tlg001	παίζω	1	exact	παίζω
tlg0059.tlg001	γελάω	1	exact	γελάω
tlg0059.tlg001	διάγω	1	exact	διάγω
tlg0059.tlg001	σπουδάζω	1	exact	σπουδάζω
tlg0059.tlg001	ἀποβαίνω	1	exact	ἀποβαίνω
tlg0059.tlg001	ἄδηλος	1	exact	ἄδηλος
tlg0059.tlg001	πλήν	1	exact	πλήν
tlg0059.tlg001	μάντις	1	exact	μάντις
tlg0059.tlg001	ἀγωνίζομαι	1	exact	ἀγωνίζομαι
tlg0059.tlg001	ἔγκλημα	1	exact	ἔγκλημα
tlg0059.tlg001	ἀγνοέω	1	exact	ἀγνοέω
tlg0059.tlg001	ἐπιτυγχάνω	1	exact	ἐπιτυγχάνω
tlg0059.tlg001	ἐλαύνω	1	exact	ἐλαύνω
tlg0059.tlg001	νή	1	exact	νή
tlg0059.tlg001	ἐπέξειμι	1	exact	ἐπέξειμι
tlg0059.tlg001	γέλοιος	1	exact	γέλοιος
tlg0059.tlg001	φυλάσσω	1	exact	φυλάσσω
tlg0059.tlg001	συνέστιος	1	exact	συνέστιος
tlg0059.tlg001	ὁμοτράπεζος	1	exact	ὁμοτράπεζος
tlg0059.tlg001	ἴσος	1	exact	ἴσος
tlg0059.tlg001	μίασμα	1	exact	μίασμα
tlg0059.tlg001	συνέρχομαι	1	exact	συνέρχομαι
tlg0059.tlg001	σύνοιδα	1	exact	σύνοιδα
tlg0059.tlg001	ἀφοσιόω	1	exact	ἀφοσιόω
tlg0059.tlg001	πελάτης	1	exact	πελάτης
tlg0059.tlg001	γεωργέω	1	exact	γεωργέω
tlg0059.tlg001	παροινέω	1	exact	παροινέω
tlg0059.tlg001	οἰκέτης	1	exact	οἰκέτης
tlg0059.tlg001	ἀποσφάζω	1	exact	ἀποσφάζω
tlg0059.tlg001	πούς	1	exact	πούς
tlg0059.tlg001	χείρ	1	exact	χείρ
tlg0059.tlg001	τάφρος	1	exact	τάφρος
tlg0059.tlg001	πέμπω	1	exact	πέμπω
tlg0059.tlg001	δεῦρο	1	exact	δεῦρο
tlg0059.tlg001	ὀλιγωρέω	1	exact	ὀλιγωρέω
tlg0059.tlg001	ἀμελέω	1	exact	ἀμελέω
tlg0059.tlg001	λιμός	1	exact	λιμός
tlg0059.tlg001	ῥῖγος	1	exact	ῥῖγος
tlg0059.tlg001	ἄγγελος	1	exact	ἄγγελος
tlg0059.tlg001	ἀγανακτέω	1	exact	ἀγανακτέω
tlg0059.tlg001	ὄφελος	1	exact	ὄφελος
tlg0059.tlg001	κρατύς	1	exact	κρατύς
tlg0059.tlg001	πρό	1	exact	πρό
tlg0059.tlg001	ἔμπροσθεν	1	exact	ἔμπροσθεν
tlg0059.tlg001	διδάσκαλος	1	exact	διδάσκαλος
tlg0059.tlg001	λαγχάνω	1	exact	λαγχάνω
tlg0059.tlg001	νουθετέω	1	exact	νουθετέω
tlg0059.tlg001	πείθω	1	exact	πείθω
tlg0059.tlg001	ἀντί	1	exact	ἀντί
tlg0059.tlg001	εὑρίσκω	1	exact	εὑρίσκω
tlg0059.tlg001	σαθρός	1	exact	σαθρός
tlg0059.tlg001	ὀξύς	1	exact	ὀξύς
tlg0059.tlg001	ὅμοιος	1	exact	ὅμοιος
tlg0059.tlg001	ἀνοσιότης	1	exact	ἀνοσιότης
tlg0059.tlg001	πάντως	1	exact	πάντως
tlg0059.tlg001	κλοπή	1	exact	κλοπή
tlg0059.tlg001	θεάομαι	1	exact	θεάομαι
tlg0059.tlg001	νόμος	1	exact	νόμος
tlg0059.tlg001	ἐπιτρέπω	1	exact	ἐπιτρέπω
tlg0059.tlg001	ἀσεβέω	1	exact	ἀσεβέω
tlg0059.tlg001	καταπίνω	1	exact	καταπίνω
tlg0059.tlg001	ἐκτέμνω	1	exact	ἐκτέμνω
tlg0059.tlg001	χαλεπαίνω	1	exact	χαλεπαίνω
tlg0059.tlg001	οὕνεκα	1	exact	οὕνεκα
tlg0059.tlg001	δυσχερής	1	exact	δυσχερής
tlg0059.tlg001	διό	1	exact	διό
tlg0059.tlg001	συνδοκέω	1	exact	συνδοκέω
tlg0059.tlg001	μηδείς	1	exact	μηδείς
tlg0059.tlg001	φίλιος	1	exact	φίλιος
tlg0059.tlg001	μάχη	1	exact	μάχη
tlg0059.tlg001	γραφεύς	1	exact	γραφεύς
tlg0059.tlg001	πέπλος	1	exact	πέπλος
tlg0059.tlg001	μεστός	1	exact	μεστός
tlg0059.tlg001	ποίκιλμα	1	exact	ποίκιλμα
tlg0059.tlg001	ἀνάγω	1	exact	ἀνάγω
tlg0059.tlg001	ἀκρόπολις	1	exact	ἀκρόπολις
tlg0059.tlg001	ἐκπλήσσω	1	exact	ἐκπλήσσω
tlg0059.tlg001	σχολή	1	exact	σχολή
tlg0059.tlg001	διακελεύομαι	1	exact	διακελεύομαι
tlg0059.tlg001	δύο	1	exact	δύο
tlg0059.tlg001	εἶδος	1	exact	εἶδος
tlg0059.tlg001	ἑός	1	exact	ἑός
tlg0059.tlg001	μνημονεύω	1	exact	μνημονεύω
tlg0059.tlg001	ἀποβλέπω	1	exact	ἀποβλέπω
tlg0059.tlg001	παράδειγμα	1	exact	παράδειγμα
tlg0059.tlg001	ζητέω	1	exact	ζητέω
tlg0059.tlg001	ἐπεκδιδάσκω	1	exact	ἐπεκδιδάσκω
tlg0059.tlg001	ὀργή	1	exact	ὀργή
tlg0059.tlg001	ὧδε	1	exact	ὧδε
tlg0059.tlg001	ὁπότερος	1	exact	ὁπότερος
tlg0059.tlg001	λογισμός	1	exact	λογισμός
tlg0059.tlg001	μετρέω	1	exact	μετρέω
tlg0059.tlg001	ἵστημι	1	exact	ἵστημι
tlg0059.tlg001	βαρύς	1	exact	βαρύς
tlg0059.tlg001	κοῦφος	1	exact	κοῦφος
tlg0059.tlg001	διακρίνω	1	exact	διακρίνω
tlg0059.tlg001	πρόχειρος	1	exact	πρόχειρος
tlg0059.tlg001	γενναῖος	1	exact	γενναῖος
tlg0059.tlg001	πολεμέω	1	exact	πολεμέω
tlg0059.tlg001	θαυμαστός	1	exact	θαυμαστός
tlg0059.tlg001	οὐρανός	1	exact	οὐρανός
tlg0059.tlg001	Ἥρα	1	exact	Ἥρα
tlg0059.tlg001	ἄλλοθι	1	exact	ἄλλοθι
tlg0059.tlg001	σφεῖς	1	exact	σφεῖς
tlg0059.tlg001	οὐδαμῶς	1	exact	οὐδαμῶς
tlg0059.tlg001	πότε	1	exact	πότε
tlg0059.tlg001	φθάνω	1	exact	φθάνω
tlg0059.tlg001	τελευτάω	1	exact	τελευτάω
tlg0059.tlg001	ἐπισκήπτω	1	exact	ἐπισκήπτω
tlg0059.tlg001	ἐγκωμιάζω	1	exact	ἐγκωμιάζω
tlg0059.tlg001	οὐδέποτε	1	exact	οὐδέποτε
tlg0059.tlg001	ἐπιδείκνυμι	1	exact	ἐπιδείκνυμι
tlg0059.tlg001	δικαστής	1	exact	δικαστής
tlg0059.tlg001	δυσμαθής	1	exact	δυσμαθής
tlg0059.tlg001	θάνατος	1	exact	θάνατος
tlg0059.tlg001	ἐπανορθόω	1	exact	ἐπανορθόω
tlg0059.tlg001	οὐδέτερος	1	exact	οὐδέτερος
tlg0059.tlg001	ἀμφότερος	1	exact	ἀμφότερος
tlg0059.tlg001	κωλύω	1	exact	κωλύω
tlg0059.tlg001	ὑποτίθημι	1	exact	ὑποτίθημι
tlg0059.tlg001	ὑπισχνέομαι	1	exact	ὑπισχνέομαι
tlg0059.tlg001	τάχα	1	exact	τάχα
tlg0059.tlg001	ᾗ	1	exact	ᾗ
tlg0059.tlg001	πότερος	1	exact	πότερος
tlg0059.tlg001	κατάδηλος	1	exact	κατάδηλος
tlg0059.tlg001	παντάπασι	1	exact	παντάπασι
tlg0059.tlg001	οὐσία	1	exact	οὐσία
tlg0059.tlg001	δηλόω	1	exact	δηλόω
tlg0059.tlg001	πάθος	1	exact	πάθος
tlg0059.tlg001	νοέω	1	exact	νοέω
tlg0059.tlg001	ἀεί	1	exact	ἀεί
tlg0059.tlg001	προθέω	1	exact	προθέω
tlg0059.tlg001	πρόγονος	1	exact	πρόγονος
tlg0059.tlg001	ἐπισκώπτω	1	exact	ἐπισκώπτω
tlg0059.tlg001	συγγένεια	1	exact	συγγένεια
tlg0059.tlg001	ἀποδιδράσκω	1	exact	ἀποδιδράσκω
tlg0059.tlg001	ὑπόθεσις	1	exact	ὑπόθεσις
tlg0059.tlg001	σχεδόν	1	exact	σχεδόν
tlg0059.tlg001	ἐντίθημι	1	exact	ἐντίθημι
tlg0059.tlg001	δῆτα	1	exact	δῆτα
tlg0059.tlg001	κομψός	1	exact	κομψός
tlg0059.tlg001	ἀέκων	1	exact	ἀέκων
tlg0059.tlg001	ἀκίνητος	1	exact	ἀκίνητος
tlg0059.tlg001	χρῆμα	1	exact	χρῆμα
tlg0059.tlg001	ἅδην	1	exact	ἅδην
tlg0059.tlg001	συμπροθυμέομαι	1	exact	συμπροθυμέομαι
tlg0059.tlg001	δείκνυμι	1	exact	δείκνυμι
tlg0059.tlg001	προαποκάμνω	1	exact	προαποκάμνω
tlg0059.tlg001	ἀναγκαῖος	1	exact	ἀναγκαῖος
tlg0059.tlg001	πλοῦτος	1	exact	πλοῦτος
tlg0059.tlg001	μακάριος	1	exact	μακάριος
tlg0059.tlg001	συντείνω	1	exact	συντείνω
tlg0059.tlg001	χαλεπός	1	exact	χαλεπός
tlg0059.tlg001	κατανοέω	1	exact	κατανοέω
tlg0059.tlg001	ἔρδω	1	exact	ἔρδω
tlg0059.tlg001	φυτεύω	1	exact	φυτεύω
tlg0059.tlg001	δόξα	1	exact	δόξα
tlg0059.tlg001	πονηρία	1	exact	πονηρία
tlg0059.tlg001	ἐξευρίσκω	1	exact	ἐξευρίσκω
tlg0059.tlg001	ἄρτιος	1	exact	ἄρτιος
tlg0059.tlg001	σκαληνός	1	exact	σκαληνός
tlg0059.tlg001	ἰσοσκελής	1	exact	ἰσοσκελής
tlg0059.tlg001	μηκέτι	1	exact	μηκέτι
tlg0059.tlg001	λοιπός	1	exact	λοιπός
tlg0059.tlg001	μικρός	1	exact	μικρός
tlg0059.tlg001	ἐνδεής	1	exact	ἐνδεής
tlg0059.tlg001	εὐσέβεια	1	exact	εὐσέβεια
tlg0059.tlg001	διαπράσσω	1	exact	διαπράσσω
tlg0059.tlg001	ὡσαύτως	1	exact	ὡσαύτως
tlg0059.tlg001	βλάβη	1	exact	βλάβη
tlg0059.tlg001	ἀνέρομαι	1	exact	ἀνέρομαι
tlg0059.tlg001	εἶεν	1	exact	εἶεν
tlg0059.tlg001	δοῦλος	1	exact	δοῦλος
tlg0059.tlg001	ἰατρός	1	exact	ἰατρός
tlg0059.tlg001	ὑγίεια	1	exact	ὑγίεια
tlg0059.tlg001	ναυπηγός	1	exact	ναυπηγός
tlg0059.tlg001	πλοῖον	1	exact	πλοῖον
tlg0059.tlg001	οἰκόδομος	1	exact	οἰκόδομος
tlg0059.tlg001	οἰκία	1	exact	οἰκία
tlg0059.tlg001	ὑπηρέτης	1	exact	ὑπηρέτης
tlg0059.tlg001	στρατηγός	1	exact	στρατηγός
tlg0059.tlg001	νίκη	1	exact	νίκη
tlg0059.tlg001	γῆ	1	exact	γῆ
tlg0059.tlg001	τροφή	1	exact	τροφή
tlg0059.tlg001	ἐργασία	1	exact	ἐργασία
tlg0059.tlg001	ἁπλῶς	1	exact	ἁπλῶς
tlg0059.tlg001	ἴδιος	1	exact	ἴδιος
tlg0059.tlg001	οἶκος	1	exact	οἶκος
tlg0059.tlg001	κοινός	1	exact	κοινός
tlg0059.tlg001	ἀνατρέπω	1	exact	ἀνατρέπω
tlg0059.tlg001	ἀπόλλυμι	1	exact	ἀπόλλυμι
tlg0059.tlg001	βραχύς	1	exact	βραχύς
tlg0059.tlg001	ἀποτρέπω	1	exact	ἀποτρέπω
tlg0059.tlg001	ἀκολουθέω	1	exact	ἀκολουθέω
tlg0059.tlg001	ὑπάγω	1	exact	ὑπάγω
tlg0059.tlg001	δωρέω	1	exact	δωρέω
tlg0059.tlg001	αἴτησις	1	exact	αἴτησις
tlg0059.tlg001	δόσις	1	exact	δόσις
tlg0059.tlg001	ἐπιθυμητής	1	exact	ἐπιθυμητής
tlg0059.tlg001	χαμαί	1	exact	χαμαί
tlg0059.tlg001	πίπτω	1	exact	πίπτω
tlg0059.tlg001	ὑπηρεσία	1	exact	ὑπηρεσία
tlg0059.tlg001	ἀντιδωρέομαι	1	exact	ἀντιδωρέομαι
tlg0059.tlg001	δωροφορέω	1	exact	δωροφορέω
tlg0059.tlg001	πλεονεκτέω	1	exact	πλεονεκτέω
tlg0059.tlg001	ἐμπορία	1	exact	ἐμπορία
tlg0059.tlg001	δήποτε	1	exact	δήποτε
tlg0059.tlg001	τιμή	1	exact	τιμή
tlg0059.tlg001	γέρας	1	exact	γέρας
tlg0059.tlg001	χάρις	1	exact	χάρις
tlg0059.tlg001	ὠφέλιμος	1	exact	ὠφέλιμος
tlg0059.tlg001	αἰτιάομαι	1	exact	αἰτιάομαι
tlg0059.tlg001	κύκλος	1	exact	κύκλος
tlg0059.tlg001	αἰσθάνομαι	1	exact	αἰσθάνομαι
tlg0059.tlg001	ἥκω	1	exact	ἥκω
tlg0059.tlg001	πρόσθεν	1	exact	πρόσθεν
tlg0059.tlg001	τότε	1	exact	τότε
tlg0059.tlg001	ἑκών	1	exact	ἑκών
tlg0059.tlg001	ἀποδειλιάω	1	exact	ἀποδειλιάω
tlg0059.tlg001	ἀτιμάζω	1	exact	ἀτιμάζω
tlg0059.tlg001	ἀλήθεια	1	exact	ἀλήθεια
tlg0059.tlg001	Πρωτεύς	1	exact	Πρωτεύς
tlg0059.tlg001	θής	1	exact	θής
tlg0059.tlg001	παρακινδυνεύω	1	exact	παρακινδυνεύω
tlg0059.tlg001	αἰσχύνω	1	exact	αἰσχύνω
tlg0059.tlg001	σπεύδω	1	exact	σπεύδω
tlg0059.tlg001	ποι	1	exact	ποι
tlg0059.tlg001	ὥρα	1	exact	ὥρα
tlg0059.tlg001	ἐλπίς	1	exact	ἐλπίς
tlg0059.tlg001	οὐκέτι	1	exact	οὐκέτι
tlg0059.tlg001	ἄγνοια	1	exact	ἄγνοια
tlg0059.tlg001	βίος	1	exact	βίος
tlg0059.tlg001	βιόω	1	exact	βιόω
tlg0059.tlg002	ὁ	602	exact	ὁ
tlg0059.tlg002	καί	470	exact	καί
tlg0059.tlg002	ἐγώ	318	exact	ἐγώ
tlg0059.tlg002	εἰμί	286	exact	εἰμί
tlg0059.tlg002	οὗτος	247	exact	οὗτος
tlg0059.tlg002	οὐ	196	exact	οὐ
tlg0059.tlg002	δέ	183	exact	δέ
tlg0059.tlg002	σύ	168	exact	σύ
tlg0059.tlg002	λέγω	144	exact	λέγω
tlg0059.tlg002	τις	144	exact	τις
tlg0059.tlg002	γάρ	124	exact	γάρ
tlg0059.tlg002	ἄν	116	exact	ἄν
tlg0059.tlg002	ὅς	109	exact	ὅς
tlg0059.tlg002	μέν	106	exact	μέν
tlg0059.tlg002	ὦ	104	exact	ὦ
tlg0059.tlg002	αὐτός	103	exact	αὐτός
tlg0059.tlg002	εἰ	96	exact	εἰ
tlg0059.tlg002	ἀλλά	91	exact	ἀλλά
tlg0059.tlg002	ἀνήρ	90	exact	ἀνήρ
tlg0059.tlg002	ἤ	87	exact	ἤ
tlg0059.tlg002	μή	86	exact	μή
tlg0059.tlg002	πολύς	83	exact	πολύς
tlg0059.tlg002	ἄλλος	83	exact	ἄλλος
tlg0059.tlg002	ὅτι	75	exact	ὅτι
tlg0059.tlg002	οὖν	68	exact	οὖν
tlg0059.tlg002	ὡς	68	exact	ὡς
tlg0059.tlg002	τε	63	exact	τε
tlg0059.tlg002	οὐδείς	60	exact	οὐδείς
tlg0059.tlg002	δή	59	exact	δή
tlg0059.tlg002	ἀγαθός	54	exact	ἀγαθός
tlg0059.tlg002	ἐν	53	exact	ἐν
tlg0059.tlg002	οἴομαι	52	exact	οἴομαι
tlg0059.tlg002	θεός	51	exact	θεός
tlg0059.tlg002	ποιέω	48	exact	ποιέω
tlg0059.tlg002	δοκέω	47	exact	δοκέω
tlg0059.tlg002	δέω	44	exact	δέω
tlg0059.tlg002	γίγνομαι	44	exact	γίγνομαι
tlg0059.tlg002	γε	43	exact	γε
tlg0059.tlg002	ἔχω	43	exact	ἔχω
tlg0059.tlg002	οἶδα	42	exact	οἶδα
tlg0059.tlg002	φημί	39	exact	φημί
tlg0059.tlg002	ἄνθρωπος	36	exact	ἄνθρωπος
tlg0059.tlg002	οὕτως	35	exact	οὕτως
tlg0059.tlg002	σοφός	35	exact	σοφός
tlg0059.tlg002	πρός	33	exact	πρός
tlg0059.tlg002	τοιοῦτος	32	exact	τοιοῦτος
tlg0059.tlg002	ὥσπερ	31	exact	ὥσπερ
tlg0059.tlg002	ἐπί	31	exact	ἐπί
tlg0059.tlg002	πᾶς	30	exact	πᾶς
tlg0059.tlg002	ὑπό	29	exact	ὑπό
tlg0059.tlg002	λόγος	29	exact	λόγος
tlg0059.tlg002	πείθω	28	exact	πείθω
tlg0059.tlg002	νομίζω	28	exact	νομίζω
tlg0059.tlg002	οἷος	28	exact	οἷος
tlg0059.tlg002	περί	28	exact	περί
tlg0059.tlg002	μάλα	27	exact	μάλα
tlg0059.tlg002	ἀκούω	26	exact	ἀκούω
tlg0059.tlg002	τίς	26	exact	τίς
tlg0059.tlg002	θάνατος	25	exact	θάνατος
tlg0059.tlg002	νῦν	24	exact	νῦν
tlg0059.tlg002	κακός	24	exact	κακός
tlg0059.tlg002	ἀληθής	23	exact	ἀληθής
tlg0059.tlg002	ἐάν	23	exact	ἐάν
tlg0059.tlg002	μέγας	23	exact	μέγας
tlg0059.tlg002	ἐμαυτοῦ	22	exact	ἐμαυτοῦ
tlg0059.tlg002	δίκαιος	22	exact	δίκαιος
tlg0059.tlg002	ἔρχομαι	22	exact	ἔρχομαι
tlg0059.tlg002	πράσσω	22	exact	πράσσω
tlg0059.tlg002	νέος	22	exact	νέος
tlg0059.tlg002	ὅστις	21	exact	ὅστις
tlg0059.tlg002	ἐκεῖνος	21	exact	ἐκεῖνος
tlg0059.tlg002	ἐκ	21	exact	ἐκ
tlg0059.tlg002	πόλις	21	exact	πόλις
tlg0059.tlg002	διαφθείρω	21	exact	διαφθείρω
tlg0059.tlg002	ἴσως	20	exact	ἴσως
tlg0059.tlg002	ὥστε	20	exact	ὥστε
tlg0059.tlg002	μηδείς	19	exact	μηδείς
tlg0059.tlg002	ἑαυτοῦ	18	exact	ἑαυτοῦ
tlg0059.tlg002	διδάσκω	17	exact	διδάσκω
tlg0059.tlg002	ἐμός	16	exact	ἐμός
tlg0059.tlg002	κατά	16	exact	κατά
tlg0059.tlg002	εἰς	16	exact	εἰς
tlg0059.tlg002	διά	16	exact	διά
tlg0059.tlg002	χρόνος	16	exact	χρόνος
tlg0059.tlg002	πάνυ	15	exact	πάνυ
tlg0059.tlg002	τιμάω	15	exact	τιμάω
tlg0059.tlg002	ὀλίγος	14	exact	ὀλίγος
tlg0059.tlg002	κατηγορέω	14	exact	κατηγορέω
tlg0059.tlg002	καλός	14	exact	καλός
tlg0059.tlg002	ἀποκτείνω	14	exact	ἀποκτείνω
tlg0059.tlg002	κατήγορος	13	exact	κατήγορος
tlg0059.tlg002	δικαστής	13	exact	δικαστής
tlg0059.tlg002	ἤδη	13	exact	ἤδη
tlg0059.tlg002	ἡγέομαι	13	exact	ἡγέομαι
tlg0059.tlg002	ἀποκρίνω	13	exact	ἀποκρίνω
tlg0059.tlg002	χρῆμα	13	exact	χρῆμα
tlg0059.tlg002	μέλλω	13	exact	μέλλω
tlg0059.tlg002	ὅδε	12	exact	ὅδε
tlg0059.tlg002	ἀπολογέομαι	12	exact	ἀπολογέομαι
tlg0059.tlg002	πρότερος	12	exact	πρότερος
tlg0059.tlg002	διαβολή	12	exact	διαβολή
tlg0059.tlg002	ἀδικέω	12	exact	ἀδικέω
tlg0059.tlg002	πρᾶγμα	12	exact	πρᾶγμα
tlg0059.tlg002	σοφία	12	exact	σοφία
tlg0059.tlg002	μετά	12	exact	μετά
tlg0059.tlg002	εἷς	11	exact	εἷς
tlg0059.tlg002	δεινός	11	exact	δεινός
tlg0059.tlg002	μέντοι	11	exact	μέντοι
tlg0059.tlg002	ἀρετή	11	exact	ἀρετή
tlg0059.tlg002	τοσοῦτος	11	exact	τοσοῦτος
tlg0059.tlg002	αὖ	11	exact	αὖ
tlg0059.tlg002	πώποτε	11	exact	πώποτε
tlg0059.tlg002	ἐξετάζω	11	exact	ἐξετάζω
tlg0059.tlg002	ὅπως	11	exact	ὅπως
tlg0059.tlg002	ἵνα	10	exact	ἵνα
tlg0059.tlg002	βούλομαι	10	exact	βούλομαι
tlg0059.tlg002	νόμος	10	exact	νόμος
tlg0059.tlg002	ἕκαστος	10	exact	ἕκαστος
tlg0059.tlg002	ποτέ	10	exact	ποτέ
tlg0059.tlg002	εὖ	10	exact	εὖ
tlg0059.tlg002	ἐνταῦθα	10	exact	ἐνταῦθα
tlg0059.tlg002	παρά	10	exact	παρά
tlg0059.tlg002	ἐπιμελέομαι	10	exact	ἐπιμελέομαι
tlg0059.tlg002	πάσχω	9	exact	πάσχω
tlg0059.tlg002	ἄρα	9	exact	ἄρα
tlg0059.tlg002	ὄνομα	9	exact	ὄνομα
tlg0059.tlg002	τυγχάνω	9	exact	τυγχάνω
tlg0059.tlg002	ὅσος	9	exact	ὅσος
tlg0059.tlg002	ὁράω	9	exact	ὁράω
tlg0059.tlg002	μικρός	9	exact	μικρός
tlg0059.tlg002	κινδυνεύω	9	exact	κινδυνεύω
tlg0059.tlg002	ἄξιος	9	exact	ἄξιος
tlg0059.tlg002	οἰκεῖος	9	exact	οἰκεῖος
tlg0059.tlg002	ζάω	9	exact	ζάω
tlg0059.tlg002	βίος	9	exact	βίος
tlg0059.tlg002	ἀλήθεια	8	exact	ἀλήθεια
tlg0059.tlg002	δήπου	8	exact	δήπου
tlg0059.tlg002	παῖς	8	exact	παῖς
tlg0059.tlg002	ἔτι	8	exact	ἔτι
tlg0059.tlg002	ἕτερος	8	exact	ἕτερος
tlg0059.tlg002	χαλεπός	8	exact	χαλεπός
tlg0059.tlg002	ἀρχή	8	exact	ἀρχή
tlg0059.tlg002	διαλέγω	8	exact	διαλέγω
tlg0059.tlg002	υἱός	8	exact	υἱός
tlg0059.tlg002	λαμβάνω	8	exact	λαμβάνω
tlg0059.tlg002	ἀδελφός	8	exact	ἀδελφός
tlg0059.tlg002	ἅπας	8	exact	ἅπας
tlg0059.tlg002	ὑπέρ	8	exact	ὑπέρ
tlg0059.tlg002	ῥᾴδιος	8	exact	ῥᾴδιος
tlg0059.tlg002	δῆλος	8	exact	δῆλος
tlg0059.tlg002	εἰσάγω	8	exact	εἰσάγω
tlg0059.tlg002	ἵππος	8	exact	ἵππος
tlg0059.tlg002	ἐργάζομαι	8	exact	ἐργάζομαι
tlg0059.tlg002	δαίμων	8	exact	δαίμων
tlg0059.tlg002	καταψηφίζομαι	8	exact	καταψηφίζομαι
tlg0059.tlg002	ἐναντιόομαι	8	exact	ἐναντιόομαι
tlg0059.tlg002	ἄγω	8	exact	ἄγω
tlg0059.tlg002	καίτοι	7	exact	καίτοι
tlg0059.tlg002	χρή	7	exact	χρή
tlg0059.tlg002	φαίνω	7	exact	φαίνω
tlg0059.tlg002	Ζεύς	7	exact	Ζεύς
tlg0059.tlg002	θορυβέω	7	exact	θορυβέω
tlg0059.tlg002	σκοπέω	7	exact	σκοπέω
tlg0059.tlg002	γραφή	7	exact	γραφή
tlg0059.tlg002	ἐκεῖ	7	exact	ἐκεῖ
tlg0059.tlg002	παρέχω	7	exact	παρέχω
tlg0059.tlg002	πολιτικός	7	exact	πολιτικός
tlg0059.tlg002	ἐπίσταμαι	7	exact	ἐπίσταμαι
tlg0059.tlg002	δείδω	7	exact	δείδω
tlg0059.tlg002	εὑρίσκω	7	exact	εὑρίσκω
tlg0059.tlg002	πότερος	7	exact	πότερος
tlg0059.tlg002	μέλω	7	exact	μέλω
tlg0059.tlg002	μόνος	7	exact	μόνος
tlg0059.tlg002	ἀεί	7	exact	ἀεί
tlg0059.tlg002	βλάπτω	7	exact	βλάπτω
tlg0059.tlg002	ἴδιος	7	exact	ἴδιος
tlg0059.tlg002	αἱρέω	7	exact	αἱρέω
tlg0059.tlg002	κίνδυνος	7	exact	κίνδυνος
tlg0059.tlg002	πρέσβυς	7	exact	πρέσβυς
tlg0059.tlg002	νύξ	7	exact	νύξ
tlg0059.tlg002	ψεύδω	6	exact	ψεύδω
tlg0059.tlg002	ἄτεχνος	6	exact	ἄτεχνος
tlg0059.tlg002	ἔπειτα	6	exact	ἔπειτα
tlg0059.tlg002	ζητέω	6	exact	ζητέω
tlg0059.tlg002	ἀξιόω	6	exact	ἀξιόω
tlg0059.tlg002	ἐπιχειρέω	6	exact	ἐπιχειρέω
tlg0059.tlg002	μάρτυς	6	exact	μάρτυς
tlg0059.tlg002	γιγνώσκω	6	exact	γιγνώσκω
tlg0059.tlg002	σύνειμι	6	exact	σύνειμι
tlg0059.tlg002	ἀπό	6	exact	ἀπό
tlg0059.tlg002	πολλάκις	6	exact	πολλάκις
tlg0059.tlg002	ἐθέλω	6	exact	ἐθέλω
tlg0059.tlg002	ἱκανός	6	exact	ἱκανός
tlg0059.tlg002	δεῦρο	6	exact	δεῦρο
tlg0059.tlg002	ἄδικος	6	exact	ἄδικος
tlg0059.tlg002	τότε	6	exact	τότε
tlg0059.tlg002	ἀφίημι	6	exact	ἀφίημι
tlg0059.tlg002	ἡμέρα	6	exact	ἡμέρα
tlg0059.tlg002	πατήρ	6	exact	πατήρ
tlg0059.tlg002	ἀποφεύγω	6	exact	ἀποφεύγω
tlg0059.tlg002	ἔργον	5	exact	ἔργον
tlg0059.tlg002	ἐπειδάν	5	exact	ἐπειδάν
tlg0059.tlg002	ἕνεκα	5	exact	ἕνεκα
tlg0059.tlg002	ἀναβαίνω	5	exact	ἀναβαίνω
tlg0059.tlg002	ξένος	5	exact	ξένος
tlg0059.tlg002	ἐνθάδε	5	exact	ἐνθάδε
tlg0059.tlg002	τρόπος	5	exact	τρόπος
tlg0059.tlg002	ὕστερος	5	exact	ὕστερος
tlg0059.tlg002	πάλαι	5	exact	πάλαι
tlg0059.tlg002	ἐλέγχω	5	exact	ἐλέγχω
tlg0059.tlg002	ὅμως	5	exact	ὅμως
tlg0059.tlg002	φίλος	5	exact	φίλος
tlg0059.tlg002	γράφω	5	exact	γράφω
tlg0059.tlg002	δίκη	5	exact	δίκη
tlg0059.tlg002	ἐπεί	5	exact	ἐπεί
tlg0059.tlg002	ὑπολαμβάνω	5	exact	ὑπολαμβάνω
tlg0059.tlg002	τάχα	5	exact	τάχα
tlg0059.tlg002	τελευτάω	5	exact	τελευτάω
tlg0059.tlg002	χρησμός	5	exact	χρησμός
tlg0059.tlg002	ἔοικα	5	exact	ἔοικα
tlg0059.tlg002	ποιητής	5	exact	ποιητής
tlg0059.tlg002	μανθάνω	5	exact	μανθάνω
tlg0059.tlg002	βοηθέω	5	exact	βοηθέω
tlg0059.tlg002	ἐνδείκνυμι	5	exact	ἐνδείκνυμι
tlg0059.tlg002	αἰσχρός	5	exact	αἰσχρός
tlg0059.tlg002	δύναμαι	5	exact	δύναμαι
tlg0059.tlg002	δαιμόνιος	5	exact	δαιμόνιος
tlg0059.tlg002	νυνί	5	exact	νυνί
tlg0059.tlg002	τιμωρέω	5	exact	τιμωρέω
tlg0059.tlg002	τάσσω	5	exact	τάσσω
tlg0059.tlg002	διαφέρω	5	exact	διαφέρω
tlg0059.tlg002	ὀνειδίζω	5	exact	ὀνειδίζω
tlg0059.tlg002	κρίνω	5	exact	κρίνω
tlg0059.tlg002	ὀρθός	5	exact	ὀρθός
tlg0059.tlg002	ἐκτίνω	5	exact	ἐκτίνω
tlg0059.tlg002	ἀπαλλάσσω	5	exact	ἀπαλλάσσω
tlg0059.tlg002	θαυμάζω	4	exact	θαυμάζω
tlg0059.tlg002	αἰσχύνω	4	exact	αἰσχύνω
tlg0059.tlg002	ῥήτωρ	4	exact	ῥήτωρ
tlg0059.tlg002	πρέπω	4	exact	πρέπω
tlg0059.tlg002	ἔτος	4	exact	ἔτος
tlg0059.tlg002	φοβέω	4	exact	φοβέω
tlg0059.tlg002	γῆ	4	exact	γῆ
tlg0059.tlg002	ἥσσων	4	exact	ἥσσων
tlg0059.tlg002	διαβάλλω	4	exact	διαβάλλω
tlg0059.tlg002	φεύγω	4	exact	φεύγω
tlg0059.tlg002	ἀλλήλων	4	exact	ἀλλήλων
tlg0059.tlg002	αἰσθάνομαι	4	exact	αἰσθάνομαι
tlg0059.tlg002	ἀνθρώπινος	4	exact	ἀνθρώπινος
tlg0059.tlg002	πόσος	4	exact	πόσος
tlg0059.tlg002	πειράω	4	exact	πειράω
tlg0059.tlg002	εἴπερ	4	exact	εἴπερ
tlg0059.tlg002	ἐντεῦθεν	4	exact	ἐντεῦθεν
tlg0059.tlg002	πάρειμι	4	exact	πάρειμι
tlg0059.tlg002	ἀπέρχομαι	4	exact	ἀπέρχομαι
tlg0059.tlg002	νή	4	exact	νή
tlg0059.tlg002	φαῦλος	4	exact	φαῦλος
tlg0059.tlg002	ἐπιδείκνυμι	4	exact	ἐπιδείκνυμι
tlg0059.tlg002	ἐρωτάω	4	exact	ἐρωτάω
tlg0059.tlg002	φιλοσοφέω	4	exact	φιλοσοφέω
tlg0059.tlg002	ἄρχω	4	exact	ἄρχω
tlg0059.tlg002	τεκμήριον	4	exact	τεκμήριον
tlg0059.tlg002	δαιμόνιον	4	exact	δαιμόνιον
tlg0059.tlg002	ὠφελέω	4	exact	ὠφελέω
tlg0059.tlg002	πάντως	4	exact	πάντως
tlg0059.tlg002	κελεύω	4	exact	κελεύω
tlg0059.tlg002	ἑκών	4	exact	ἑκών
tlg0059.tlg002	ἀέκων	4	exact	ἀέκων
tlg0059.tlg002	θαυμάσιος	4	exact	θαυμάσιος
tlg0059.tlg002	ἐναντίος	4	exact	ἐναντίος
tlg0059.tlg002	ὅταν	4	exact	ὅταν
tlg0059.tlg002	ἁλίσκομαι	4	exact	ἁλίσκομαι
tlg0059.tlg002	δημόσιος	4	exact	δημόσιος
tlg0059.tlg002	συμβαίνω	4	exact	συμβαίνω
tlg0059.tlg002	προστάσσω	4	exact	προστάσσω
tlg0059.tlg002	ἐξέρχομαι	4	exact	ἐξέρχομαι
tlg0059.tlg002	ψῆφος	4	exact	ψῆφος
tlg0059.tlg002	ἐθίζω	4	exact	ἐθίζω
tlg0059.tlg002	ἔπος	3	exact	ἔπος
tlg0059.tlg002	αὐτίκα	3	exact	αὐτίκα
tlg0059.tlg002	καλέω	3	exact	καλέω
tlg0059.tlg002	μά	3	exact	μά
tlg0059.tlg002	πιστεύω	3	exact	πιστεύω
tlg0059.tlg002	ἡλικία	3	exact	ἡλικία
tlg0059.tlg002	μειράκιον	3	exact	μειράκιον
tlg0059.tlg002	εἰσέρχομαι	3	exact	εἰσέρχομαι
tlg0059.tlg002	δικαστήριον	3	exact	δικαστήριον
tlg0059.tlg002	φωνή	3	exact	φωνή
tlg0059.tlg002	νόος	3	exact	νόος
tlg0059.tlg002	κρατύς	3	exact	κρατύς
tlg0059.tlg002	πλήν	3	exact	πλήν
tlg0059.tlg002	ἀναβιβάζω	3	exact	ἀναβιβάζω
tlg0059.tlg002	ἐνταυθοῖ	3	exact	ἐνταυθοῖ
tlg0059.tlg002	φάσκω	3	exact	φάσκω
tlg0059.tlg002	πως	3	exact	πως
tlg0059.tlg002	παιδεύω	3	exact	παιδεύω
tlg0059.tlg002	ἔξεστι	3	exact	ἔξεστι
tlg0059.tlg002	πολίτης	3	exact	πολίτης
tlg0059.tlg002	δίδωμι	3	exact	δίδωμι
tlg0059.tlg002	δύο	3	exact	δύο
tlg0059.tlg002	ἠμί	3	exact	ἠμί
tlg0059.tlg002	προσήκω	3	exact	προσήκω
tlg0059.tlg002	ἱππικός	3	exact	ἱππικός
tlg0059.tlg002	μνᾶ	3	exact	μνᾶ
tlg0059.tlg002	γοῦν	3	exact	γοῦν
tlg0059.tlg002	σός	3	exact	σός
tlg0059.tlg002	ἑταῖρος	3	exact	ἑταῖρος
tlg0059.tlg002	πλῆθος	3	exact	πλῆθος
tlg0059.tlg002	σφοδρός	3	exact	σφοδρός
tlg0059.tlg002	τολμάω	3	exact	τολμάω
tlg0059.tlg002	σύνοιδα	3	exact	σύνοιδα
tlg0059.tlg002	ἀπορέω	3	exact	ἀπορέω
tlg0059.tlg002	λυπέω	3	exact	λυπέω
tlg0059.tlg002	ἦ	3	exact	ἦ
tlg0059.tlg002	ἐπιεικής	3	exact	ἐπιεικής
tlg0059.tlg002	ἅμα	3	exact	ἅμα
tlg0059.tlg002	δέχομαι	3	exact	δέχομαι
tlg0059.tlg002	ἀμαθία	3	exact	ἀμαθία
tlg0059.tlg002	περιέρχομαι	3	exact	περιέρχομαι
tlg0059.tlg002	ἀστός	3	exact	ἀστός
tlg0059.tlg002	σχολή	3	exact	σχολή
tlg0059.tlg002	αὐτόματος	3	exact	αὐτόματος
tlg0059.tlg002	χαίρω	3	exact	χαίρω
tlg0059.tlg002	εἶτα	3	exact	εἶτα
tlg0059.tlg002	προσποιέω	3	exact	προσποιέω
tlg0059.tlg002	ἅτε	3	exact	ἅτε
tlg0059.tlg002	ἄχθομαι	3	exact	ἄχθομαι
tlg0059.tlg002	αἴτιος	3	exact	αἴτιος
tlg0059.tlg002	καινός	3	exact	καινός
tlg0059.tlg002	χαριεντίζομαι	3	exact	χαριεντίζομαι
tlg0059.tlg002	ἀγών	3	exact	ἀγών
tlg0059.tlg002	πῶς	3	exact	πῶς
tlg0059.tlg002	σφόδρα	3	exact	σφόδρα
tlg0059.tlg002	φροντίζω	3	exact	φροντίζω
tlg0059.tlg002	σαφής	3	exact	σαφής
tlg0059.tlg002	πονηρός	3	exact	πονηρός
tlg0059.tlg002	ἐγγύς	3	exact	ἐγγύς
tlg0059.tlg002	φέρω	3	exact	φέρω
tlg0059.tlg002	τηλικόσδε	3	exact	τηλικόσδε
tlg0059.tlg002	παύω	3	exact	παύω
tlg0059.tlg002	ἄτοπος	3	exact	ἄτοπος
tlg0059.tlg002	ἆρα	3	exact	ἆρα
tlg0059.tlg002	θεῖος	3	exact	θεῖος
tlg0059.tlg002	ἑτοῖμος	3	exact	ἑτοῖμος
tlg0059.tlg002	μένω	3	exact	μένω
tlg0059.tlg002	ἄρχων	3	exact	ἄρχων
tlg0059.tlg002	ἀπειθέω	3	exact	ἀπειθέω
tlg0059.tlg002	ἐντυγχάνω	3	exact	ἐντυγχάνω
tlg0059.tlg002	δόξα	3	exact	δόξα
tlg0059.tlg002	ψυχή	3	exact	ψυχή
tlg0059.tlg002	ἐξελαύνω	3	exact	ἐξελαύνω
tlg0059.tlg002	ἐγείρω	3	exact	ἐγείρω
tlg0059.tlg002	ἐνθένδε	3	exact	ἐνθένδε
tlg0059.tlg002	ἀμελέω	3	exact	ἀμελέω
tlg0059.tlg002	ὑμέτερος	3	exact	ὑμέτερος
tlg0059.tlg002	συμβουλεύω	3	exact	συμβουλεύω
tlg0059.tlg002	βουλεύω	3	exact	βουλεύω
tlg0059.tlg002	τριάκοντα	3	exact	τριάκοντα
tlg0059.tlg002	αἰτία	3	exact	αἰτία
tlg0059.tlg002	ταχύς	3	exact	ταχύς
tlg0059.tlg002	διατριβή	3	exact	διατριβή
tlg0059.tlg002	ἀγανακτέω	3	exact	ἀγανακτέω
tlg0059.tlg002	ἡσυχία	3	exact	ἡσυχία
tlg0059.tlg002	ὀφλισκάνω	3	exact	ὀφλισκάνω
tlg0059.tlg002	ἀξία	3	exact	ἀξία
tlg0059.tlg002	ἡδύς	3	exact	ἡδύς
tlg0059.tlg002	σημεῖον	3	exact	σημεῖον
tlg0059.tlg002	οὐδαμοῦ	3	exact	οὐδαμοῦ
tlg0059.tlg002	τόπος	3	exact	τόπος
tlg0059.tlg002	πιθανός	2	exact	πιθανός
tlg0059.tlg002	ἐξαπατάω	2	exact	ἐξαπατάω
tlg0059.tlg002	ἐξελέγχω	2	exact	ἐξελέγχω
tlg0059.tlg002	ὁπωσοῦν	2	exact	ὁπωσοῦν
tlg0059.tlg002	ἀναίσχυντος	2	exact	ἀναίσχυντος
tlg0059.tlg002	ὁμολογέω	2	exact	ὁμολογέω
tlg0059.tlg002	λέξις	2	exact	λέξις
tlg0059.tlg002	μετέωρος	2	exact	μετέωρος
tlg0059.tlg002	φήμη	2	exact	φήμη
tlg0059.tlg002	φθόνος	2	exact	φθόνος
tlg0059.tlg002	χράω	2	exact	χράω
tlg0059.tlg002	ἀνάγκη	2	exact	ἀνάγκη
tlg0059.tlg002	ἄρτι	2	exact	ἄρτι
tlg0059.tlg002	ἐξαιρέω	2	exact	ἐξαιρέω
tlg0059.tlg002	ἀναλαμβάνω	2	exact	ἀναλαμβάνω
tlg0059.tlg002	ἀντωμοσία	2	exact	ἀντωμοσία
tlg0059.tlg002	ἀτιμάζω	2	exact	ἀτιμάζω
tlg0059.tlg002	φράζω	2	exact	φράζω
tlg0059.tlg002	Πάριος	2	exact	Πάριος
tlg0059.tlg002	προσέρχομαι	2	exact	προσέρχομαι
tlg0059.tlg002	ἐπιστάτης	2	exact	ἐπιστάτης
tlg0059.tlg002	τέχνη	2	exact	τέχνη
tlg0059.tlg002	πραγματεύομαι	2	exact	πραγματεύομαι
tlg0059.tlg002	παίζω	2	exact	παίζω
tlg0059.tlg002	ἀξιόχρεως	2	exact	ἀξιόχρεως
tlg0059.tlg002	φυγή	2	exact	φυγή
tlg0059.tlg002	μαντεύομαι	2	exact	μαντεύομαι
tlg0059.tlg002	ἔρομαι	2	exact	ἔρομαι
tlg0059.tlg002	ἀναιρέω	2	exact	ἀναιρέω
tlg0059.tlg002	αἰνίσσομαι	2	exact	αἰνίσσομαι
tlg0059.tlg002	μόγις	2	exact	μόγις
tlg0059.tlg002	ζήτησις	2	exact	ζήτησις
tlg0059.tlg002	τρέπω	2	exact	τρέπω
tlg0059.tlg002	μαντεῖον	2	exact	μαντεῖον
tlg0059.tlg002	ἀποφαίνω	2	exact	ἀποφαίνω
tlg0059.tlg002	ἀπάχθομαι	2	exact	ἀπάχθομαι
tlg0059.tlg002	λογίζομαι	2	exact	λογίζομαι
tlg0059.tlg002	οὐδέτερος	2	exact	οὐδέτερος
tlg0059.tlg002	ἀπεχθάνομαι	2	exact	ἀπεχθάνομαι
tlg0059.tlg002	ἀναγκαῖος	2	exact	ἀναγκαῖος
tlg0059.tlg002	φρόνιμος	2	exact	φρόνιμος
tlg0059.tlg002	μαντεία	2	exact	μαντεία
tlg0059.tlg002	ἀμαθής	2	exact	ἀμαθής
tlg0059.tlg002	πάθος	2	exact	πάθος
tlg0059.tlg002	ἁμάρτημα	2	exact	ἁμάρτημα
tlg0059.tlg002	δημιουργός	2	exact	δημιουργός
tlg0059.tlg002	ἀποκρύπτω	2	exact	ἀποκρύπτω
tlg0059.tlg002	ἀμφότερος	2	exact	ἀμφότερος
tlg0059.tlg002	ἀπέχθεια	2	exact	ἀπέχθεια
tlg0059.tlg002	βαρύς	2	exact	βαρύς
tlg0059.tlg002	ἐρευνάω	2	exact	ἐρευνάω
tlg0059.tlg002	ἀσχολία	2	exact	ἀσχολία
tlg0059.tlg002	πενία	2	exact	πενία
tlg0059.tlg002	μυρίος	2	exact	μυρίος
tlg0059.tlg002	πλούσιος	2	exact	πλούσιος
tlg0059.tlg002	ἀφθονία	2	exact	ἀφθονία
tlg0059.tlg002	ὀργίζω	2	exact	ὀργίζω
tlg0059.tlg002	ἀγνοέω	2	exact	ἀγνοέω
tlg0059.tlg002	ἐπιτίθημι	2	exact	ἐπιτίθημι
tlg0059.tlg002	Λύκων	2	exact	Λύκων
tlg0059.tlg002	σχεδόν	2	exact	σχεδόν
tlg0059.tlg002	αὖθις	2	exact	αὖθις
tlg0059.tlg002	ἀπολογία	2	exact	ἀπολογία
tlg0059.tlg002	ὧδε	2	exact	ὧδε
tlg0059.tlg002	ἔγκλημα	2	exact	ἔγκλημα
tlg0059.tlg002	καθίστημι	2	exact	καθίστημι
tlg0059.tlg002	κήδω	2	exact	κήδω
tlg0059.tlg002	σιγάω	2	exact	σιγάω
tlg0059.tlg002	βουλευτής	2	exact	βουλευτής
tlg0059.tlg002	εὐδαιμονία	2	exact	εὐδαιμονία
tlg0059.tlg002	χρηστός	2	exact	χρηστός
tlg0059.tlg002	δῆτα	2	exact	δῆτα
tlg0059.tlg002	ἥκω	2	exact	ἥκω
tlg0059.tlg002	συγγίγνομαι	2	exact	συγγίγνομαι
tlg0059.tlg002	τοίνυν	2	exact	τοίνυν
tlg0059.tlg002	παράπαν	2	exact	παράπαν
tlg0059.tlg002	ἐγκαλέω	2	exact	ἐγκαλέω
tlg0059.tlg002	παντάπασι	2	exact	παντάπασι
tlg0059.tlg002	ἥλιος	2	exact	ἥλιος
tlg0059.tlg002	σελήνη	2	exact	σελήνη
tlg0059.tlg002	καταφρονέω	2	exact	καταφρονέω
tlg0059.tlg002	δραχμή	2	exact	δραχμή
tlg0059.tlg002	ὀνίνημι	2	exact	ὀνίνημι
tlg0059.tlg002	οὐκοῦν	2	exact	οὐκοῦν
tlg0059.tlg002	παλαιός	2	exact	παλαιός
tlg0059.tlg002	ὅμοιος	2	exact	ὅμοιος
tlg0059.tlg002	ὄνος	2	exact	ὄνος
tlg0059.tlg002	μηχανή	2	exact	μηχανή
tlg0059.tlg002	ἐπιτηδεύω	2	exact	ἐπιτηδεύω
tlg0059.tlg002	ὑπολογίζομαι	2	exact	ὑπολογίζομαι
tlg0059.tlg002	ὄφελος	2	exact	ὄφελος
tlg0059.tlg002	ἡμίθεος	2	exact	ἡμίθεος
tlg0059.tlg002	Τροία	2	exact	Τροία
tlg0059.tlg002	καταγέλαστος	2	exact	καταγέλαστος
tlg0059.tlg002	οὗ	2	exact	οὗ
tlg0059.tlg002	πρό	2	exact	πρό
tlg0059.tlg002	ὅτε	2	exact	ὅτε
tlg0059.tlg002	διαφεύγω	2	exact	διαφεύγω
tlg0059.tlg002	διατρίβω	2	exact	διατρίβω
tlg0059.tlg002	παρακελεύομαι	2	exact	παρακελεύομαι
tlg0059.tlg002	τιμή	2	exact	τιμή
tlg0059.tlg002	εὐθύς	2	exact	εὐθύς
tlg0059.tlg002	ἄπειμι	2	exact	ἄπειμι
tlg0059.tlg002	ἐλαχύς	2	exact	ἐλαχύς
tlg0059.tlg002	ἐμμένω	2	exact	ἐμμένω
tlg0059.tlg002	βοάω	2	exact	βοάω
tlg0059.tlg002	ὅλος	2	exact	ὅλος
tlg0059.tlg002	λοιπός	2	exact	λοιπός
tlg0059.tlg002	καθεύδω	2	exact	καθεύδω
tlg0059.tlg002	μισθός	2	exact	μισθός
tlg0059.tlg002	πολλαχοῦ	2	exact	πολλαχοῦ
tlg0059.tlg002	ἀποτρέπω	2	exact	ἀποτρέπω
tlg0059.tlg002	ἀπόλλυμι	2	exact	ἀπόλλυμι
tlg0059.tlg002	παράνομος	2	exact	παράνομος
tlg0059.tlg002	ὑπείκω	2	exact	ὑπείκω
tlg0059.tlg002	δεσμός	2	exact	δεσμός
tlg0059.tlg002	πέμπτος	2	exact	πέμπτος
tlg0059.tlg002	θόλος	2	exact	θόλος
tlg0059.tlg002	οἴχομαι	2	exact	οἴχομαι
tlg0059.tlg002	τοσόσδε	2	exact	τοσόσδε
tlg0059.tlg002	ἐπιθυμέω	2	exact	ἐπιθυμέω
tlg0059.tlg002	πένης	2	exact	πένης
tlg0059.tlg002	ἀηδής	2	exact	ἀηδής
tlg0059.tlg002	παιδίον	2	exact	παιδίον
tlg0059.tlg002	ἔσχατος	2	exact	ἔσχατος
tlg0059.tlg002	ἐννοέω	2	exact	ἐννοέω
tlg0059.tlg002	θέω	2	exact	θέω
tlg0059.tlg002	Ὅμηρος	2	exact	Ὅμηρος
tlg0059.tlg002	ἀποψηφίζομαι	2	exact	ἀποψηφίζομαι
tlg0059.tlg002	ἀθάνατος	2	exact	ἀθάνατος
tlg0059.tlg002	γυνή	2	exact	γυνή
tlg0059.tlg002	ἐπιτρέπω	2	exact	ἐπιτρέπω
tlg0059.tlg002	ὄμνυμι	2	exact	ὄμνυμι
tlg0059.tlg002	δικάζω	2	exact	δικάζω
tlg0059.tlg002	πρίν	2	exact	πρίν
tlg0059.tlg002	πρυτανεῖον	2	exact	πρυτανεῖον
tlg0059.tlg002	εὐδαίμων	2	exact	εὐδαίμων
tlg0059.tlg002	ἕως	2	exact	ἕως
tlg0059.tlg002	ἀπελαύνω	2	exact	ἀπελαύνω
tlg0059.tlg002	ἀργύριον	2	exact	ἀργύριον
tlg0059.tlg002	ἀπορία	2	exact	ἀπορία
tlg0059.tlg002	ἐκφεύγω	2	exact	ἐκφεύγω
tlg0059.tlg002	βραδύς	2	exact	βραδύς
tlg0059.tlg002	χρησμῳδέω	2	exact	χρησμῳδέω
tlg0059.tlg002	διανοέω	2	exact	διανοέω
tlg0059.tlg002	αἴσθησις	2	exact	αἴσθησις
tlg0059.tlg002	ὄναρ	2	exact	ὄναρ
tlg0059.tlg002	κέρδος	2	exact	κέρδος
tlg0059.tlg002	βιόω	2	exact	βιόω
tlg0059.tlg002	εὐλαβέομαι	1	exact	εὐλαβέομαι
tlg0059.tlg002	καλλιεπέομαι	1	exact	καλλιεπέομαι
tlg0059.tlg002	ῥῆμα	1	exact	ῥῆμα
tlg0059.tlg002	κοσμέω	1	exact	κοσμέω
tlg0059.tlg002	εἰκῇ	1	exact	εἰκῇ
tlg0059.tlg002	ἐπιτυγχάνω	1	exact	ἐπιτυγχάνω
tlg0059.tlg002	προσδοκέω	1	exact	προσδοκέω
tlg0059.tlg002	πλάσσω	1	exact	πλάσσω
tlg0059.tlg002	παρίημι	1	exact	παρίημι
tlg0059.tlg002	ἀγορά	1	exact	ἀγορά
tlg0059.tlg002	τράπεζα	1	exact	τράπεζα
tlg0059.tlg002	ἄλλοθι	1	exact	ἄλλοθι
tlg0059.tlg002	ἑβδομήκοντα	1	exact	ἑβδομήκοντα
tlg0059.tlg002	συγγιγνώσκω	1	exact	συγγιγνώσκω
tlg0059.tlg002	τρέφω	1	exact	τρέφω
tlg0059.tlg002	ἐάω	1	exact	ἐάω
tlg0059.tlg002	προσέχω	1	exact	προσέχω
tlg0059.tlg002	ψευδής	1	exact	ψευδής
tlg0059.tlg002	ἀμφί	1	exact	ἀμφί
tlg0059.tlg002	καίπερ	1	exact	καίπερ
tlg0059.tlg002	παραλαμβάνω	1	exact	παραλαμβάνω
tlg0059.tlg002	φροντιστής	1	exact	φροντιστής
tlg0059.tlg002	ἀναζητέω	1	exact	ἀναζητέω
tlg0059.tlg002	κατασκεδάννυμι	1	exact	κατασκεδάννυμι
tlg0059.tlg002	ἔνιοι	1	exact	ἔνιοι
tlg0059.tlg002	ἐρῆμος	1	exact	ἐρῆμος
tlg0059.tlg002	ἄλογος	1	exact	ἄλογος
tlg0059.tlg002	κωμῳδοποιός	1	exact	κωμῳδοποιός
tlg0059.tlg002	ἀναπείθω	1	exact	ἀναπείθω
tlg0059.tlg002	ἄπορος	1	exact	ἄπορος
tlg0059.tlg002	σκιαμαχέω	1	exact	σκιαμαχέω
tlg0059.tlg002	δισσός	1	exact	δισσός
tlg0059.tlg002	λανθάνω	1	exact	λανθάνω
tlg0059.tlg002	κατηγορία	1	exact	κατηγορία
tlg0059.tlg002	ἀναγιγνώσκω	1	exact	ἀναγιγνώσκω
tlg0059.tlg002	περιεργάζομαι	1	exact	περιεργάζομαι
tlg0059.tlg002	οὐράνιος	1	exact	οὐράνιος
tlg0059.tlg002	κωμῳδία	1	exact	κωμῳδία
tlg0059.tlg002	περιφέρω	1	exact	περιφέρω
tlg0059.tlg002	ἀεροβατέω	1	exact	ἀεροβατέω
tlg0059.tlg002	φλυαρία	1	exact	φλυαρία
tlg0059.tlg002	φλυαρέω	1	exact	φλυαρέω
tlg0059.tlg002	ἐπιστήμη	1	exact	ἐπιστήμη
tlg0059.tlg002	μέτειμι	1	exact	μέτειμι
tlg0059.tlg002	Κέως	1	exact	Κέως
tlg0059.tlg002	συνουσία	1	exact	συνουσία
tlg0059.tlg002	σφεῖς	1	exact	σφεῖς
tlg0059.tlg002	χάρις	1	exact	χάρις
tlg0059.tlg002	πρόσοιδα	1	exact	πρόσοιδα
tlg0059.tlg002	ἐπιδημέω	1	exact	ἐπιδημέω
tlg0059.tlg002	τελέω	1	exact	τελέω
tlg0059.tlg002	σοφιστής	1	exact	σοφιστής
tlg0059.tlg002	σύμπας	1	exact	σύμπας
tlg0059.tlg002	ἀνέρομαι	1	exact	ἀνέρομαι
tlg0059.tlg002	πῶλος	1	exact	πῶλος
tlg0059.tlg002	μόσχος	1	exact	μόσχος
tlg0059.tlg002	μισθόω	1	exact	μισθόω
tlg0059.tlg002	γεωργικός	1	exact	γεωργικός
tlg0059.tlg002	ἐπιστήμων	1	exact	ἐπιστήμων
tlg0059.tlg002	κτῆσις	1	exact	κτῆσις
tlg0059.tlg002	ποδαπός	1	exact	ποδαπός
tlg0059.tlg002	πέντε	1	exact	πέντε
tlg0059.tlg002	μακαρίζω	1	exact	μακαρίζω
tlg0059.tlg002	ἐμμελής	1	exact	ἐμμελής
tlg0059.tlg002	καλλύνω	1	exact	καλλύνω
tlg0059.tlg002	ἁβρύνω	1	exact	ἁβρύνω
tlg0059.tlg002	πόθεν	1	exact	πόθεν
tlg0059.tlg002	περισσός	1	exact	περισσός
tlg0059.tlg002	ἀλλοῖος	1	exact	ἀλλοῖος
tlg0059.tlg002	αὐτοσχεδιάζω	1	exact	αὐτοσχεδιάζω
tlg0059.tlg002	ἀποδείκνυμι	1	exact	ἀποδείκνυμι
tlg0059.tlg002	ποῖος	1	exact	ποῖος
tlg0059.tlg002	ἀναφέρω	1	exact	ἀναφέρω
tlg0059.tlg002	συμφεύγω	1	exact	συμφεύγω
tlg0059.tlg002	κατέρχομαι	1	exact	κατέρχομαι
tlg0059.tlg002	ὁρμάω	1	exact	ὁρμάω
tlg0059.tlg002	αὐτοῦ	1	exact	αὐτοῦ
tlg0059.tlg002	μαρτυρέω	1	exact	μαρτυρέω
tlg0059.tlg002	ὅθεν	1	exact	ὅθεν
tlg0059.tlg002	ἐνθυμέομαι	1	exact	ἐνθυμέομαι
tlg0059.tlg002	θέμις	1	exact	θέμις
tlg0059.tlg002	διασκοπέω	1	exact	διασκοπέω
tlg0059.tlg002	δείκνυμι	1	exact	δείκνυμι
tlg0059.tlg002	ἐφεξῆς	1	exact	ἐφεξῆς
tlg0059.tlg002	κύων	1	exact	κύων
tlg0059.tlg002	μήν	1	exact	μήν
tlg0059.tlg002	εὐδοκιμέω	1	exact	εὐδοκιμέω
tlg0059.tlg002	ἐνδεής	1	exact	ἐνδεής
tlg0059.tlg002	πλάνη	1	exact	πλάνη
tlg0059.tlg002	πόνος	1	exact	πόνος
tlg0059.tlg002	πονέω	1	exact	πονέω
tlg0059.tlg002	ἀνέλεγκτος	1	exact	ἀνέλεγκτος
tlg0059.tlg002	τραγῳδία	1	exact	τραγῳδία
tlg0059.tlg002	διθύραμβος	1	exact	διθύραμβος
tlg0059.tlg002	αὐτόφωρος	1	exact	αὐτόφωρος
tlg0059.tlg002	καταλαμβάνω	1	exact	καταλαμβάνω
tlg0059.tlg002	ποίημα	1	exact	ποίημα
tlg0059.tlg002	διερωτάω	1	exact	διερωτάω
tlg0059.tlg002	φύσις	1	exact	φύσις
tlg0059.tlg002	ἐνθουσιάζω	1	exact	ἐνθουσιάζω
tlg0059.tlg002	θεόμαντις	1	exact	θεόμαντις
tlg0059.tlg002	χρησμῳδός	1	exact	χρησμῳδός
tlg0059.tlg002	ποίησις	1	exact	ποίησις
tlg0059.tlg002	περιγίγνομαι	1	exact	περιγίγνομαι
tlg0059.tlg002	χειροτέχνης	1	exact	χειροτέχνης
tlg0059.tlg002	ἐξεργάζομαι	1	exact	ἐξεργάζομαι
tlg0059.tlg002	πλημμέλεια	1	exact	πλημμέλεια
tlg0059.tlg002	ἀνερωτάω	1	exact	ἀνερωτάω
tlg0059.tlg002	λυσιτελέω	1	exact	λυσιτελέω
tlg0059.tlg002	ἐξέτασις	1	exact	ἐξέτασις
tlg0059.tlg002	ἑκάστοτε	1	exact	ἑκάστοτε
tlg0059.tlg002	παράδειγμα	1	exact	παράδειγμα
tlg0059.tlg002	λατρεία	1	exact	λατρεία
tlg0059.tlg002	ἐπακολουθέω	1	exact	ἐπακολουθέω
tlg0059.tlg002	μιμέομαι	1	exact	μιμέομαι
tlg0059.tlg002	μιαρός	1	exact	μιαρός
tlg0059.tlg002	πρόχειρον	1	exact	πρόχειρον
tlg0059.tlg002	κατάδηλος	1	exact	κατάδηλος
tlg0059.tlg002	φιλότιμος	1	exact	φιλότιμος
tlg0059.tlg002	συντεταμένως	1	exact	συντεταμένως
tlg0059.tlg002	οὖς	1	exact	οὖς
tlg0059.tlg002	ὑποστέλλω	1	exact	ὑποστέλλω
tlg0059.tlg002	φιλόπολις	1	exact	φιλόπολις
tlg0059.tlg002	σπουδή	1	exact	σπουδή
tlg0059.tlg002	σπουδάζω	1	exact	σπουδάζω
tlg0059.tlg002	ἐξευρίσκω	1	exact	ἐξευρίσκω
tlg0059.tlg002	μηνύω	1	exact	μηνύω
tlg0059.tlg002	Ἥρα	1	exact	Ἥρα
tlg0059.tlg002	ἀκροατής	1	exact	ἀκροατής
tlg0059.tlg002	ἐκκλησία	1	exact	ἐκκλησία
tlg0059.tlg002	ἐκκλησιαστής	1	exact	ἐκκλησιαστής
tlg0059.tlg002	καταγιγνώσκω	1	exact	καταγιγνώσκω
tlg0059.tlg002	δυστυχία	1	exact	δυστυχία
tlg0059.tlg002	ζῷον	1	exact	ζῷον
tlg0059.tlg002	οὐδεπώποτε	1	exact	οὐδεπώποτε
tlg0059.tlg002	ἀμέλεια	1	exact	ἀμέλεια
tlg0059.tlg002	οἰκέω	1	exact	οἰκέω
tlg0059.tlg002	τᾶν	1	exact	τᾶν
tlg0059.tlg002	τηλικοῦτος	1	exact	τηλικοῦτος
tlg0059.tlg002	μοχθηρός	1	exact	μοχθηρός
tlg0059.tlg002	ἀκούσιος	1	exact	ἀκούσιος
tlg0059.tlg002	νουθετέω	1	exact	νουθετέω
tlg0059.tlg002	κόλασις	1	exact	κόλασις
tlg0059.tlg002	μάθησις	1	exact	μάθησις
tlg0059.tlg002	ἄθεος	1	exact	ἄθεος
tlg0059.tlg002	λίθος	1	exact	λίθος
tlg0059.tlg002	ἄπειρος	1	exact	ἄπειρος
tlg0059.tlg002	γράμμα	1	exact	γράμμα
tlg0059.tlg002	βιβλίον	1	exact	βιβλίον
tlg0059.tlg002	γέμω	1	exact	γέμω
tlg0059.tlg002	ἐνίοτε	1	exact	ἐνίοτε
tlg0059.tlg002	ὀρχήστρα	1	exact	ὀρχήστρα
tlg0059.tlg002	πρίαμαι	1	exact	πρίαμαι
tlg0059.tlg002	καταγελάω	1	exact	καταγελάω
tlg0059.tlg002	ἄπιστος	1	exact	ἄπιστος
tlg0059.tlg002	ὑβριστής	1	exact	ὑβριστής
tlg0059.tlg002	ἀκόλαστος	1	exact	ἀκόλαστος
tlg0059.tlg002	ὕβρις	1	exact	ὕβρις
tlg0059.tlg002	ἀκολασία	1	exact	ἀκολασία
tlg0059.tlg002	νεότης	1	exact	νεότης
tlg0059.tlg002	αἴνιγμα	1	exact	αἴνιγμα
tlg0059.tlg002	συντίθημι	1	exact	συντίθημι
tlg0059.tlg002	διαπειράομαι	1	exact	διαπειράομαι
tlg0059.tlg002	ᾗ	1	exact	ᾗ
tlg0059.tlg002	παραιτέομαι	1	exact	παραιτέομαι
tlg0059.tlg002	ἀνθρώπειος	1	exact	ἀνθρώπειος
tlg0059.tlg002	αὐλητής	1	exact	αὐλητής
tlg0059.tlg002	αὐλητικός	1	exact	αὐλητικός
tlg0059.tlg002	ἀναγκάζω	1	exact	ἀναγκάζω
tlg0059.tlg002	διόμνυμι	1	exact	διόμνυμι
tlg0059.tlg002	ἀντιγραφή	1	exact	ἀντιγραφή
tlg0059.tlg002	τίθημι	1	exact	τίθημι
tlg0059.tlg002	ἤτοι	1	exact	ἤτοι
tlg0059.tlg002	πάλιν	1	exact	πάλιν
tlg0059.tlg002	νόθος	1	exact	νόθος
tlg0059.tlg002	νύμφη	1	exact	νύμφη
tlg0059.tlg002	ἡμίονος	1	exact	ἡμίονος
tlg0059.tlg002	ἀποπειράομαι	1	exact	ἀποπειράομαι
tlg0059.tlg002	ἀδίκημα	1	exact	ἀδίκημα
tlg0059.tlg002	ἥρως	1	exact	ἥρως
tlg0059.tlg002	ἔμπροσθεν	1	exact	ἔμπροσθεν
tlg0059.tlg002	στάζω	1	exact	στάζω
tlg0059.tlg002	ἐπιτήδευμα	1	exact	ἐπιτήδευμα
tlg0059.tlg002	ἀντιλέγω	1	exact	ἀντιλέγω
tlg0059.tlg002	ὑπομένω	1	exact	ὑπομένω
tlg0059.tlg002	μήτηρ	1	exact	μήτηρ
tlg0059.tlg002	προθυμέομαι	1	exact	προθυμέομαι
tlg0059.tlg002	φόνος	1	exact	φόνος
tlg0059.tlg002	πότμος	1	exact	πότμος
tlg0059.tlg002	ὀλιγωρέω	1	exact	ὀλιγωρέω
tlg0059.tlg002	ναῦς	1	exact	ναῦς
tlg0059.tlg002	κορωνίς	1	exact	κορωνίς
tlg0059.tlg002	ἄχθος	1	exact	ἄχθος
tlg0059.tlg002	ἄρουρα	1	exact	ἄρουρα
tlg0059.tlg002	λείπω	1	exact	λείπω
tlg0059.tlg002	τάξις	1	exact	τάξις
tlg0059.tlg002	τοι	1	exact	τοι
tlg0059.tlg002	ἐπονείδιστος	1	exact	ἐπονείδιστος
tlg0059.tlg002	οὐδέποτε	1	exact	οὐδέποτε
tlg0059.tlg002	ἀπιστέω	1	exact	ἀπιστέω
tlg0059.tlg002	ὅστε	1	exact	ὅστε
tlg0059.tlg002	μηκέτι	1	exact	μηκέτι
tlg0059.tlg002	ἀσπάζομαι	1	exact	ἀσπάζομαι
tlg0059.tlg002	φιλέω	1	exact	φιλέω
tlg0059.tlg002	ἕωσπερ	1	exact	ἕωσπερ
tlg0059.tlg002	ἐμπνέω	1	exact	ἐμπνέω
tlg0059.tlg002	εὐδόκιμος	1	exact	εὐδόκιμος
tlg0059.tlg002	ἰσχύς	1	exact	ἰσχύς
tlg0059.tlg002	φρόνησις	1	exact	φρόνησις
tlg0059.tlg002	ἀμφισβητέω	1	exact	ἀμφισβητέω
tlg0059.tlg002	δοκεύς	1	exact	δοκεύς
tlg0059.tlg002	κτάομαι	1	exact	κτάομαι
tlg0059.tlg002	γένος	1	exact	γένος
tlg0059.tlg002	πω	1	exact	πω
tlg0059.tlg002	ὑπηρεσία	1	exact	ὑπηρεσία
tlg0059.tlg002	σῶμα	1	exact	σῶμα
tlg0059.tlg002	βλαβερός	1	exact	βλαβερός
tlg0059.tlg002	μηδαμῶς	1	exact	μηδαμῶς
tlg0059.tlg002	θεμιτός	1	exact	θεμιτός
tlg0059.tlg002	ἀτιμόω	1	exact	ἀτιμόω
tlg0059.tlg002	ἐξαμαρτάνω	1	exact	ἐξαμαρτάνω
tlg0059.tlg002	δόσις	1	exact	δόσις
tlg0059.tlg002	γέλοιος	1	exact	γέλοιος
tlg0059.tlg002	πρόσκειμαι	1	exact	πρόσκειμαι
tlg0059.tlg002	γενναῖος	1	exact	γενναῖος
tlg0059.tlg002	μέγεθος	1	exact	μέγεθος
tlg0059.tlg002	νωθής	1	exact	νωθής
tlg0059.tlg002	μύωψ	1	exact	μύωψ
tlg0059.tlg002	προστίθημι	1	exact	προστίθημι
tlg0059.tlg002	πανταχοῦ	1	exact	πανταχοῦ
tlg0059.tlg002	προσκαθίζω	1	exact	προσκαθίζω
tlg0059.tlg002	φείδομαι	1	exact	φείδομαι
tlg0059.tlg002	νυστάζω	1	exact	νυστάζω
tlg0059.tlg002	κρούω	1	exact	κρούω
tlg0059.tlg002	διατελέω	1	exact	διατελέω
tlg0059.tlg002	ἐπιπέμπω	1	exact	ἐπιπέμπω
tlg0059.tlg002	κατανοέω	1	exact	κατανοέω
tlg0059.tlg002	ἀνέχω	1	exact	ἀνέχω
tlg0059.tlg002	ἀπολαύω	1	exact	ἀπολαύω
tlg0059.tlg002	ἀπαναισχυντέω	1	exact	ἀπαναισχυντέω
tlg0059.tlg002	αἰτέω	1	exact	αἰτέω
tlg0059.tlg002	πολυπραγμονέω	1	exact	πολυπραγμονέω
tlg0059.tlg002	ἐπικωμῳδέω	1	exact	ἐπικωμῳδέω
tlg0059.tlg002	προτρέπω	1	exact	προτρέπω
tlg0059.tlg002	οὔποτε	1	exact	οὔποτε
tlg0059.tlg002	πάγκαλος	1	exact	πάγκαλος
tlg0059.tlg002	γνήσιος	1	exact	γνήσιος
tlg0059.tlg002	διακωλύω	1	exact	διακωλύω
tlg0059.tlg002	μάχομαι	1	exact	μάχομαι
tlg0059.tlg002	ἰδιωτεύω	1	exact	ἰδιωτεύω
tlg0059.tlg002	δημοσιεύω	1	exact	δημοσιεύω
tlg0059.tlg002	φορτικός	1	exact	φορτικός
tlg0059.tlg002	δικανικός	1	exact	δικανικός
tlg0059.tlg002	φυλή	1	exact	φυλή
tlg0059.tlg002	πρυτανεύω	1	exact	πρυτανεύω
tlg0059.tlg002	δέκα	1	exact	δέκα
tlg0059.tlg002	στρατηγός	1	exact	στρατηγός
tlg0059.tlg002	ναυμαχία	1	exact	ναυμαχία
tlg0059.tlg002	ἀθρόος	1	exact	ἀθρόος
tlg0059.tlg002	πρύτανις	1	exact	πρύτανις
tlg0059.tlg002	ψηφίζω	1	exact	ψηφίζω
tlg0059.tlg002	ἀπάγω	1	exact	ἀπάγω
tlg0059.tlg002	διακινδυνεύω	1	exact	διακινδυνεύω
tlg0059.tlg002	δημοκρατέομαι	1	exact	δημοκρατέομαι
tlg0059.tlg002	ὀλιγαρχία	1	exact	ὀλιγαρχία
tlg0059.tlg002	μεταπέμπω	1	exact	μεταπέμπω
tlg0059.tlg002	ἀναπίμπλημι	1	exact	ἀναπίμπλημι
tlg0059.tlg002	ἄγροικος	1	exact	ἄγροικος
tlg0059.tlg002	ὁτιοῦν	1	exact	ὁτιοῦν
tlg0059.tlg002	ἀνόσιος	1	exact	ἀνόσιος
tlg0059.tlg002	ἐκπλήσσω	1	exact	ἐκπλήσσω
tlg0059.tlg002	ἰσχυρός	1	exact	ἰσχυρός
tlg0059.tlg002	τέσσαρες	1	exact	τέσσαρες
tlg0059.tlg002	οἴκαδε	1	exact	οἴκαδε
tlg0059.tlg002	καταλύω	1	exact	καταλύω
tlg0059.tlg002	διαγίγνομαι	1	exact	διαγίγνομαι
tlg0059.tlg002	συγχωρέω	1	exact	συγχωρέω
tlg0059.tlg002	μαθητής	1	exact	μαθητής
tlg0059.tlg002	διδάσκαλος	1	exact	διδάσκαλος
tlg0059.tlg002	φθονέω	1	exact	φθονέω
tlg0059.tlg002	παραχώννυμι	1	exact	παραχώννυμι
tlg0059.tlg002	ὑπέχω	1	exact	ὑπέχω
tlg0059.tlg002	ὑπισχνέομαι	1	exact	ὑπισχνέομαι
tlg0059.tlg002	μάθημα	1	exact	μάθημα
tlg0059.tlg002	ἐνύπνιον	1	exact	ἐνύπνιον
tlg0059.tlg002	μοῖρα	1	exact	μοῖρα
tlg0059.tlg002	εὐέλεγκτος	1	exact	εὐέλεγκτος
tlg0059.tlg002	ἡλικιώτης	1	exact	ἡλικιώτης
tlg0059.tlg002	δημότης	1	exact	δημότης
tlg0059.tlg002	καταδέω	1	exact	καταδέω
tlg0059.tlg002	παραχωρέω	1	exact	παραχωρέω
tlg0059.tlg002	ἀδιάφθαρτος	1	exact	ἀδιάφθαρτος
tlg0059.tlg002	ἀληθεύω	1	exact	ἀληθεύω
tlg0059.tlg002	ἀγωνίζομαι	1	exact	ἀγωνίζομαι
tlg0059.tlg002	ἱκετεύω	1	exact	ἱκετεύω
tlg0059.tlg002	δάκρυον	1	exact	δάκρυον
tlg0059.tlg002	ἐλεέω	1	exact	ἐλεέω
tlg0059.tlg002	αὐθάδης	1	exact	αὐθάδης
tlg0059.tlg002	ὀργή	1	exact	ὀργή
tlg0059.tlg002	δρῦς	1	exact	δρῦς
tlg0059.tlg002	πέτρα	1	exact	πέτρα
tlg0059.tlg002	φύω	1	exact	φύω
tlg0059.tlg002	τρεῖς	1	exact	τρεῖς
tlg0059.tlg002	αὐθαδίζομαι	1	exact	αὐθαδίζομαι
tlg0059.tlg002	θαρσαλέος	1	exact	θαρσαλέος
tlg0059.tlg002	ψεῦδος	1	exact	ψεῦδος
tlg0059.tlg002	ἀνδρεία	1	exact	ἀνδρεία
tlg0059.tlg002	αἰσχύνη	1	exact	αἰσχύνη
tlg0059.tlg002	περιάπτω	1	exact	περιάπτω
tlg0059.tlg002	προκρίνω	1	exact	προκρίνω
tlg0059.tlg002	ἐλεεινός	1	exact	ἐλεεινός
tlg0059.tlg002	δρᾶμα	1	exact	δρᾶμα
tlg0059.tlg002	χωρίς	1	exact	χωρίς
tlg0059.tlg002	καθίημι	1	exact	καθίημι
tlg0059.tlg002	καταχαρίζομαι	1	exact	καταχαρίζομαι
tlg0059.tlg002	χαρίζω	1	exact	χαρίζω
tlg0059.tlg002	οὔκουν	1	exact	οὔκουν
tlg0059.tlg002	ἐπιορκέω	1	exact	ἐπιορκέω
tlg0059.tlg002	εὐσεβέω	1	exact	εὐσεβέω
tlg0059.tlg002	ὅσιος	1	exact	ὅσιος
tlg0059.tlg002	ἀσέβεια	1	exact	ἀσέβεια
tlg0059.tlg002	βιάζω	1	exact	βιάζω
tlg0059.tlg002	συμβάλλω	1	exact	συμβάλλω
tlg0059.tlg002	ἀνέλπιστος	1	exact	ἀνέλπιστος
tlg0059.tlg002	ἑκάτερος	1	exact	ἑκάτερος
tlg0059.tlg002	ἀριθμός	1	exact	ἀριθμός
tlg0059.tlg002	μεταπίπτω	1	exact	μεταπίπτω
tlg0059.tlg002	χίλιοι	1	exact	χίλιοι
tlg0059.tlg002	μεταλαμβάνω	1	exact	μεταλαμβάνω
tlg0059.tlg002	μέρος	1	exact	μέρος
tlg0059.tlg002	ἀντιτιμάω	1	exact	ἀντιτιμάω
tlg0059.tlg002	εὐεργετέω	1	exact	εὐεργετέω
tlg0059.tlg002	εὐεργεσία	1	exact	εὐεργεσία
tlg0059.tlg002	εὐεργέτης	1	exact	εὐεργέτης
tlg0059.tlg002	παρακέλευσις	1	exact	παρακέλευσις
tlg0059.tlg002	σιτέω	1	exact	σιτέω
tlg0059.tlg002	συνωρίς	1	exact	συνωρίς
tlg0059.tlg002	ζεῦγος	1	exact	ζεῦγος
tlg0059.tlg002	νικάω	1	exact	νικάω
tlg0059.tlg002	τροφή	1	exact	τροφή
tlg0059.tlg002	σίτησις	1	exact	σίτησις
tlg0059.tlg002	παραπλήσιος	1	exact	παραπλήσιος
tlg0059.tlg002	οἶκτος	1	exact	οἶκτος
tlg0059.tlg002	ἀντιβόλησις	1	exact	ἀντιβόλησις
tlg0059.tlg002	ἀπαυθαδίζομαι	1	exact	ἀπαυθαδίζομαι
tlg0059.tlg002	τοιόσδε	1	exact	τοιόσδε
tlg0059.tlg002	ἀπολύω	1	exact	ἀπολύω
tlg0059.tlg002	ἀντί	1	exact	ἀντί
tlg0059.tlg002	δεσμωτήριον	1	exact	δεσμωτήριον
tlg0059.tlg002	δουλεύω	1	exact	δουλεύω
tlg0059.tlg002	ἕνδεκα	1	exact	ἕνδεκα
tlg0059.tlg002	νυνδί	1	exact	νυνδί
tlg0059.tlg002	ὁπόθεν	1	exact	ὁπόθεν
tlg0059.tlg002	φιλοψυχία	1	exact	φιλοψυχία
tlg0059.tlg002	ἀλόγιστος	1	exact	ἀλόγιστος
tlg0059.tlg002	ἐπίφθονος	1	exact	ἐπίφθονος
tlg0059.tlg002	ἀμείβω	1	exact	ἀμείβω
tlg0059.tlg002	ὅποι	1	exact	ὅποι
tlg0059.tlg002	ἀκροάομαι	1	exact	ἀκροάομαι
tlg0059.tlg002	ἀδύνατος	1	exact	ἀδύνατος
tlg0059.tlg002	εἰρωνεύομαι	1	exact	εἰρωνεύομαι
tlg0059.tlg002	ἀνεξέταστος	1	exact	ἀνεξέταστος
tlg0059.tlg002	βιωτός	1	exact	βιωτός
tlg0059.tlg002	ἐγγυάω	1	exact	ἐγγυάω
tlg0059.tlg002	ἐγγυητής	1	exact	ἐγγυητής
tlg0059.tlg002	λοιδορέω	1	exact	λοιδορέω
tlg0059.tlg002	περιμένω	1	exact	περιμένω
tlg0059.tlg002	πρόσω	1	exact	πρόσω
tlg0059.tlg002	οἰμάω	1	exact	οἰμάω
tlg0059.tlg002	τόλμα	1	exact	τόλμα
tlg0059.tlg002	ἀναισχυντία	1	exact	ἀναισχυντία
tlg0059.tlg002	θρηνέω	1	exact	θρηνέω
tlg0059.tlg002	ὀδύρομαι	1	exact	ὀδύρομαι
tlg0059.tlg002	ἀνάξιος	1	exact	ἀνάξιος
tlg0059.tlg002	ἀνελεύθερος	1	exact	ἀνελεύθερος
tlg0059.tlg002	μεταμέλομαι	1	exact	μεταμέλομαι
tlg0059.tlg002	πόλεμος	1	exact	πόλεμος
tlg0059.tlg002	μηχανάομαι	1	exact	μηχανάομαι
tlg0059.tlg002	μάχη	1	exact	μάχη
tlg0059.tlg002	ὅπλον	1	exact	ὅπλον
tlg0059.tlg002	ἱκετεία	1	exact	ἱκετεία
tlg0059.tlg002	διώκω	1	exact	διώκω
tlg0059.tlg002	πονηρία	1	exact	πονηρία
tlg0059.tlg002	πρεσβύτης	1	exact	πρεσβύτης
tlg0059.tlg002	ὀξύς	1	exact	ὀξύς
tlg0059.tlg002	κακία	1	exact	κακία
tlg0059.tlg002	μοχθηρία	1	exact	μοχθηρία
tlg0059.tlg002	ἀδικία	1	exact	ἀδικία
tlg0059.tlg002	τίμημα	1	exact	τίμημα
tlg0059.tlg002	μέτριος	1	exact	μέτριος
tlg0059.tlg002	τιμωρία	1	exact	τιμωρία
tlg0059.tlg002	ἔλεγχος	1	exact	ἔλεγχος
tlg0059.tlg002	ἀποβαίνω	1	exact	ἀποβαίνω
tlg0059.tlg002	κατέχω	1	exact	κατέχω
tlg0059.tlg002	ἀπαλλαγή	1	exact	ἀπαλλαγή
tlg0059.tlg002	δυνατός	1	exact	δυνατός
tlg0059.tlg002	κολούω	1	exact	κολούω
tlg0059.tlg002	παρασκευάζω	1	exact	παρασκευάζω
tlg0059.tlg002	οὔπω	1	exact	οὔπω
tlg0059.tlg002	παραμένω	1	exact	παραμένω
tlg0059.tlg002	κωλύω	1	exact	κωλύω
tlg0059.tlg002	διαμυθολογέω	1	exact	διαμυθολογέω
tlg0059.tlg002	νοέω	1	exact	νοέω
tlg0059.tlg002	μαντικός	1	exact	μαντικός
tlg0059.tlg002	πρόσθεν	1	exact	πρόσθεν
tlg0059.tlg002	πυκνός	1	exact	πυκνός
tlg0059.tlg002	ἕωθεν	1	exact	ἕωθεν
tlg0059.tlg002	οἴκοθεν	1	exact	οἴκοθεν
tlg0059.tlg002	ἡνίκα	1	exact	ἡνίκα
tlg0059.tlg002	μεταξύ	1	exact	μεταξύ
tlg0059.tlg002	πρᾶξις	1	exact	πρᾶξις
tlg0059.tlg002	ἐλπίς	1	exact	ἐλπίς
tlg0059.tlg002	μεταβολή	1	exact	μεταβολή
tlg0059.tlg002	μετοίκησις	1	exact	μετοίκησις
tlg0059.tlg002	ὕπνος	1	exact	ὕπνος
tlg0059.tlg002	ἐκλέγω	1	exact	ἐκλέγω
tlg0059.tlg002	καταδαρθάνω	1	exact	καταδαρθάνω
tlg0059.tlg002	ἀντιπαρατίθημι	1	exact	ἀντιπαρατίθημι
tlg0059.tlg002	ἰδιώτης	1	exact	ἰδιώτης
tlg0059.tlg002	βασιλεύς	1	exact	βασιλεύς
tlg0059.tlg002	εὐαρίθμητος	1	exact	εὐαρίθμητος
tlg0059.tlg002	ἀποδημέω	1	exact	ἀποδημέω
tlg0059.tlg002	ἀφικνέομαι	1	exact	ἀφικνέομαι
tlg0059.tlg002	ἀποδημία	1	exact	ἀποδημία
tlg0059.tlg002	θαυμαστός	1	exact	θαυμαστός
tlg0059.tlg002	αὐτόθι	1	exact	αὐτόθι
tlg0059.tlg002	ὁπότε	1	exact	ὁπότε
tlg0059.tlg002	Αἴας	1	exact	Αἴας
tlg0059.tlg002	Τελαμών	1	exact	Τελαμών
tlg0059.tlg002	κρίσις	1	exact	κρίσις
tlg0059.tlg002	ἀντιπαραβάλλω	1	exact	ἀντιπαραβάλλω
tlg0059.tlg002	διάγω	1	exact	διάγω
tlg0059.tlg002	στρατιά	1	exact	στρατιά
tlg0059.tlg002	ἀμήχανος	1	exact	ἀμήχανος
tlg0059.tlg002	εὔελπις	1	exact	εὔελπις
tlg0059.tlg002	χαλεπαίνω	1	exact	χαλεπαίνω
tlg0059.tlg002	διάνοια	1	exact	διάνοια
tlg0059.tlg002	μέμφομαι	1	exact	μέμφομαι
tlg0059.tlg002	ἡβάω	1	exact	ἡβάω
tlg0059.tlg002	ὥρα	1	exact	ὥρα
tlg0059.tlg002	ὁπότερος	1	exact	ὁπότερος
tlg0059.tlg002	ἄδηλος	1	exact	ἄδηλος
tlg0059.tlg003	ὁ	350	exact	ὁ
tlg0059.tlg003	καί	252	exact	καί
tlg0059.tlg003	ἐγώ	134	exact	ἐγώ
tlg0059.tlg003	οὐ	121	exact	οὐ
tlg0059.tlg003	σύ	91	exact	σύ
tlg0059.tlg003	οὗτος	90	exact	οὗτος
tlg0059.tlg003	δέ	89	exact	δέ
tlg0059.tlg003	τε	77	exact	τε
tlg0059.tlg003	εἰμί	76	exact	εἰμί
tlg0059.tlg003	ἤ	71	exact	ἤ
tlg0059.tlg003	ὅς	62	exact	ὅς
tlg0059.tlg003	ὦ	56	exact	ὦ
tlg0059.tlg003	ἀλλά	54	exact	ἀλλά
tlg0059.tlg003	λέγω	54	exact	λέγω
tlg0059.tlg003	ἄν	51	exact	ἄν
tlg0059.tlg003	μή	51	exact	μή
tlg0059.tlg003	αὐτός	48	exact	αὐτός
tlg0059.tlg003	εἰ	45	exact	εἰ
tlg0059.tlg003	τις	40	exact	τις
tlg0059.tlg003	ποιέω	39	exact	ποιέω
tlg0059.tlg003	πολύς	38	exact	πολύς
tlg0059.tlg003	ἄλλος	37	exact	ἄλλος
tlg0059.tlg003	μέν	35	exact	μέν
tlg0059.tlg003	ὡς	35	exact	ὡς
tlg0059.tlg003	γάρ	34	exact	γάρ
tlg0059.tlg003	ἐν	32	exact	ἐν
tlg0059.tlg003	δή	32	exact	δή
tlg0059.tlg003	ὅτι	29	exact	ὅτι
tlg0059.tlg003	δοκέω	28	exact	δοκέω
tlg0059.tlg003	δίκαιος	28	exact	δίκαιος
tlg0059.tlg003	δέω	27	exact	δέω
tlg0059.tlg003	ἐάν	27	exact	ἐάν
tlg0059.tlg003	τίς	26	exact	τίς
tlg0059.tlg003	πόλις	25	exact	πόλις
tlg0059.tlg003	φημί	22	exact	φημί
tlg0059.tlg003	νόμος	22	exact	νόμος
tlg0059.tlg003	γε	21	exact	γε
tlg0059.tlg003	πείθω	21	exact	πείθω
tlg0059.tlg003	ἔχω	20	exact	ἔχω
tlg0059.tlg003	περί	19	exact	περί
tlg0059.tlg003	καλός	18	exact	καλός
tlg0059.tlg003	πᾶς	17	exact	πᾶς
tlg0059.tlg003	οὕτως	17	exact	οὕτως
tlg0059.tlg003	οὖν	16	exact	οὖν
tlg0059.tlg003	ἀγαθός	16	exact	ἀγαθός
tlg0059.tlg003	ἔτι	15	exact	ἔτι
tlg0059.tlg003	νῦν	15	exact	νῦν
tlg0059.tlg003	οὐδείς	15	exact	οὐδείς
tlg0059.tlg003	εἰς	15	exact	εἰς
tlg0059.tlg003	οἴομαι	15	exact	οἴομαι
tlg0059.tlg003	οἷος	15	exact	οἷος
tlg0059.tlg003	δόξα	15	exact	δόξα
tlg0059.tlg003	πράσσω	15	exact	πράσσω
tlg0059.tlg003	κακός	15	exact	κακός
tlg0059.tlg003	ἀδικέω	15	exact	ἀδικέω
tlg0059.tlg003	μάλα	14	exact	μάλα
tlg0059.tlg003	πρός	14	exact	πρός
tlg0059.tlg003	ὁμολογέω	14	exact	ὁμολογέω
tlg0059.tlg003	ἐκ	13	exact	ἐκ
tlg0059.tlg003	λόγος	13	exact	λόγος
tlg0059.tlg003	γίγνομαι	12	exact	γίγνομαι
tlg0059.tlg003	ἐπιχειρέω	12	exact	ἐπιχειρέω
tlg0059.tlg003	πρότερος	11	exact	πρότερος
tlg0059.tlg003	σκοπέω	11	exact	σκοπέω
tlg0059.tlg003	φαίνω	10	exact	φαίνω
tlg0059.tlg003	σός	10	exact	σός
tlg0059.tlg003	ὁράω	10	exact	ὁράω
tlg0059.tlg003	εἷς	10	exact	εἷς
tlg0059.tlg003	πάσχω	10	exact	πάσχω
tlg0059.tlg003	πότερος	10	exact	πότερος
tlg0059.tlg003	ἄρα	10	exact	ἄρα
tlg0059.tlg003	ἄνθρωπος	10	exact	ἄνθρωπος
tlg0059.tlg003	ὑπό	9	exact	ὑπό
tlg0059.tlg003	τοιοῦτος	9	exact	τοιοῦτος
tlg0059.tlg003	ἐνθένδε	9	exact	ἐνθένδε
tlg0059.tlg003	δίκη	9	exact	δίκη
tlg0059.tlg003	ἐκεῖνος	9	exact	ἐκεῖνος
tlg0059.tlg003	ἥκω	8	exact	ἥκω
tlg0059.tlg003	ἐπιτήδειος	8	exact	ἐπιτήδειος
tlg0059.tlg003	ἔρχομαι	8	exact	ἔρχομαι
tlg0059.tlg003	ὥσπερ	8	exact	ὥσπερ
tlg0059.tlg003	μέγας	8	exact	μέγας
tlg0059.tlg003	ὅστις	8	exact	ὅστις
tlg0059.tlg003	βούλομαι	8	exact	βούλομαι
tlg0059.tlg003	διαφθείρω	8	exact	διαφθείρω
tlg0059.tlg003	χρή	8	exact	χρή
tlg0059.tlg003	παιδεύω	8	exact	παιδεύω
tlg0059.tlg003	ἀληθής	8	exact	ἀληθής
tlg0059.tlg003	ζάω	8	exact	ζάω
tlg0059.tlg003	ἀρέσκω	8	exact	ἀρέσκω
tlg0059.tlg003	ἀφικνέομαι	7	exact	ἀφικνέομαι
tlg0059.tlg003	δῆλος	7	exact	δῆλος
tlg0059.tlg003	οἶδα	7	exact	οἶδα
tlg0059.tlg003	χρῆμα	7	exact	χρῆμα
tlg0059.tlg003	ἀπέρχομαι	7	exact	ἀπέρχομαι
tlg0059.tlg003	τυγχάνω	7	exact	τυγχάνω
tlg0059.tlg003	ὥστε	7	exact	ὥστε
tlg0059.tlg003	ἔξεστι	7	exact	ἔξεστι
tlg0059.tlg003	παῖς	7	exact	παῖς
tlg0059.tlg003	ἀπόλλυμι	7	exact	ἀπόλλυμι
tlg0059.tlg003	ἀκούω	7	exact	ἀκούω
tlg0059.tlg003	πατρίς	7	exact	πατρίς
tlg0059.tlg003	ἵνα	6	exact	ἵνα
tlg0059.tlg003	τρόπος	6	exact	τρόπος
tlg0059.tlg003	φέρω	6	exact	φέρω
tlg0059.tlg003	ταύτῃ	6	exact	ταύτῃ
tlg0059.tlg003	ἆρα	6	exact	ἆρα
tlg0059.tlg003	ἐξέρχομαι	6	exact	ἐξέρχομαι
tlg0059.tlg003	φοβέω	6	exact	φοβέω
tlg0059.tlg003	αἱρέω	6	exact	αἱρέω
tlg0059.tlg003	ἀνήρ	6	exact	ἀνήρ
tlg0059.tlg003	ἡμέτερος	6	exact	ἡμέτερος
tlg0059.tlg003	μετά	6	exact	μετά
tlg0059.tlg003	οὐδαμῶς	6	exact	οὐδαμῶς
tlg0059.tlg003	ὁμολογία	6	exact	ὁμολογία
tlg0059.tlg003	παρά	6	exact	παρά
tlg0059.tlg003	πατήρ	6	exact	πατήρ
tlg0059.tlg003	ἐθέλω	5	exact	ἐθέλω
tlg0059.tlg003	πάλαι	5	exact	πάλαι
tlg0059.tlg003	πῶς	5	exact	πῶς
tlg0059.tlg003	πάρειμι	5	exact	πάρειμι
tlg0059.tlg003	ἐκεῖ	5	exact	ἐκεῖ
tlg0059.tlg003	ἀνάγκη	5	exact	ἀνάγκη
tlg0059.tlg003	φίλος	5	exact	φίλος
tlg0059.tlg003	τοίνυν	5	exact	τοίνυν
tlg0059.tlg003	αἰσχρός	5	exact	αἰσχρός
tlg0059.tlg003	ὅδε	5	exact	ὅδε
tlg0059.tlg003	πρᾶγμα	5	exact	πρᾶγμα
tlg0059.tlg003	λαμβάνω	5	exact	λαμβάνω
tlg0059.tlg003	ἐπί	5	exact	ἐπί
tlg0059.tlg003	ἱκανός	5	exact	ἱκανός
tlg0059.tlg003	μηδείς	5	exact	μηδείς
tlg0059.tlg003	κατά	5	exact	κατά
tlg0059.tlg003	τρέφω	5	exact	τρέφω
tlg0059.tlg003	ἐπιμελέομαι	5	exact	ἐπιμελέομαι
tlg0059.tlg003	βουλεύω	5	exact	βουλεύω
tlg0059.tlg003	ὅσος	5	exact	ὅσος
tlg0059.tlg003	τιμάω	5	exact	τιμάω
tlg0059.tlg003	εὖ	5	exact	εὖ
tlg0059.tlg003	νόος	5	exact	νόος
tlg0059.tlg003	ἄδικος	5	exact	ἄδικος
tlg0059.tlg003	μένω	5	exact	μένω
tlg0059.tlg003	ἀποκρίνω	5	exact	ἀποκρίνω
tlg0059.tlg003	ἐμμένω	5	exact	ἐμμένω
tlg0059.tlg003	ἴσως	5	exact	ἴσως
tlg0059.tlg003	θαυμάζω	4	exact	θαυμάζω
tlg0059.tlg003	ἤδη	4	exact	ἤδη
tlg0059.tlg003	διά	4	exact	διά
tlg0059.tlg003	πολλάκις	4	exact	πολλάκις
tlg0059.tlg003	βίος	4	exact	βίος
tlg0059.tlg003	συμφορά	4	exact	συμφορά
tlg0059.tlg003	χαλεπός	4	exact	χαλεπός
tlg0059.tlg003	θεός	4	exact	θεός
tlg0059.tlg003	ὀλίγος	4	exact	ὀλίγος
tlg0059.tlg003	ἄξιος	4	exact	ἄξιος
tlg0059.tlg003	ἡγέομαι	4	exact	ἡγέομαι
tlg0059.tlg003	ἐργάζομαι	4	exact	ἐργάζομαι
tlg0059.tlg003	ξένος	4	exact	ξένος
tlg0059.tlg003	ἐκτρέφω	4	exact	ἐκτρέφω
tlg0059.tlg003	ἀρετή	4	exact	ἀρετή
tlg0059.tlg003	ἅπας	4	exact	ἅπας
tlg0059.tlg003	οὐκοῦν	4	exact	οὐκοῦν
tlg0059.tlg003	ᾗ	4	exact	ᾗ
tlg0059.tlg003	σῶμα	4	exact	σῶμα
tlg0059.tlg003	ὀρθός	4	exact	ὀρθός
tlg0059.tlg003	πειράω	4	exact	πειράω
tlg0059.tlg003	ἄγω	4	exact	ἄγω
tlg0059.tlg003	ἐρωτάω	4	exact	ἐρωτάω
tlg0059.tlg003	ἀνταδικέω	4	exact	ἀνταδικέω
tlg0059.tlg003	ἀποδιδράσκω	4	exact	ἀποδιδράσκω
tlg0059.tlg003	δικάζω	4	exact	δικάζω
tlg0059.tlg003	κελεύω	4	exact	κελεύω
tlg0059.tlg003	παραβαίνω	4	exact	παραβαίνω
tlg0059.tlg003	ἀποδημέω	4	exact	ἀποδημέω
tlg0059.tlg003	πάνυ	3	exact	πάνυ
tlg0059.tlg003	ὅπως	3	exact	ὅπως
tlg0059.tlg003	ἡδύς	3	exact	ἡδύς
tlg0059.tlg003	ἀγανακτέω	3	exact	ἀγανακτέω
tlg0059.tlg003	τύχη	3	exact	τύχη
tlg0059.tlg003	σήμερον	3	exact	σήμερον
tlg0059.tlg003	ἐνύπνιον	3	exact	ἐνύπνιον
tlg0059.tlg003	κινδυνεύω	3	exact	κινδυνεύω
tlg0059.tlg003	ἔοικα	3	exact	ἔοικα
tlg0059.tlg003	ποτέ	3	exact	ποτέ
tlg0059.tlg003	ἀναλίσκω	3	exact	ἀναλίσκω
tlg0059.tlg003	φροντίζω	3	exact	φροντίζω
tlg0059.tlg003	μικρός	3	exact	μικρός
tlg0059.tlg003	σχεδόν	3	exact	σχεδόν
tlg0059.tlg003	ἐάω	3	exact	ἐάω
tlg0059.tlg003	ἀργύριον	3	exact	ἀργύριον
tlg0059.tlg003	ἐξάγω	3	exact	ἐξάγω
tlg0059.tlg003	ἐνθάδε	3	exact	ἐνθάδε
tlg0059.tlg003	δικαστήριον	3	exact	δικαστήριον
tlg0059.tlg003	ἄλλοτε	3	exact	ἄλλοτε
tlg0059.tlg003	ὅποι	3	exact	ὅποι
tlg0059.tlg003	σπεύδω	3	exact	σπεύδω
tlg0059.tlg003	μέρος	3	exact	μέρος
tlg0059.tlg003	φάσκω	3	exact	φάσκω
tlg0059.tlg003	ὑπέρ	3	exact	ὑπέρ
tlg0059.tlg003	αἰσχύνω	3	exact	αἰσχύνω
tlg0059.tlg003	βουλή	3	exact	βουλή
tlg0059.tlg003	δύναμαι	3	exact	δύναμαι
tlg0059.tlg003	ἑκάστοτε	3	exact	ἑκάστοτε
tlg0059.tlg003	ὧδε	3	exact	ὧδε
tlg0059.tlg003	αὖ	3	exact	αὖ
tlg0059.tlg003	ἔπαινος	3	exact	ἔπαινος
tlg0059.tlg003	σύμπας	3	exact	σύμπας
tlg0059.tlg003	βιωτός	3	exact	βιωτός
tlg0059.tlg003	δικαιοσύνη	3	exact	δικαιοσύνη
tlg0059.tlg003	ἀλήθεια	3	exact	ἀλήθεια
tlg0059.tlg003	πρό	3	exact	πρό
tlg0059.tlg003	ἀντιλέγω	3	exact	ἀντιλέγω
tlg0059.tlg003	ἀέκων	3	exact	ἀέκων
tlg0059.tlg003	χρόνος	3	exact	χρόνος
tlg0059.tlg003	ἀλλήλων	3	exact	ἀλλήλων
tlg0059.tlg003	τότε	3	exact	τότε
tlg0059.tlg003	ὅμως	3	exact	ὅμως
tlg0059.tlg003	ἦκα	3	exact	ἦκα
tlg0059.tlg003	ἔργον	3	exact	ἔργον
tlg0059.tlg003	προστάσσω	3	exact	προστάσσω
tlg0059.tlg003	μήτηρ	3	exact	μήτηρ
tlg0059.tlg003	ἑαυτοῦ	3	exact	ἑαυτοῦ
tlg0059.tlg003	διαφερόντως	3	exact	διαφερόντως
tlg0059.tlg003	πολιτεύω	3	exact	πολιτεύω
tlg0059.tlg003	συνθήκη	3	exact	συνθήκη
tlg0059.tlg003	εὐνομέομαι	3	exact	εὐνομέομαι
tlg0059.tlg003	διαφθορεύς	3	exact	διαφθορεύς
tlg0059.tlg003	δεσμωτήριον	2	exact	δεσμωτήριον
tlg0059.tlg003	ἄρτι	2	exact	ἄρτι
tlg0059.tlg003	ἐπιεικής	2	exact	ἐπιεικής
tlg0059.tlg003	Ζεύς	2	exact	Ζεύς
tlg0059.tlg003	τοσοῦτος	2	exact	τοσοῦτος
tlg0059.tlg003	ἐγείρω	2	exact	ἐγείρω
tlg0059.tlg003	ῥᾴδιος	2	exact	ῥᾴδιος
tlg0059.tlg003	πρᾶος	2	exact	πρᾶος
tlg0059.tlg003	τηλικοῦτος	2	exact	τηλικοῦτος
tlg0059.tlg003	τελευτάω	2	exact	τελευτάω
tlg0059.tlg003	βαρύς	2	exact	βαρύς
tlg0059.tlg003	πλοῖον	2	exact	πλοῖον
tlg0059.tlg003	αὔριον	2	exact	αὔριον
tlg0059.tlg003	μέντοι	2	exact	μέντοι
tlg0059.tlg003	τεκμαίρομαι	2	exact	τεκμαίρομαι
tlg0059.tlg003	κύριος	2	exact	κύριος
tlg0059.tlg003	ἐπέρχομαι	2	exact	ἐπέρχομαι
tlg0059.tlg003	ἡμέρα	2	exact	ἡμέρα
tlg0059.tlg003	ἕτερος	2	exact	ἕτερος
tlg0059.tlg003	νύξ	2	exact	νύξ
tlg0059.tlg003	μακάριος	2	exact	μακάριος
tlg0059.tlg003	μέλω	2	exact	μέλω
tlg0059.tlg003	οὐδέτερος	2	exact	οὐδέτερος
tlg0059.tlg003	φρόνιμος	2	exact	φρόνιμος
tlg0059.tlg003	ἄφρων	2	exact	ἄφρων
tlg0059.tlg003	δυνατός	2	exact	δυνατός
tlg0059.tlg003	προμηθέομαι	2	exact	προμηθέομαι
tlg0059.tlg003	συκοφάντης	2	exact	συκοφάντης
tlg0059.tlg003	παρέχω	2	exact	παρέχω
tlg0059.tlg003	ἀναγκάζω	2	exact	ἀναγκάζω
tlg0059.tlg003	οὐσία	2	exact	οὐσία
tlg0059.tlg003	χαίρω	2	exact	χαίρω
tlg0059.tlg003	ἔπειτα	2	exact	ἔπειτα
tlg0059.tlg003	ἐμός	2	exact	ἐμός
tlg0059.tlg003	κήδω	2	exact	κήδω
tlg0059.tlg003	ἑτοῖμος	2	exact	ἑτοῖμος
tlg0059.tlg003	χράω	2	exact	χράω
tlg0059.tlg003	λυπέω	2	exact	λυπέω
tlg0059.tlg003	προδίδωμι	2	exact	προδίδωμι
tlg0059.tlg003	ἀνανδρία	2	exact	ἀνανδρία
tlg0059.tlg003	εἰσέρχομαι	2	exact	εἰσέρχομαι
tlg0059.tlg003	ὄφελος	2	exact	ὄφελος
tlg0059.tlg003	ἔμπροσθεν	2	exact	ἔμπροσθεν
tlg0059.tlg003	ὅμοιος	2	exact	ὅμοιος
tlg0059.tlg003	θάνατος	2	exact	θάνατος
tlg0059.tlg003	προσέχω	2	exact	προσέχω
tlg0059.tlg003	ἕνεκα	2	exact	ἕνεκα
tlg0059.tlg003	ἐπιθυμέω	2	exact	ἐπιθυμέω
tlg0059.tlg003	κοινῇ	2	exact	κοινῇ
tlg0059.tlg003	νυνδί	2	exact	νυνδί
tlg0059.tlg003	μέλλω	2	exact	μέλλω
tlg0059.tlg003	χρηστός	2	exact	χρηστός
tlg0059.tlg003	πονηρός	2	exact	πονηρός
tlg0059.tlg003	ναί	2	exact	ναί
tlg0059.tlg003	γυμνάζω	2	exact	γυμνάζω
tlg0059.tlg003	ψόγος	2	exact	ψόγος
tlg0059.tlg003	μόνος	2	exact	μόνος
tlg0059.tlg003	ἀπειθέω	2	exact	ἀπειθέω
tlg0059.tlg003	διόλλυμι	2	exact	διόλλυμι
tlg0059.tlg003	διέρχομαι	2	exact	διέρχομαι
tlg0059.tlg003	λωβάομαι	2	exact	λωβάομαι
tlg0059.tlg003	φαῦλος	2	exact	φαῦλος
tlg0059.tlg003	τίμιος	2	exact	τίμιος
tlg0059.tlg003	εἰσηγέομαι	2	exact	εἰσηγέομαι
tlg0059.tlg003	ἀποκτείνω	2	exact	ἀποκτείνω
tlg0059.tlg003	σκέψις	2	exact	σκέψις
tlg0059.tlg003	τροφή	2	exact	τροφή
tlg0059.tlg003	παραμένω	2	exact	παραμένω
tlg0059.tlg003	ἡσυχία	2	exact	ἡσυχία
tlg0059.tlg003	δράω	2	exact	δράω
tlg0059.tlg003	πη	2	exact	πη
tlg0059.tlg003	ἀρχή	2	exact	ἀρχή
tlg0059.tlg003	ἑκών	2	exact	ἑκών
tlg0059.tlg003	πρόσθεν	2	exact	πρόσθεν
tlg0059.tlg003	γέρων	2	exact	γέρων
tlg0059.tlg003	διαλέγω	2	exact	διαλέγω
tlg0059.tlg003	λανθάνω	2	exact	λανθάνω
tlg0059.tlg003	διαφέρω	2	exact	διαφέρω
tlg0059.tlg003	ἀντικακουργέω	2	exact	ἀντικακουργέω
tlg0059.tlg003	κοινός	2	exact	κοινός
tlg0059.tlg003	κοινωνέω	2	exact	κοινωνέω
tlg0059.tlg003	συνδοκέω	2	exact	συνδοκέω
tlg0059.tlg003	ἄρχω	2	exact	ἄρχω
tlg0059.tlg003	γεννάω	2	exact	γεννάω
tlg0059.tlg003	μέμφομαι	2	exact	μέμφομαι
tlg0059.tlg003	δοῦλος	2	exact	δοῦλος
tlg0059.tlg003	πρόγονος	2	exact	πρόγονος
tlg0059.tlg003	ἴσος	2	exact	ἴσος
tlg0059.tlg003	ἀντιποιέω	2	exact	ἀντιποιέω
tlg0059.tlg003	τύπτω	2	exact	τύπτω
tlg0059.tlg003	ὑπείκω	2	exact	ὑπείκω
tlg0059.tlg003	χαλεπαίνω	2	exact	χαλεπαίνω
tlg0059.tlg003	πόλεμος	2	exact	πόλεμος
tlg0059.tlg003	ὅσιος	2	exact	ὅσιος
tlg0059.tlg003	ποι	2	exact	ποι
tlg0059.tlg003	ἐκεῖσε	2	exact	ἐκεῖσε
tlg0059.tlg003	εἴπερ	2	exact	εἴπερ
tlg0059.tlg003	πώποτε	2	exact	πώποτε
tlg0059.tlg003	σφόδρα	2	exact	σφόδρα
tlg0059.tlg003	φυγή	2	exact	φυγή
tlg0059.tlg003	φεύγω	2	exact	φεύγω
tlg0059.tlg003	τηνικάδε	1	exact	τηνικάδε
tlg0059.tlg003	πηνίκα	1	exact	πηνίκα
tlg0059.tlg003	ὄρθρος	1	exact	ὄρθρος
tlg0059.tlg003	βαθύς	1	exact	βαθύς
tlg0059.tlg003	φύλαξ	1	exact	φύλαξ
tlg0059.tlg003	ὑπακούω	1	exact	ὑπακούω
tlg0059.tlg003	συνήθης	1	exact	συνήθης
tlg0059.tlg003	δεῦρο	1	exact	δεῦρο
tlg0059.tlg003	φοιτάω	1	exact	φοιτάω
tlg0059.tlg003	εὐεργετέω	1	exact	εὐεργετέω
tlg0059.tlg003	εἶτα	1	exact	εἶτα
tlg0059.tlg003	εὐθύς	1	exact	εὐθύς
tlg0059.tlg003	ἐπεγείρω	1	exact	ἐπεγείρω
tlg0059.tlg003	σιγή	1	exact	σιγή
tlg0059.tlg003	παρακάθημαι	1	exact	παρακάθημαι
tlg0059.tlg003	μά	1	exact	μά
tlg0059.tlg003	ἀγρυπνία	1	exact	ἀγρυπνία
tlg0059.tlg003	λύπη	1	exact	λύπη
tlg0059.tlg003	αἰσθάνομαι	1	exact	αἰσθάνομαι
tlg0059.tlg003	καθεύδω	1	exact	καθεύδω
tlg0059.tlg003	ἐπίτηδες	1	exact	ἐπίτηδες
tlg0059.tlg003	διάγω	1	exact	διάγω
tlg0059.tlg003	εὐδαιμονίζω	1	exact	εὐδαιμονίζω
tlg0059.tlg003	παρίστημι	1	exact	παρίστημι
tlg0059.tlg003	πλημμελής	1	exact	πλημμελής
tlg0059.tlg003	ἁλίσκομαι	1	exact	ἁλίσκομαι
tlg0059.tlg003	ἐπιλύω	1	exact	ἐπιλύω
tlg0059.tlg003	ἡλικία	1	exact	ἡλικία
tlg0059.tlg003	ἀγγελία	1	exact	ἀγγελία
tlg0059.tlg003	Δῆλος	1	exact	Δῆλος
tlg0059.tlg003	οὔτοι	1	exact	οὔτοι
tlg0059.tlg003	ἀπαγγέλλω	1	exact	ἀπαγγέλλω
tlg0059.tlg003	ἀπό	1	exact	ἀπό
tlg0059.tlg003	ἄγγελος	1	exact	ἄγγελος
tlg0059.tlg003	πόθεν	1	exact	πόθεν
tlg0059.tlg003	ὑστεραῖος	1	exact	ὑστεραῖος
tlg0059.tlg003	τοι	1	exact	τοι
tlg0059.tlg003	καιρός	1	exact	καιρός
tlg0059.tlg003	γυνή	1	exact	γυνή
tlg0059.tlg003	προσέρχομαι	1	exact	προσέρχομαι
tlg0059.tlg003	εὐειδής	1	exact	εὐειδής
tlg0059.tlg003	λευκός	1	exact	λευκός
tlg0059.tlg003	ἱμάτιον	1	exact	ἱμάτιον
tlg0059.tlg003	καλέω	1	exact	καλέω
tlg0059.tlg003	ἦμαρ	1	exact	ἦμαρ
tlg0059.tlg003	τρίτατος	1	exact	τρίτατος
tlg0059.tlg003	ἐριβῶλαξ	1	exact	ἐριβῶλαξ
tlg0059.tlg003	ἱκνέομαι	1	exact	ἱκνέομαι
tlg0059.tlg003	ἄτοπος	1	exact	ἄτοπος
tlg0059.tlg003	ἐναργής	1	exact	ἐναργής
tlg0059.tlg003	λίαν	1	exact	λίαν
tlg0059.tlg003	δαιμόνιος	1	exact	δαιμόνιος
tlg0059.tlg003	χωρίς	1	exact	χωρίς
tlg0059.tlg003	εὑρίσκω	1	exact	εὑρίσκω
tlg0059.tlg003	σαφής	1	exact	σαφής
tlg0059.tlg003	ἀμελέω	1	exact	ἀμελέω
tlg0059.tlg003	καίτοι	1	exact	καίτοι
tlg0059.tlg003	προθυμέομαι	1	exact	προθυμέομαι
tlg0059.tlg003	νυνί	1	exact	νυνί
tlg0059.tlg003	ἐξεργάζομαι	1	exact	ἐξεργάζομαι
tlg0059.tlg003	διαβάλλω	1	exact	διαβάλλω
tlg0059.tlg003	ὀφείλω	1	exact	ὀφείλω
tlg0059.tlg003	ἐκκλέπτω	1	exact	ἐκκλέπτω
tlg0059.tlg003	ἀποβάλλω	1	exact	ἀποβάλλω
tlg0059.tlg003	συχνός	1	exact	συχνός
tlg0059.tlg003	κίνδυνος	1	exact	κίνδυνος
tlg0059.tlg003	εὐτελής	1	exact	εὐτελής
tlg0059.tlg003	ὑπάρχω	1	exact	ὑπάρχω
tlg0059.tlg003	ἁμός	1	exact	ἁμός
tlg0059.tlg003	κομίζω	1	exact	κομίζω
tlg0059.tlg003	ἀποκάμνω	1	exact	ἀποκάμνω
tlg0059.tlg003	δυσχερής	1	exact	δυσχερής
tlg0059.tlg003	πολλαχοῦ	1	exact	πολλαχοῦ
tlg0059.tlg003	ἀγαπάω	1	exact	ἀγαπάω
tlg0059.tlg003	ἀσφάλεια	1	exact	ἀσφάλεια
tlg0059.tlg003	ἐχθρός	1	exact	ἐχθρός
tlg0059.tlg003	υἱός	1	exact	υἱός
tlg0059.tlg003	ἐκπαιδεύω	1	exact	ἐκπαιδεύω
tlg0059.tlg003	οἴχομαι	1	exact	οἴχομαι
tlg0059.tlg003	ὀρφανία	1	exact	ὀρφανία
tlg0059.tlg003	ὀρφανός	1	exact	ὀρφανός
tlg0059.tlg003	συνδιαταλαιπωρέω	1	exact	συνδιαταλαιπωρέω
tlg0059.tlg003	ῥᾴθυμος	1	exact	ῥᾴθυμος
tlg0059.tlg003	ἀνδρεῖος	1	exact	ἀνδρεῖος
tlg0059.tlg003	εἴσοδος	1	exact	εἴσοδος
tlg0059.tlg003	ἀγών	1	exact	ἀγών
tlg0059.tlg003	τελευταῖος	1	exact	τελευταῖος
tlg0059.tlg003	κατάγελως	1	exact	κατάγελως
tlg0059.tlg003	πρᾶξις	1	exact	πρᾶξις
tlg0059.tlg003	κακία	1	exact	κακία
tlg0059.tlg003	διαφεύγω	1	exact	διαφεύγω
tlg0059.tlg003	ἅμα	1	exact	ἅμα
tlg0059.tlg003	ὥρα	1	exact	ὥρα
tlg0059.tlg003	περιμένω	1	exact	περιμένω
tlg0059.tlg003	ἀδύνατος	1	exact	ἀδύνατος
tlg0059.tlg003	οὐκέτι	1	exact	οὐκέτι
tlg0059.tlg003	μηδαμῶς	1	exact	μηδαμῶς
tlg0059.tlg003	προθυμία	1	exact	προθυμία
tlg0059.tlg003	ὀρθότης	1	exact	ὀρθότης
tlg0059.tlg003	ἀεί	1	exact	ἀεί
tlg0059.tlg003	λογίζομαι	1	exact	λογίζομαι
tlg0059.tlg003	ἐκβάλλω	1	exact	ἐκβάλλω
tlg0059.tlg003	πρεσβεύω	1	exact	πρεσβεύω
tlg0059.tlg003	συγχωρέω	1	exact	συγχωρέω
tlg0059.tlg003	δύναμις	1	exact	δύναμις
tlg0059.tlg003	μορμολύττομαι	1	exact	μορμολύττομαι
tlg0059.tlg003	δεσμός	1	exact	δεσμός
tlg0059.tlg003	ἐπιπέμπω	1	exact	ἐπιπέμπω
tlg0059.tlg003	ἀφαίρεσις	1	exact	ἀφαίρεσις
tlg0059.tlg003	μέτριος	1	exact	μέτριος
tlg0059.tlg003	ἀναλαμβάνω	1	exact	ἀναλαμβάνω
tlg0059.tlg003	πρίν	1	exact	πρίν
tlg0059.tlg003	κατάδηλος	1	exact	κατάδηλος
tlg0059.tlg003	φλυαρία	1	exact	φλυαρία
tlg0059.tlg003	ἐπισκοπέω	1	exact	ἐπισκοπέω
tlg0059.tlg003	ἀλλοῖος	1	exact	ἀλλοῖος
tlg0059.tlg003	πως	1	exact	πως
tlg0059.tlg003	δοξάζω	1	exact	δοξάζω
tlg0059.tlg003	ἀνθρώπειος	1	exact	ἀνθρώπειος
tlg0059.tlg003	ἐκτός	1	exact	ἐκτός
tlg0059.tlg003	παρακρούω	1	exact	παρακρούω
tlg0059.tlg003	ἰατρός	1	exact	ἰατρός
tlg0059.tlg003	παιδοτρίβης	1	exact	παιδοτρίβης
tlg0059.tlg003	ἀσπάζομαι	1	exact	ἀσπάζομαι
tlg0059.tlg003	ἐσθίω	1	exact	ἐσθίω
tlg0059.tlg003	πίνω	1	exact	πίνω
tlg0059.tlg003	ἐπιστάτης	1	exact	ἐπιστάτης
tlg0059.tlg003	εἶεν	1	exact	εἶεν
tlg0059.tlg003	ἀτιμάζω	1	exact	ἀτιμάζω
tlg0059.tlg003	ποῖ	1	exact	ποῖ
tlg0059.tlg003	τείνω	1	exact	τείνω
tlg0059.tlg003	ἕπομαι	1	exact	ἕπομαι
tlg0059.tlg003	ἀκολουθέω	1	exact	ἀκολουθέω
tlg0059.tlg003	ὑγιεινός	1	exact	ὑγιεινός
tlg0059.tlg003	νοσώδης	1	exact	νοσώδης
tlg0059.tlg003	μοχθηρός	1	exact	μοχθηρός
tlg0059.tlg003	ὀνίνημι	1	exact	ὀνίνημι
tlg0059.tlg003	ἀδικία	1	exact	ἀδικία
tlg0059.tlg003	ἐναντίος	1	exact	ἐναντίος
tlg0059.tlg003	θαυμάσιος	1	exact	θαυμάσιος
tlg0059.tlg003	ἀφίημι	1	exact	ἀφίημι
tlg0059.tlg003	ἀνάλωσις	1	exact	ἀνάλωσις
tlg0059.tlg003	σκέμμα	1	exact	σκέμμα
tlg0059.tlg003	ἀναβιώσκομαι	1	exact	ἀναβιώσκομαι
tlg0059.tlg003	σύν	1	exact	σύν
tlg0059.tlg003	τελέω	1	exact	τελέω
tlg0059.tlg003	ἐξάγνυμι	1	exact	ἐξάγνυμι
tlg0059.tlg003	χάρις	1	exact	χάρις
tlg0059.tlg003	ὑπολογίζομαι	1	exact	ὑπολογίζομαι
tlg0059.tlg003	παύω	1	exact	παύω
tlg0059.tlg003	ἐκχέω	1	exact	ἐκχέω
tlg0059.tlg003	τηλικόσδε	1	exact	τηλικόσδε
tlg0059.tlg003	σπουδή	1	exact	σπουδή
tlg0059.tlg003	δῆτα	1	exact	δῆτα
tlg0059.tlg003	κακουργέω	1	exact	κακουργέω
tlg0059.tlg003	δήπου	1	exact	δήπου
tlg0059.tlg003	καθομολογέω	1	exact	καθομολογέω
tlg0059.tlg003	καταφρονέω	1	exact	καταφρονέω
tlg0059.tlg003	βούλευμα	1	exact	βούλευμα
tlg0059.tlg003	ἐντεῦθεν	1	exact	ἐντεῦθεν
tlg0059.tlg003	οὐδέποτε	1	exact	οὐδέποτε
tlg0059.tlg003	ἀμύνω	1	exact	ἀμύνω
tlg0059.tlg003	ἀντιδράω	1	exact	ἀντιδράω
tlg0059.tlg003	ἄλλῃ	1	exact	ἄλλῃ
tlg0059.tlg003	διδάσκω	1	exact	διδάσκω
tlg0059.tlg003	ἐξαπατάω	1	exact	ἐξαπατάω
tlg0059.tlg003	ἀθρέω	1	exact	ἀθρέω
tlg0059.tlg003	ἐννοέω	1	exact	ἐννοέω
tlg0059.tlg003	ὀνομάζω	1	exact	ὀνομάζω
tlg0059.tlg003	ἐφίστημι	1	exact	ἐφίστημι
tlg0059.tlg003	ἔρομαι	1	exact	ἔρομαι
tlg0059.tlg003	διανοέω	1	exact	διανοέω
tlg0059.tlg003	ἀνατρέπω	1	exact	ἀνατρέπω
tlg0059.tlg003	ἰσχύω	1	exact	ἰσχύω
tlg0059.tlg003	ἰδιώτης	1	exact	ἰδιώτης
tlg0059.tlg003	ἄκυρος	1	exact	ἄκυρος
tlg0059.tlg003	ῥήτωρ	1	exact	ῥήτωρ
tlg0059.tlg003	κρίνω	1	exact	κρίνω
tlg0059.tlg003	νή	1	exact	νή
tlg0059.tlg003	ἦ	1	exact	ἦ
tlg0059.tlg003	ἐγκαλέω	1	exact	ἐγκαλέω
tlg0059.tlg003	φυτεύω	1	exact	φυτεύω
tlg0059.tlg003	φράζω	1	exact	φράζω
tlg0059.tlg003	γάμος	1	exact	γάμος
tlg0059.tlg003	παιδεία	1	exact	παιδεία
tlg0059.tlg003	τάσσω	1	exact	τάσσω
tlg0059.tlg003	παραγγέλλω	1	exact	παραγγέλλω
tlg0059.tlg003	μουσικός	1	exact	μουσικός
tlg0059.tlg003	γυμναστικός	1	exact	γυμναστικός
tlg0059.tlg003	ἔκγονος	1	exact	ἔκγονος
tlg0059.tlg003	δεσπότης	1	exact	δεσπότης
tlg0059.tlg003	ἀντιτύπτω	1	exact	ἀντιτύπτω
tlg0059.tlg003	ἀνταπόλλυμι	1	exact	ἀνταπόλλυμι
tlg0059.tlg003	σοφός	1	exact	σοφός
tlg0059.tlg003	σεμνός	1	exact	σεμνός
tlg0059.tlg003	ἅγιος	1	exact	ἅγιος
tlg0059.tlg003	μοῖρα	1	exact	μοῖρα
tlg0059.tlg003	σέβω	1	exact	σέβω
tlg0059.tlg003	θωπεύω	1	exact	θωπεύω
tlg0059.tlg003	τιτρώσκω	1	exact	τιτρώσκω
tlg0059.tlg003	ἀναχωρέω	1	exact	ἀναχωρέω
tlg0059.tlg003	λείπω	1	exact	λείπω
tlg0059.tlg003	τάξις	1	exact	τάξις
tlg0059.tlg003	πανταχοῦ	1	exact	πανταχοῦ
tlg0059.tlg003	φύω	1	exact	φύω
tlg0059.tlg003	βιάζω	1	exact	βιάζω
tlg0059.tlg003	ἥσσων	1	exact	ἥσσων
tlg0059.tlg003	μεταδίδωμι	1	exact	μεταδίδωμι
tlg0059.tlg003	πολίτης	1	exact	πολίτης
tlg0059.tlg003	προαγορεύω	1	exact	προαγορεύω
tlg0059.tlg003	ἐξουσία	1	exact	ἐξουσία
tlg0059.tlg003	ἐπειδάν	1	exact	ἐπειδάν
tlg0059.tlg003	δοκιμάζω	1	exact	δοκιμάζω
tlg0059.tlg003	ἐμποδών	1	exact	ἐμποδών
tlg0059.tlg003	ἀπαγορεύω	1	exact	ἀπαγορεύω
tlg0059.tlg003	ἀποικία	1	exact	ἀποικία
tlg0059.tlg003	μετοικέω	1	exact	μετοικέω
tlg0059.tlg003	διοικέω	1	exact	διοικέω
tlg0059.tlg003	τριχῆ	1	exact	τριχῆ
tlg0059.tlg003	γεννητής	1	exact	γεννητής
tlg0059.tlg003	προτίθημι	1	exact	προτίθημι
tlg0059.tlg003	ἄγριος	1	exact	ἄγριος
tlg0059.tlg003	ἐπιτάσσω	1	exact	ἐπιτάσσω
tlg0059.tlg003	ἐφίημι	1	exact	ἐφίημι
tlg0059.tlg003	δύο	1	exact	δύο
tlg0059.tlg003	αἰτία	1	exact	αἰτία
tlg0059.tlg003	ἐνέχω	1	exact	ἐνέχω
tlg0059.tlg003	ἐπινοέω	1	exact	ἐπινοέω
tlg0059.tlg003	καθάπτω	1	exact	καθάπτω
tlg0059.tlg003	τεκμήριον	1	exact	τεκμήριον
tlg0059.tlg003	ἐπιδημέω	1	exact	ἐπιδημέω
tlg0059.tlg003	θεωρία	1	exact	θεωρία
tlg0059.tlg003	ἅπαξ	1	exact	ἅπαξ
tlg0059.tlg003	Ἰσθμός	1	exact	Ἰσθμός
tlg0059.tlg003	οὐδαμόσε	1	exact	οὐδαμόσε
tlg0059.tlg003	στρατεύω	1	exact	στρατεύω
tlg0059.tlg003	ἀποδημία	1	exact	ἀποδημία
tlg0059.tlg003	ἐπιθυμία	1	exact	ἐπιθυμία
tlg0059.tlg003	καλλωπίζω	1	exact	καλλωπίζω
tlg0059.tlg003	ἐντρέπω	1	exact	ἐντρέπω
tlg0059.tlg003	συντίθημι	1	exact	συντίθημι
tlg0059.tlg003	ἀπατάω	1	exact	ἀπατάω
tlg0059.tlg003	ἔτος	1	exact	ἔτος
tlg0059.tlg003	ἑβδομήκοντα	1	exact	ἑβδομήκοντα
tlg0059.tlg003	προαιρέω	1	exact	προαιρέω
tlg0059.tlg003	βαρβαρικός	1	exact	βαρβαρικός
tlg0059.tlg003	ἐλαχύς	1	exact	ἐλαχύς
tlg0059.tlg003	χωλός	1	exact	χωλός
tlg0059.tlg003	τυφλός	1	exact	τυφλός
tlg0059.tlg003	ἀνάπηρος	1	exact	ἀνάπηρος
tlg0059.tlg003	ἄνευ	1	exact	ἄνευ
tlg0059.tlg003	καταγέλαστος	1	exact	καταγέλαστος
tlg0059.tlg003	ἐξαμαρτάνω	1	exact	ἐξαμαρτάνω
tlg0059.tlg003	στερέω	1	exact	στερέω
tlg0059.tlg003	ἐγγύς	1	exact	ἐγγύς
tlg0059.tlg003	Μέγαρα	1	exact	Μέγαρα
tlg0059.tlg003	ἀμφότερος	1	exact	ἀμφότερος
tlg0059.tlg003	πολέμιος	1	exact	πολέμιος
tlg0059.tlg003	πολιτεία	1	exact	πολιτεία
tlg0059.tlg003	ὑποβλέπω	1	exact	ὑποβλέπω
tlg0059.tlg003	βεβαιόω	1	exact	βεβαιόω
tlg0059.tlg003	δικαστής	1	exact	δικαστής
tlg0059.tlg003	νέος	1	exact	νέος
tlg0059.tlg003	ἀνόητος	1	exact	ἀνόητος
tlg0059.tlg003	κόσμιος	1	exact	κόσμιος
tlg0059.tlg003	πλησιάζω	1	exact	πλησιάζω
tlg0059.tlg003	ἀναισχυντέω	1	exact	ἀναισχυντέω
tlg0059.tlg003	νόμιμος	1	exact	νόμιμος
tlg0059.tlg003	ἀσχήμων	1	exact	ἀσχήμων
tlg0059.tlg003	τόπος	1	exact	τόπος
tlg0059.tlg003	ἀπαίρω	1	exact	ἀπαίρω
tlg0059.tlg003	ἀταξία	1	exact	ἀταξία
tlg0059.tlg003	ἀκολασία	1	exact	ἀκολασία
tlg0059.tlg003	γέλοιος	1	exact	γέλοιος
tlg0059.tlg003	σκευή	1	exact	σκευή
tlg0059.tlg003	περιτίθημι	1	exact	περιτίθημι
tlg0059.tlg003	διφθέρα	1	exact	διφθέρα
tlg0059.tlg003	ἐνσκευάζω	1	exact	ἐνσκευάζω
tlg0059.tlg003	σχῆμα	1	exact	σχῆμα
tlg0059.tlg003	μεταλλάσσω	1	exact	μεταλλάσσω
tlg0059.tlg003	λοιπός	1	exact	λοιπός
tlg0059.tlg003	τολμάω	1	exact	τολμάω
tlg0059.tlg003	γλίσχρος	1	exact	γλίσχρος
tlg0059.tlg003	ἀνάξιος	1	exact	ἀνάξιος
tlg0059.tlg003	ὑπέρχομαι	1	exact	ὑπέρχομαι
tlg0059.tlg003	βιόω	1	exact	βιόω
tlg0059.tlg003	δουλεύω	1	exact	δουλεύω
tlg0059.tlg003	εὐωχέω	1	exact	εὐωχέω
tlg0059.tlg003	δεῖπνον	1	exact	δεῖπνον
tlg0059.tlg003	ποῦ	1	exact	ποῦ
tlg0059.tlg003	ἀπολαύω	1	exact	ἀπολαύω
tlg0059.tlg003	σύνειμι	1	exact	σύνειμι
tlg0059.tlg003	τροφεύς	1	exact	τροφεύς
tlg0059.tlg003	ἀπολογέομαι	1	exact	ἀπολογέομαι
tlg0059.tlg003	ἀδελφός	1	exact	ἀδελφός
tlg0059.tlg003	εὐμενής	1	exact	εὐμενής
tlg0059.tlg003	ὑποδέχομαι	1	exact	ὑποδέχομαι
tlg0059.tlg003	ἑταῖρος	1	exact	ἑταῖρος
tlg0059.tlg003	Κορυβαντιάω	1	exact	Κορυβαντιάω
tlg0059.tlg003	αὐλός	1	exact	αὐλός
tlg0059.tlg003	ἠχή	1	exact	ἠχή
tlg0059.tlg003	βομβέω	1	exact	βομβέω
tlg0059.tlg003	μάτην	1	exact	μάτην
tlg0059.tlg003	ἔα	1	exact	ἔα
tlg0059.tlg003	ὑφηγέομαι	1	exact	ὑφηγέομαι
tlg0059.tlg011	ὁ	1623	exact	ὁ
tlg0059.tlg011	καί	1129	exact	καί
tlg0059.tlg011	εἰμί	518	exact	εἰμί
tlg0059.tlg011	δέ	396	exact	δέ
tlg0059.tlg011	οὗτος	333	exact	οὗτος
tlg0059.tlg011	ἐγώ	321	exact	ἐγώ
tlg0059.tlg011	οὐ	309	exact	οὐ
tlg0059.tlg011	λέγω	282	exact	λέγω
tlg0059.tlg011	γάρ	229	exact	γάρ
tlg0059.tlg011	αὐτός	226	exact	αὐτός
tlg0059.tlg011	τε	192	exact	τε
tlg0059.tlg011	ὅς	191	exact	ὅς
tlg0059.tlg011	φημί	191	exact	φημί
tlg0059.tlg011	μέν	186	exact	μέν
tlg0059.tlg011	ἄν	171	exact	ἄν
tlg0059.tlg011	ἀλλά	169	exact	ἀλλά
tlg0059.tlg011	καλός	163	exact	καλός
tlg0059.tlg011	τις	159	exact	τις
tlg0059.tlg011	ἄλλος	148	exact	ἄλλος
tlg0059.tlg011	οὖν	138	exact	οὖν
tlg0059.tlg011	ἐν	137	exact	ἐν
tlg0059.tlg011	πᾶς	136	exact	πᾶς
tlg0059.tlg011	σύ	135	exact	σύ
tlg0059.tlg011	ἤ	124	exact	ἤ
tlg0059.tlg011	ὡς	122	exact	ὡς
tlg0059.tlg011	δή	119	exact	δή
tlg0059.tlg011	μή	119	exact	μή
tlg0059.tlg011	ὅτι	114	exact	ὅτι
tlg0059.tlg011	ἔχω	108	exact	ἔχω
tlg0059.tlg011	εἰ	107	exact	εἰ
tlg0059.tlg011	γίγνομαι	105	exact	γίγνομαι
tlg0059.tlg011	ὦ	98	exact	ὦ
tlg0059.tlg011	θεός	89	exact	θεός
tlg0059.tlg011	λόγος	85	exact	λόγος
tlg0059.tlg011	πολύς	85	exact	πολύς
tlg0059.tlg011	ἔρως	85	exact	ἔρως
tlg0059.tlg011	περί	81	exact	περί
tlg0059.tlg011	γε	81	exact	γε
tlg0059.tlg011	ποιέω	80	exact	ποιέω
tlg0059.tlg011	ἐπί	80	exact	ἐπί
tlg0059.tlg011	ἄνθρωπος	76	exact	ἄνθρωπος
tlg0059.tlg011	ἀγαθός	68	exact	ἀγαθός
tlg0059.tlg011	οὕτως	66	exact	οὕτως
tlg0059.tlg011	Ἀγάθων	64	exact	Ἀγάθων
tlg0059.tlg011	οὐδείς	64	exact	οὐδείς
tlg0059.tlg011	τίς	63	exact	τίς
tlg0059.tlg011	οἴομαι	62	exact	οἴομαι
tlg0059.tlg011	ἐράω	62	exact	ἐράω
tlg0059.tlg011	δοκέω	59	exact	δοκέω
tlg0059.tlg011	εἰς	59	exact	εἰς
tlg0059.tlg011	ὑπό	59	exact	ὑπό
tlg0059.tlg011	πρός	56	exact	πρός
tlg0059.tlg011	ὥσπερ	55	exact	ὥσπερ
tlg0059.tlg011	τοιοῦτος	53	exact	τοιοῦτος
tlg0059.tlg011	διά	51	exact	διά
tlg0059.tlg011	δέω	49	exact	δέω
tlg0059.tlg011	ἐκ	48	exact	ἐκ
tlg0059.tlg011	οἷος	48	exact	οἷος
tlg0059.tlg011	κατά	47	exact	κατά
tlg0059.tlg011	μάλα	46	exact	μάλα
tlg0059.tlg011	ἐκεῖνος	46	exact	ἐκεῖνος
tlg0059.tlg011	βούλομαι	45	exact	βούλομαι
tlg0059.tlg011	ἀνήρ	45	exact	ἀνήρ
tlg0059.tlg011	ἑαυτοῦ	45	exact	ἑαυτοῦ
tlg0059.tlg011	αἰσχρός	43	exact	αἰσχρός
tlg0059.tlg011	ὁράω	42	exact	ὁράω
tlg0059.tlg011	εἷς	42	exact	εἷς
tlg0059.tlg011	αὖ	40	exact	αὖ
tlg0059.tlg011	παρά	40	exact	παρά
tlg0059.tlg011	ἀεί	38	exact	ἀεί
tlg0059.tlg011	νῦν	38	exact	νῦν
tlg0059.tlg011	μόνος	38	exact	μόνος
tlg0059.tlg011	ἐάν	38	exact	ἐάν
tlg0059.tlg011	μέγας	37	exact	μέγας
tlg0059.tlg011	οἶδα	36	exact	οἶδα
tlg0059.tlg011	πάνυ	35	exact	πάνυ
tlg0059.tlg011	ἐραστής	35	exact	ἐραστής
tlg0059.tlg011	ἀκούω	34	exact	ἀκούω
tlg0059.tlg011	πρῶτος	34	exact	πρῶτος
tlg0059.tlg011	ὥστε	33	exact	ὥστε
tlg0059.tlg011	ὁμολογέω	33	exact	ὁμολογέω
tlg0059.tlg011	μετά	33	exact	μετά
tlg0059.tlg011	σῶμα	32	exact	σῶμα
tlg0059.tlg011	παῖς	30	exact	παῖς
tlg0059.tlg011	ὅστις	29	exact	ὅστις
tlg0059.tlg011	ἔτι	29	exact	ἔτι
tlg0059.tlg011	ἵνα	29	exact	ἵνα
tlg0059.tlg011	καλέω	28	exact	καλέω
tlg0059.tlg011	ἐπιθυμέω	28	exact	ἐπιθυμέω
tlg0059.tlg011	ἀλλήλων	27	exact	ἀλλήλων
tlg0059.tlg011	ἔπειτα	27	exact	ἔπειτα
tlg0059.tlg011	ἔρχομαι	26	exact	ἔρχομαι
tlg0059.tlg011	ἀληθής	26	exact	ἀληθής
tlg0059.tlg011	ἐπαινέω	25	exact	ἐπαινέω
tlg0059.tlg011	φύσις	25	exact	φύσις
tlg0059.tlg011	ψυχή	24	exact	ψυχή
tlg0059.tlg011	ἐρωτικός	23	exact	ἐρωτικός
tlg0059.tlg011	ἕκαστος	23	exact	ἕκαστος
tlg0059.tlg011	πάρειμι	23	exact	πάρειμι
tlg0059.tlg011	σοφός	23	exact	σοφός
tlg0059.tlg011	εὖ	22	exact	εὖ
tlg0059.tlg011	νέος	22	exact	νέος
tlg0059.tlg011	ἀρετή	22	exact	ἀρετή
tlg0059.tlg011	ἡγέομαι	21	exact	ἡγέομαι
tlg0059.tlg011	ἀπό	21	exact	ἀπό
tlg0059.tlg011	ἐθέλω	21	exact	ἐθέλω
tlg0059.tlg011	ὅσος	21	exact	ὅσος
tlg0059.tlg011	χαρίζω	21	exact	χαρίζω
tlg0059.tlg011	ἅμα	20	exact	ἅμα
tlg0059.tlg011	ὅταν	20	exact	ὅταν
tlg0059.tlg011	παιδικός	20	exact	παιδικός
tlg0059.tlg011	τυγχάνω	19	exact	τυγχάνω
tlg0059.tlg011	ἄρα	19	exact	ἄρα
tlg0059.tlg011	ἤδη	19	exact	ἤδη
tlg0059.tlg011	πάσχω	19	exact	πάσχω
tlg0059.tlg011	τότε	18	exact	τότε
tlg0059.tlg011	πίνω	18	exact	πίνω
tlg0059.tlg011	μηδείς	18	exact	μηδείς
tlg0059.tlg011	γυνή	18	exact	γυνή
tlg0059.tlg011	θαυμαστός	18	exact	θαυμαστός
tlg0059.tlg011	πατήρ	18	exact	πατήρ
tlg0059.tlg011	ὀρθός	18	exact	ὀρθός
tlg0059.tlg011	ἕτερος	18	exact	ἕτερος
tlg0059.tlg011	ἄρχω	17	exact	ἄρχω
tlg0059.tlg011	ἕνεκα	17	exact	ἕνεκα
tlg0059.tlg011	ὅδε	17	exact	ὅδε
tlg0059.tlg011	μέντοι	16	exact	μέντοι
tlg0059.tlg011	ποτέ	16	exact	ποτέ
tlg0059.tlg011	πῶς	16	exact	πῶς
tlg0059.tlg011	κελεύω	16	exact	κελεύω
tlg0059.tlg011	δύο	16	exact	δύο
tlg0059.tlg011	ἐγκωμιάζω	16	exact	ἐγκωμιάζω
tlg0059.tlg011	δύναμαι	16	exact	δύναμαι
tlg0059.tlg011	νόμος	16	exact	νόμος
tlg0059.tlg011	πρᾶγμα	16	exact	πρᾶγμα
tlg0059.tlg011	κάλλος	16	exact	κάλλος
tlg0059.tlg011	μήν	15	exact	μήν
tlg0059.tlg011	χρή	15	exact	χρή
tlg0059.tlg011	ὅμοιος	15	exact	ὅμοιος
tlg0059.tlg011	ὅπως	15	exact	ὅπως
tlg0059.tlg011	νόος	15	exact	νόος
tlg0059.tlg011	κατάκειμαι	15	exact	κατάκειμαι
tlg0059.tlg011	ἐνταῦθα	15	exact	ἐνταῦθα
tlg0059.tlg011	διηγέομαι	14	exact	διηγέομαι
tlg0059.tlg011	πράσσω	14	exact	πράσσω
tlg0059.tlg011	ἥκω	14	exact	ἥκω
tlg0059.tlg011	μέλλω	14	exact	μέλλω
tlg0059.tlg011	ἐμός	14	exact	ἐμός
tlg0059.tlg011	δεινός	14	exact	δεινός
tlg0059.tlg011	ἔργον	14	exact	ἔργον
tlg0059.tlg011	ὄνομα	14	exact	ὄνομα
tlg0059.tlg011	ἐπιστήμη	14	exact	ἐπιστήμη
tlg0059.tlg011	ἠμί	13	exact	ἠμί
tlg0059.tlg011	ἴσως	13	exact	ἴσως
tlg0059.tlg011	πειράω	13	exact	πειράω
tlg0059.tlg011	διαλέγω	13	exact	διαλέγω
tlg0059.tlg011	κατακλίνω	13	exact	κατακλίνω
tlg0059.tlg011	ἐπειδάν	13	exact	ἐπειδάν
tlg0059.tlg011	ποιητής	13	exact	ποιητής
tlg0059.tlg011	ἅτε	13	exact	ἅτε
tlg0059.tlg011	ἐπεί	13	exact	ἐπεί
tlg0059.tlg011	ἄρσην	13	exact	ἄρσην
tlg0059.tlg011	γεννάω	13	exact	γεννάω
tlg0059.tlg011	ἀπέρχομαι	13	exact	ἀπέρχομαι
tlg0059.tlg011	ἐνδεής	13	exact	ἐνδεής
tlg0059.tlg011	ἀθάνατος	13	exact	ἀθάνατος
tlg0059.tlg011	φίλος	12	exact	φίλος
tlg0059.tlg011	τοίνυν	12	exact	τοίνυν
tlg0059.tlg011	ἐντυγχάνω	12	exact	ἐντυγχάνω
tlg0059.tlg011	θαυμάζω	12	exact	θαυμάζω
tlg0059.tlg011	χρόνος	12	exact	χρόνος
tlg0059.tlg011	σοφία	12	exact	σοφία
tlg0059.tlg011	ἀμφότερος	12	exact	ἀμφότερος
tlg0059.tlg011	τέχνη	12	exact	τέχνη
tlg0059.tlg011	διαφέρω	12	exact	διαφέρω
tlg0059.tlg011	τιμάω	11	exact	τιμάω
tlg0059.tlg011	ἰατρικός	11	exact	ἰατρικός
tlg0059.tlg011	τοσοῦτος	11	exact	τοσοῦτος
tlg0059.tlg011	ἐπιχειρέω	11	exact	ἐπιχειρέω
tlg0059.tlg011	τίκτω	11	exact	τίκτω
tlg0059.tlg011	εὐδαίμων	11	exact	εὐδαίμων
tlg0059.tlg011	ζητέω	10	exact	ζητέω
tlg0059.tlg011	συνουσία	10	exact	συνουσία
tlg0059.tlg011	δίκαιος	10	exact	δίκαιος
tlg0059.tlg011	ἔοικα	10	exact	ἔοικα
tlg0059.tlg011	Ζεύς	10	exact	Ζεύς
tlg0059.tlg011	ἄξιος	10	exact	ἄξιος
tlg0059.tlg011	κακός	10	exact	κακός
tlg0059.tlg011	ἄγω	10	exact	ἄγω
tlg0059.tlg011	εἰσέρχομαι	10	exact	εἰσέρχομαι
tlg0059.tlg011	νομίζω	10	exact	νομίζω
tlg0059.tlg011	τρόπος	10	exact	τρόπος
tlg0059.tlg011	πείθω	10	exact	πείθω
tlg0059.tlg011	αἴτιος	10	exact	αἴτιος
tlg0059.tlg011	ὑπέρ	10	exact	ὑπέρ
tlg0059.tlg011	δίδωμι	10	exact	δίδωμι
tlg0059.tlg011	θεῖος	10	exact	θεῖος
tlg0059.tlg011	μετέχω	10	exact	μετέχω
tlg0059.tlg011	ἡμέτερος	10	exact	ἡμέτερος
tlg0059.tlg011	δύναμις	10	exact	δύναμις
tlg0059.tlg011	ἀναγκάζω	10	exact	ἀναγκάζω
tlg0059.tlg011	παύω	10	exact	παύω
tlg0059.tlg011	θνητός	10	exact	θνητός
tlg0059.tlg011	ἐνθάδε	9	exact	ἐνθάδε
tlg0059.tlg011	χαίρω	9	exact	χαίρω
tlg0059.tlg011	λαμβάνω	9	exact	λαμβάνω
tlg0059.tlg011	Ὅμηρος	9	exact	Ὅμηρος
tlg0059.tlg011	φαῦλος	9	exact	φαῦλος
tlg0059.tlg011	γέλοιος	9	exact	γέλοιος
tlg0059.tlg011	δειπνέω	9	exact	δειπνέω
tlg0059.tlg011	σκοπέω	9	exact	σκοπέω
tlg0059.tlg011	ἐάω	9	exact	ἐάω
tlg0059.tlg011	ἅπτω	9	exact	ἅπτω
tlg0059.tlg011	ὀλίγος	9	exact	ὀλίγος
tlg0059.tlg011	ῥᾴδιος	9	exact	ῥᾴδιος
tlg0059.tlg011	πρέσβυς	9	exact	πρέσβυς
tlg0059.tlg011	βίος	9	exact	βίος
tlg0059.tlg011	αἰσχύνω	9	exact	αἰσχύνω
tlg0059.tlg011	δήπου	9	exact	δήπου
tlg0059.tlg011	παρέχω	9	exact	παρέχω
tlg0059.tlg011	φιλία	9	exact	φιλία
tlg0059.tlg011	τελευτάω	9	exact	τελευτάω
tlg0059.tlg011	ταχύς	9	exact	ταχύς
tlg0059.tlg011	ἀντί	9	exact	ἀντί
tlg0059.tlg011	ἐπιθυμία	9	exact	ἐπιθυμία
tlg0059.tlg011	γένος	9	exact	γένος
tlg0059.tlg011	ὅλος	9	exact	ὅλος
tlg0059.tlg011	ἆρα	9	exact	ἆρα
tlg0059.tlg011	φαίνω	9	exact	φαίνω
tlg0059.tlg011	ἥσσων	8	exact	ἥσσων
tlg0059.tlg011	δῆλος	8	exact	δῆλος
tlg0059.tlg011	ἐμαυτοῦ	8	exact	ἐμαυτοῦ
tlg0059.tlg011	ἀρχή	8	exact	ἀρχή
tlg0059.tlg011	κινδυνεύω	8	exact	κινδυνεύω
tlg0059.tlg011	σφεῖς	8	exact	σφεῖς
tlg0059.tlg011	σός	8	exact	σός
tlg0059.tlg011	χράω	8	exact	χράω
tlg0059.tlg011	τρέπω	8	exact	τρέπω
tlg0059.tlg011	ἀδύνατος	8	exact	ἀδύνατος
tlg0059.tlg011	ἱκανός	8	exact	ἱκανός
tlg0059.tlg011	ἄνευ	8	exact	ἄνευ
tlg0059.tlg011	μήτηρ	8	exact	μήτηρ
tlg0059.tlg011	ἐργάζομαι	8	exact	ἐργάζομαι
tlg0059.tlg011	πάλιν	8	exact	πάλιν
tlg0059.tlg011	ἀναγκαῖος	8	exact	ἀναγκαῖος
tlg0059.tlg011	βλέπω	8	exact	βλέπω
tlg0059.tlg011	γιγνώσκω	8	exact	γιγνώσκω
tlg0059.tlg011	ἐξαπατάω	8	exact	ἐξαπατάω
tlg0059.tlg011	οἴχομαι	8	exact	οἴχομαι
tlg0059.tlg011	κόσμιος	8	exact	κόσμιος
tlg0059.tlg011	φέρω	8	exact	φέρω
tlg0059.tlg011	ἰσχυρός	8	exact	ἰσχυρός
tlg0059.tlg011	κτάομαι	8	exact	κτάομαι
tlg0059.tlg011	ἁρμονία	8	exact	ἁρμονία
tlg0059.tlg011	χείρ	8	exact	χείρ
tlg0059.tlg011	ἀπορέω	8	exact	ἀπορέω
tlg0059.tlg011	θεάομαι	8	exact	θεάομαι
tlg0059.tlg011	ἁπαλός	8	exact	ἁπαλός
tlg0059.tlg011	ποίησις	8	exact	ποίησις
tlg0059.tlg011	μεταξύ	8	exact	μεταξύ
tlg0059.tlg011	κυέω	8	exact	κυέω
tlg0059.tlg011	ἀναδέω	8	exact	ἀναδέω
tlg0059.tlg011	ἑταῖρος	7	exact	ἑταῖρος
tlg0059.tlg011	πρότερος	7	exact	πρότερος
tlg0059.tlg011	ἡμέρα	7	exact	ἡμέρα
tlg0059.tlg011	πρό	7	exact	πρό
tlg0059.tlg011	μικρός	7	exact	μικρός
tlg0059.tlg011	ἕπομαι	7	exact	ἕπομαι
tlg0059.tlg011	θυσία	7	exact	θυσία
tlg0059.tlg011	προσέχω	7	exact	προσέχω
tlg0059.tlg011	ἵστημι	7	exact	ἵστημι
tlg0059.tlg011	πολλάκις	7	exact	πολλάκις
tlg0059.tlg011	σφόδρα	7	exact	σφόδρα
tlg0059.tlg011	χαλεπός	7	exact	χαλεπός
tlg0059.tlg011	ἑκών	7	exact	ἑκών
tlg0059.tlg011	ἡδονή	7	exact	ἡδονή
tlg0059.tlg011	σύνειμι	7	exact	σύνειμι
tlg0059.tlg011	ἔπαινος	7	exact	ἔπαινος
tlg0059.tlg011	θαυμάσιος	7	exact	θαυμάσιος
tlg0059.tlg011	σπουδή	7	exact	σπουδή
tlg0059.tlg011	τολμάω	7	exact	τολμάω
tlg0059.tlg011	ἐναντίος	7	exact	ἐναντίος
tlg0059.tlg011	Ἀφροδίτη	7	exact	Ἀφροδίτη
tlg0059.tlg011	γένεσις	7	exact	γένεσις
tlg0059.tlg011	ἐμποιέω	7	exact	ἐμποιέω
tlg0059.tlg011	πόλις	7	exact	πόλις
tlg0059.tlg011	λείπω	7	exact	λείπω
tlg0059.tlg011	ζάω	7	exact	ζάω
tlg0059.tlg011	ἀνάγκη	7	exact	ἀνάγκη
tlg0059.tlg011	τίθημι	7	exact	τίθημι
tlg0059.tlg011	παλαιός	7	exact	παλαιός
tlg0059.tlg011	ὅμως	7	exact	ὅμως
tlg0059.tlg011	ἕως	7	exact	ἕως
tlg0059.tlg011	ζῷον	7	exact	ζῷον
tlg0059.tlg011	μαντικός	7	exact	μαντικός
tlg0059.tlg011	σωφροσύνη	7	exact	σωφροσύνη
tlg0059.tlg011	εἶδος	7	exact	εἶδος
tlg0059.tlg011	κεφαλή	7	exact	κεφαλή
tlg0059.tlg011	ἥμισυς	7	exact	ἥμισυς
tlg0059.tlg011	διέρχομαι	7	exact	διέρχομαι
tlg0059.tlg011	μεθύω	7	exact	μεθύω
tlg0059.tlg011	παραγίγνομαι	6	exact	παραγίγνομαι
tlg0059.tlg011	φιλοσοφέω	6	exact	φιλοσοφέω
tlg0059.tlg011	μά	6	exact	μά
tlg0059.tlg011	πορεύω	6	exact	πορεύω
tlg0059.tlg011	φιλοσοφία	6	exact	φιλοσοφία
tlg0059.tlg011	ἄτεχνος	6	exact	ἄτεχνος
tlg0059.tlg011	μαλακός	6	exact	μαλακός
tlg0059.tlg011	ἕ	6	exact	ἕ
tlg0059.tlg011	ἔρομαι	6	exact	ἔρομαι
tlg0059.tlg011	χθές	6	exact	χθές
tlg0059.tlg011	διαφερόντως	6	exact	διαφερόντως
tlg0059.tlg011	θύρα	6	exact	θύρα
tlg0059.tlg011	εὐθύς	6	exact	εὐθύς
tlg0059.tlg011	ἔνειμι	6	exact	ἔνειμι
tlg0059.tlg011	ἐπίσταμαι	6	exact	ἐπίσταμαι
tlg0059.tlg011	τεκμήριον	6	exact	τεκμήριον
tlg0059.tlg011	αἱρέω	6	exact	αἱρέω
tlg0059.tlg011	ἐπιτίθημι	6	exact	ἐπιτίθημι
tlg0059.tlg011	ἅπας	6	exact	ἅπας
tlg0059.tlg011	ἑκάτερος	6	exact	ἑκάτερος
tlg0059.tlg011	θῆλυς	6	exact	θῆλυς
tlg0059.tlg011	διώκω	6	exact	διώκω
tlg0059.tlg011	χρῆμα	6	exact	χρῆμα
tlg0059.tlg011	φύω	6	exact	φύω
tlg0059.tlg011	φρόνησις	6	exact	φρόνησις
tlg0059.tlg011	διδάσκω	6	exact	διδάσκω
tlg0059.tlg011	ἀνθρώπινος	6	exact	ἀνθρώπινος
tlg0059.tlg011	δημιουργός	6	exact	δημιουργός
tlg0059.tlg011	μουσική	6	exact	μουσική
tlg0059.tlg011	ἐκεῖ	6	exact	ἐκεῖ
tlg0059.tlg011	ὥρα	6	exact	ὥρα
tlg0059.tlg011	κοινός	6	exact	κοινός
tlg0059.tlg011	ἐννοέω	6	exact	ἐννοέω
tlg0059.tlg011	τέμνω	6	exact	τέμνω
tlg0059.tlg011	μέσος	6	exact	μέσος
tlg0059.tlg011	ἀπόλλυμι	6	exact	ἀπόλλυμι
tlg0059.tlg011	γοῦν	6	exact	γοῦν
tlg0059.tlg011	ψεύδω	6	exact	ψεύδω
tlg0059.tlg011	ἀνδρεία	6	exact	ἀνδρεία
tlg0059.tlg011	ἀσπάζομαι	6	exact	ἀσπάζομαι
tlg0059.tlg011	ἐκπλήσσω	6	exact	ἐκπλήσσω
tlg0059.tlg011	ἐξέρχομαι	6	exact	ἐξέρχομαι
tlg0059.tlg011	κρατέω	6	exact	κρατέω
tlg0059.tlg011	ἀμαθία	6	exact	ἀμαθία
tlg0059.tlg011	καθεύδω	6	exact	καθεύδω
tlg0059.tlg011	ἐπιτήδευμα	6	exact	ἐπιτήδευμα
tlg0059.tlg011	ἐφίστημι	5	exact	ἐφίστημι
tlg0059.tlg011	ἐρωτάω	5	exact	ἐρωτάω
tlg0059.tlg011	ὅτε	5	exact	ὅτε
tlg0059.tlg011	πάλαι	5	exact	πάλαι
tlg0059.tlg011	ὁδός	5	exact	ὁδός
tlg0059.tlg011	τοιόσδε	5	exact	τοιόσδε
tlg0059.tlg011	δεῖπνον	5	exact	δεῖπνον
tlg0059.tlg011	φοβέω	5	exact	φοβέω
tlg0059.tlg011	βουλεύω	5	exact	βουλεύω
tlg0059.tlg011	πως	5	exact	πως
tlg0059.tlg011	πρόσθεν	5	exact	πρόσθεν
tlg0059.tlg011	αὖθις	5	exact	αὖθις
tlg0059.tlg011	ὕστερον	5	exact	ὕστερον
tlg0059.tlg011	ἐξαρκέω	5	exact	ἐξαρκέω
tlg0059.tlg011	δεξιός	5	exact	δεξιός
tlg0059.tlg011	μηχανή	5	exact	μηχανή
tlg0059.tlg011	ἔπος	5	exact	ἔπος
tlg0059.tlg011	ὅθεν	5	exact	ὅθεν
tlg0059.tlg011	ὧδε	5	exact	ὧδε
tlg0059.tlg011	πάνδημος	5	exact	πάνδημος
tlg0059.tlg011	τέλος	5	exact	τέλος
tlg0059.tlg011	φιλέω	5	exact	φιλέω
tlg0059.tlg011	φεύγω	5	exact	φεύγω
tlg0059.tlg011	καταφρονέω	5	exact	καταφρονέω
tlg0059.tlg011	μέρος	5	exact	μέρος
tlg0059.tlg011	γῆ	5	exact	γῆ
tlg0059.tlg011	καθοράω	5	exact	καθοράω
tlg0059.tlg011	φυλάσσω	5	exact	φυλάσσω
tlg0059.tlg011	αἰσθάνομαι	5	exact	αἰσθάνομαι
tlg0059.tlg011	ἰάομαι	5	exact	ἰάομαι
tlg0059.tlg011	ἀφανίζω	5	exact	ἀφανίζω
tlg0059.tlg011	πρόσωπον	5	exact	πρόσωπον
tlg0059.tlg011	ὁπότε	5	exact	ὁπότε
tlg0059.tlg011	ἀρχαῖος	5	exact	ἀρχαῖος
tlg0059.tlg011	νύξ	5	exact	νύξ
tlg0059.tlg011	περίειμι	5	exact	περίειμι
tlg0059.tlg011	στρατηγός	5	exact	στρατηγός
tlg0059.tlg011	ἀποκρίνω	5	exact	ἀποκρίνω
tlg0059.tlg011	πούς	5	exact	πούς
tlg0059.tlg011	ὀνομάζω	5	exact	ὀνομάζω
tlg0059.tlg011	ἀδελφός	5	exact	ἀδελφός
tlg0059.tlg011	ἑτοῖμος	5	exact	ἑτοῖμος
tlg0059.tlg011	εἴπερ	5	exact	εἴπερ
tlg0059.tlg011	τοι	5	exact	τοι
tlg0059.tlg011	γέννησις	5	exact	γέννησις
tlg0059.tlg011	ἀθανασία	5	exact	ἀθανασία
tlg0059.tlg011	ταινία	5	exact	ταινία
tlg0059.tlg011	δάκνω	5	exact	δάκνω
tlg0059.tlg011	σαφής	4	exact	σαφής
tlg0059.tlg011	νυνί	4	exact	νυνί
tlg0059.tlg011	πάντως	4	exact	πάντως
tlg0059.tlg011	χωρίς	4	exact	χωρίς
tlg0059.tlg011	πλήν	4	exact	πλήν
tlg0059.tlg011	διανοέω	4	exact	διανοέω
tlg0059.tlg011	ἄκλητος	4	exact	ἄκλητος
tlg0059.tlg011	ἀνοίγνυμι	4	exact	ἀνοίγνυμι
tlg0059.tlg011	ἔνδοθεν	4	exact	ἔνδοθεν
tlg0059.tlg011	οὗ	4	exact	οὗ
tlg0059.tlg011	μεταστρέφω	4	exact	μεταστρέφω
tlg0059.tlg011	δεῦρο	4	exact	δεῦρο
tlg0059.tlg011	ἄρτι	4	exact	ἄρτι
tlg0059.tlg011	ἀφίημι	4	exact	ἀφίημι
tlg0059.tlg011	κινέω	4	exact	κινέω
tlg0059.tlg011	εὑρίσκω	4	exact	εὑρίσκω
tlg0059.tlg011	παρασκευάζω	4	exact	παρασκευάζω
tlg0059.tlg011	οἶνος	4	exact	οἶνος
tlg0059.tlg011	κατάδηλος	4	exact	κατάδηλος
tlg0059.tlg011	ὑπολαμβάνω	4	exact	ὑπολαμβάνω
tlg0059.tlg011	λοιπός	4	exact	λοιπός
tlg0059.tlg011	εἰσηγέομαι	4	exact	εἰσηγέομαι
tlg0059.tlg011	αὐλητρίς	4	exact	αὐλητρίς
tlg0059.tlg011	χρηστός	4	exact	χρηστός
tlg0059.tlg011	ἴσος	4	exact	ἴσος
tlg0059.tlg011	ἄλλῃ	4	exact	ἄλλῃ
tlg0059.tlg011	τίμιος	4	exact	τίμιος
tlg0059.tlg011	τιμή	4	exact	τιμή
tlg0059.tlg011	προσήκω	4	exact	προσήκω
tlg0059.tlg011	ἀποπέμπω	4	exact	ἀποπέμπω
tlg0059.tlg011	εὐδαιμονία	4	exact	εὐδαιμονία
tlg0059.tlg011	παρίημι	4	exact	παρίημι
tlg0059.tlg011	ἁπλῶς	4	exact	ἁπλῶς
tlg0059.tlg011	ὁποῖος	4	exact	ὁποῖος
tlg0059.tlg011	ἴσχω	4	exact	ἴσχω
tlg0059.tlg011	κοινῇ	4	exact	κοινῇ
tlg0059.tlg011	καταγελάω	4	exact	καταγελάω
tlg0059.tlg011	προσαναγκάζω	4	exact	προσαναγκάζω
tlg0059.tlg011	ἄλλοθι	4	exact	ἄλλοθι
tlg0059.tlg011	ἐγγίγνομαι	4	exact	ἐγγίγνομαι
tlg0059.tlg011	μανθάνω	4	exact	μανθάνω
tlg0059.tlg011	ἐνθυμέομαι	4	exact	ἐνθυμέομαι
tlg0059.tlg011	πάγκαλος	4	exact	πάγκαλος
tlg0059.tlg011	πονηρός	4	exact	πονηρός
tlg0059.tlg011	μόνιμος	4	exact	μόνιμος
tlg0059.tlg011	ἦθος	4	exact	ἦθος
tlg0059.tlg011	μένω	4	exact	μένω
tlg0059.tlg011	παρακελεύομαι	4	exact	παρακελεύομαι
tlg0059.tlg011	ὑπηρετέω	4	exact	ὑπηρετέω
tlg0059.tlg011	ἐπιδείκνυμι	4	exact	ἐπιδείκνυμι
tlg0059.tlg011	λύγξ	4	exact	λύγξ
tlg0059.tlg011	ἀνόμοιος	4	exact	ἀνόμοιος
tlg0059.tlg011	κεφάλαιος	4	exact	κεφάλαιος
tlg0059.tlg011	ὑγρός	4	exact	ὑγρός
tlg0059.tlg011	ῥῆμα	4	exact	ῥῆμα
tlg0059.tlg011	ῥυθμός	4	exact	ῥυθμός
tlg0059.tlg011	προσφέρω	4	exact	προσφέρω
tlg0059.tlg011	ἀδικέω	4	exact	ἀδικέω
tlg0059.tlg011	δικαιοσύνη	4	exact	δικαιοσύνη
tlg0059.tlg011	πρίν	4	exact	πρίν
tlg0059.tlg011	κύκλος	4	exact	κύκλος
tlg0059.tlg011	σκέλος	4	exact	σκέλος
tlg0059.tlg011	οὖς	4	exact	οὖς
tlg0059.tlg011	δίχα	4	exact	δίχα
tlg0059.tlg011	ὄργανον	4	exact	ὄργανον
tlg0059.tlg011	περιβάλλω	4	exact	περιβάλλω
tlg0059.tlg011	πορίζω	4	exact	πορίζω
tlg0059.tlg011	ἀνδρεῖος	4	exact	ἀνδρεῖος
tlg0059.tlg011	φόβος	4	exact	φόβος
tlg0059.tlg011	καθίστημι	4	exact	καθίστημι
tlg0059.tlg011	μακάριος	4	exact	μακάριος
tlg0059.tlg011	βαίνω	4	exact	βαίνω
tlg0059.tlg011	σκληρός	4	exact	σκληρός
tlg0059.tlg011	πόνος	4	exact	πόνος
tlg0059.tlg011	πότερος	4	exact	πότερος
tlg0059.tlg011	οὐκοῦν	4	exact	οὐκοῦν
tlg0059.tlg011	ἀμαθής	4	exact	ἀμαθής
tlg0059.tlg011	δόξα	4	exact	δόξα
tlg0059.tlg011	διό	4	exact	διό
tlg0059.tlg011	ἀκόλουθος	4	exact	ἀκόλουθος
tlg0059.tlg011	εὔπορος	4	exact	εὔπορος
tlg0059.tlg011	διατίθημι	4	exact	διατίθημι
tlg0059.tlg011	οὐδέποτε	4	exact	οὐδέποτε
tlg0059.tlg011	μνήμη	4	exact	μνήμη
tlg0059.tlg011	διάκειμαι	4	exact	διάκειμαι
tlg0059.tlg011	ἐξαίφνης	4	exact	ἐξαίφνης
tlg0059.tlg011	μάθημα	4	exact	μάθημα
tlg0059.tlg011	ἀνίστημι	4	exact	ἀνίστημι
tlg0059.tlg011	πυνθάνομαι	3	exact	πυνθάνομαι
tlg0059.tlg011	περιμένω	3	exact	περιμένω
tlg0059.tlg011	παντάπασι	3	exact	παντάπασι
tlg0059.tlg011	ἔτος	3	exact	ἔτος
tlg0059.tlg011	τρεῖς	3	exact	τρεῖς
tlg0059.tlg011	νικάω	3	exact	νικάω
tlg0059.tlg011	ἀνυπόδητος	3	exact	ἀνυπόδητος
tlg0059.tlg011	ὑμέτερος	3	exact	ὑμέτερος
tlg0059.tlg011	πλούσιος	3	exact	πλούσιος
tlg0059.tlg011	ὑποδέω	3	exact	ὑποδέω
tlg0059.tlg011	διαφεύγω	3	exact	διαφεύγω
tlg0059.tlg011	παροιμία	3	exact	παροιμία
tlg0059.tlg011	διαφθείρω	3	exact	διαφθείρω
tlg0059.tlg011	μεταβάλλω	3	exact	μεταβάλλω
tlg0059.tlg011	ὑβρίζω	3	exact	ὑβρίζω
tlg0059.tlg011	αὐτόθι	3	exact	αὐτόθι
tlg0059.tlg011	ἀναχωρέω	3	exact	ἀναχωρέω
tlg0059.tlg011	αὐτίκα	3	exact	αὐτίκα
tlg0059.tlg011	διατρίβω	3	exact	διατρίβω
tlg0059.tlg011	ὑβριστής	3	exact	ὑβριστής
tlg0059.tlg011	δικαστής	3	exact	δικαστής
tlg0059.tlg011	ῥώννυμι	3	exact	ῥώννυμι
tlg0059.tlg011	δυνατός	3	exact	δυνατός
tlg0059.tlg011	πρόσω	3	exact	πρόσω
tlg0059.tlg011	ἔνδον	3	exact	ἔνδον
tlg0059.tlg011	σοφιστής	3	exact	σοφιστής
tlg0059.tlg011	πω	3	exact	πω
tlg0059.tlg011	ὑμνέω	3	exact	ὑμνέω
tlg0059.tlg011	ἀμελέω	3	exact	ἀμελέω
tlg0059.tlg011	σύμφημι	3	exact	σύμφημι
tlg0059.tlg011	ἦκα	3	exact	ἦκα
tlg0059.tlg011	ἰδιώτης	3	exact	ἰδιώτης
tlg0059.tlg011	πλοῦτος	3	exact	πλοῦτος
tlg0059.tlg011	αἰσχύνη	3	exact	αἰσχύνη
tlg0059.tlg011	οἰκέω	3	exact	οἰκέω
tlg0059.tlg011	ἀπέχω	3	exact	ἀπέχω
tlg0059.tlg011	ὅπλον	3	exact	ὅπλον
tlg0059.tlg011	δέχομαι	3	exact	δέχομαι
tlg0059.tlg011	θυγάτηρ	3	exact	θυγάτηρ
tlg0059.tlg011	υἱός	3	exact	υἱός
tlg0059.tlg011	τιμωρέω	3	exact	τιμωρέω
tlg0059.tlg011	ἄγαμαι	3	exact	ἄγαμαι
tlg0059.tlg011	Οὐρανία	3	exact	Οὐρανία
tlg0059.tlg011	πρᾶξις	3	exact	πρᾶξις
tlg0059.tlg011	ἀποβαίνω	3	exact	ἀποβαίνω
tlg0059.tlg011	ἀνόητος	3	exact	ἀνόητος
tlg0059.tlg011	διαπράσσω	3	exact	διαπράσσω
tlg0059.tlg011	ἄμοιρος	3	exact	ἄμοιρος
tlg0059.tlg011	ὁρμάω	3	exact	ὁρμάω
tlg0059.tlg011	ὄνειδος	3	exact	ὄνειδος
tlg0059.tlg011	ἀποβλέπω	3	exact	ἀποβλέπω
tlg0059.tlg011	βάρβαρος	3	exact	βάρβαρος
tlg0059.tlg011	κοινωνία	3	exact	κοινωνία
tlg0059.tlg011	βέβαιος	3	exact	βέβαιος
tlg0059.tlg011	κεῖμαι	3	exact	κεῖμαι
tlg0059.tlg011	γενναῖος	3	exact	γενναῖος
tlg0059.tlg011	ὀνειδίζω	3	exact	ὀνειδίζω
tlg0059.tlg011	κολακεία	3	exact	κολακεία
tlg0059.tlg011	ἄνθος	3	exact	ἄνθος
tlg0059.tlg011	συντήκω	3	exact	συντήκω
tlg0059.tlg011	βασανίζω	3	exact	βασανίζω
tlg0059.tlg011	αἰτία	3	exact	αἰτία
tlg0059.tlg011	ἁλίσκομαι	3	exact	ἁλίσκομαι
tlg0059.tlg011	πολιτικός	3	exact	πολιτικός
tlg0059.tlg011	καρτερέω	3	exact	καρτερέω
tlg0059.tlg011	συμβάλλω	3	exact	συμβάλλω
tlg0059.tlg011	συνέρχομαι	3	exact	συνέρχομαι
tlg0059.tlg011	ἀναφαίνω	3	exact	ἀναφαίνω
tlg0059.tlg011	δηλόω	3	exact	δηλόω
tlg0059.tlg011	οὐράνιος	3	exact	οὐράνιος
tlg0059.tlg011	πλησμονή	3	exact	πλησμονή
tlg0059.tlg011	ἰατρός	3	exact	ἰατρός
tlg0059.tlg011	διπλόος	3	exact	διπλόος
tlg0059.tlg011	τείνω	3	exact	τείνω
tlg0059.tlg011	ὑγιής	3	exact	ὑγιής
tlg0059.tlg011	ὀξύς	3	exact	ὀξύς
tlg0059.tlg011	ὁμολογία	3	exact	ὁμολογία
tlg0059.tlg011	ἀνθρώπειος	3	exact	ἀνθρώπειος
tlg0059.tlg011	ἐνιαυτός	3	exact	ἐνιαυτός
tlg0059.tlg011	μεστός	3	exact	μεστός
tlg0059.tlg011	νυνδί	3	exact	νυνδί
tlg0059.tlg011	θηρίον	3	exact	θηρίον
tlg0059.tlg011	κρατύς	3	exact	κρατύς
tlg0059.tlg011	πταρμός	3	exact	πταρμός
tlg0059.tlg011	εἰρήνη	3	exact	εἰρήνη
tlg0059.tlg011	γελάω	3	exact	γελάω
tlg0059.tlg011	ἱερόν	3	exact	ἱερόν
tlg0059.tlg011	κατασκευάζω	3	exact	κατασκευάζω
tlg0059.tlg011	διδάσκαλος	3	exact	διδάσκαλος
tlg0059.tlg011	τρίτος	3	exact	τρίτος
tlg0059.tlg011	πάντῃ	3	exact	πάντῃ
tlg0059.tlg011	ἥλιος	3	exact	ἥλιος
tlg0059.tlg011	ἀσθενής	3	exact	ἀσθενής
tlg0059.tlg011	γαστήρ	3	exact	γαστήρ
tlg0059.tlg011	συμπλέκω	3	exact	συμπλέκω
tlg0059.tlg011	τμῆμα	3	exact	τμῆμα
tlg0059.tlg011	μειράκιον	3	exact	μειράκιον
tlg0059.tlg011	δράω	3	exact	δράω
tlg0059.tlg011	ἡγεμών	3	exact	ἡγεμών
tlg0059.tlg011	ἐγγύς	3	exact	ἐγγύς
tlg0059.tlg011	ἡδύς	3	exact	ἡδύς
tlg0059.tlg011	σύνοιδα	3	exact	σύνοιδα
tlg0059.tlg011	παντοδαπός	3	exact	παντοδαπός
tlg0059.tlg011	θορυβέω	3	exact	θορυβέω
tlg0059.tlg011	θέατρον	3	exact	θέατρον
tlg0059.tlg011	ἐντός	3	exact	ἐντός
tlg0059.tlg011	λανθάνω	3	exact	λανθάνω
tlg0059.tlg011	βία	3	exact	βία
tlg0059.tlg011	Ἄρης	3	exact	Ἄρης
tlg0059.tlg011	ἐφάπτω	3	exact	ἐφάπτω
tlg0059.tlg011	ἐπέρχομαι	3	exact	ἐπέρχομαι
tlg0059.tlg011	σύμπας	3	exact	σύμπας
tlg0059.tlg011	ὑπάρχω	3	exact	ὑπάρχω
tlg0059.tlg011	ἀλήθεια	3	exact	ἀλήθεια
tlg0059.tlg011	πλουτέω	3	exact	πλουτέω
tlg0059.tlg011	ἔνδεια	3	exact	ἔνδεια
tlg0059.tlg011	ναί	3	exact	ναί
tlg0059.tlg011	δῆτα	3	exact	δῆτα
tlg0059.tlg011	ἀντιλέγω	3	exact	ἀντιλέγω
tlg0059.tlg011	ξένος	3	exact	ξένος
tlg0059.tlg011	σχεδόν	3	exact	σχεδόν
tlg0059.tlg011	δαίμων	3	exact	δαίμων
tlg0059.tlg011	δαιμόνιος	3	exact	δαιμόνιος
tlg0059.tlg011	ἀφικνέομαι	3	exact	ἀφικνέομαι
tlg0059.tlg011	ἐπιβουλεύω	3	exact	ἐπιβουλεύω
tlg0059.tlg011	εὐπορέω	3	exact	εὐπορέω
tlg0059.tlg011	φιλόσοφος	3	exact	φιλόσοφος
tlg0059.tlg011	τέλειος	3	exact	τέλειος
tlg0059.tlg011	οὐκέτι	3	exact	οὐκέτι
tlg0059.tlg011	σπουδάζω	3	exact	σπουδάζω
tlg0059.tlg011	προστίθημι	3	exact	προστίθημι
tlg0059.tlg011	τόκος	3	exact	τόκος
tlg0059.tlg011	μέχρι	3	exact	μέχρι
tlg0059.tlg011	ἀναπαύω	3	exact	ἀναπαύω
tlg0059.tlg011	αὐλή	3	exact	αὐλή
tlg0059.tlg011	συμπότης	3	exact	συμπότης
tlg0059.tlg011	μέμφομαι	3	exact	μέμφομαι
tlg0059.tlg011	ἐκπίνω	3	exact	ἐκπίνω
tlg0059.tlg011	διοίγνυμι	3	exact	διοίγνυμι
tlg0059.tlg011	ἄγαλμα	3	exact	ἄγαλμα
tlg0059.tlg011	συγγυμνάζω	3	exact	συγγυμνάζω
tlg0059.tlg011	χειμών	3	exact	χειμών
tlg0059.tlg011	ἀπεικάζω	3	exact	ἀπεικάζω
tlg0059.tlg011	ἀμελέτητος	2	exact	ἀμελέτητος
tlg0059.tlg011	ἄστυ	2	exact	ἄστυ
tlg0059.tlg011	ὄπισθεν	2	exact	ὄπισθεν
tlg0059.tlg011	πρόσωθεν	2	exact	πρόσωθεν
tlg0059.tlg011	παίζω	2	exact	παίζω
tlg0059.tlg011	Φοῖνιξ	2	exact	Φοῖνιξ
tlg0059.tlg011	ἐπιμελής	2	exact	ἐπιμελής
tlg0059.tlg011	ἄθλιος	2	exact	ἄθλιος
tlg0059.tlg011	τραγῳδία	2	exact	τραγῳδία
tlg0059.tlg011	ἐπινίκιος	2	exact	ἐπινίκιος
tlg0059.tlg011	θύω	2	exact	θύω
tlg0059.tlg011	ἔνιοι	2	exact	ἔνιοι
tlg0059.tlg011	καθά	2	exact	καθά
tlg0059.tlg011	ἐπιτήδειος	2	exact	ἐπιτήδειος
tlg0059.tlg011	ἄχθομαι	2	exact	ἄχθομαι
tlg0059.tlg011	ἐλεέω	2	exact	ἐλεέω
tlg0059.tlg011	ὅποι	2	exact	ὅποι
tlg0059.tlg011	σήμερον	2	exact	σήμερον
tlg0059.tlg011	μαλθακός	2	exact	μαλθακός
tlg0059.tlg011	ἑστιάω	2	exact	ἑστιάω
tlg0059.tlg011	θοίνη	2	exact	θοίνη
tlg0059.tlg011	καταλαμβάνω	2	exact	καταλαμβάνω
tlg0059.tlg011	συνδειπνέω	2	exact	συνδειπνέω
tlg0059.tlg011	οὐδαμοῦ	2	exact	οὐδαμοῦ
tlg0059.tlg011	ποῦ	2	exact	ποῦ
tlg0059.tlg011	ἀπονίζω	2	exact	ἀπονίζω
tlg0059.tlg011	πρόθυρον	2	exact	πρόθυρον
tlg0059.tlg011	ἄτοπος	2	exact	ἄτοπος
tlg0059.tlg011	οὔκουν	2	exact	οὔκουν
tlg0059.tlg011	θεραπεύω	2	exact	θεραπεύω
tlg0059.tlg011	ἀπολαύω	2	exact	ἀπολαύω
tlg0059.tlg011	καθίζω	2	exact	καθίζω
tlg0059.tlg011	πλήρης	2	exact	πλήρης
tlg0059.tlg011	κενός	2	exact	κενός
tlg0059.tlg011	ῥέω	2	exact	ῥέω
tlg0059.tlg011	κύλιξ	2	exact	κύλιξ
tlg0059.tlg011	ὕδωρ	2	exact	ὕδωρ
tlg0059.tlg011	πληρόω	2	exact	πληρόω
tlg0059.tlg011	μάρτυς	2	exact	μάρτυς
tlg0059.tlg011	πότος	2	exact	πότος
tlg0059.tlg011	κατάρχω	2	exact	κατάρχω
tlg0059.tlg011	εἶεν	2	exact	εἶεν
tlg0059.tlg011	πόσις	2	exact	πόσις
tlg0059.tlg011	ἦ	2	exact	ἦ
tlg0059.tlg011	οὐδαμῶς	2	exact	οὐδαμῶς
tlg0059.tlg011	ἕρμαιον	2	exact	ἕρμαιον
tlg0059.tlg011	ἐξαιρέω	2	exact	ἐξαιρέω
tlg0059.tlg011	πρόθυμος	2	exact	πρόθυμος
tlg0059.tlg011	μεθύσκω	2	exact	μεθύσκω
tlg0059.tlg011	μέθη	2	exact	μέθη
tlg0059.tlg011	αὐλέω	2	exact	αὐλέω
tlg0059.tlg011	ἀγανακτέω	2	exact	ἀγανακτέω
tlg0059.tlg011	πώποτε	2	exact	πώποτε
tlg0059.tlg011	πρέπω	2	exact	πρέπω
tlg0059.tlg011	διατριβή	2	exact	διατριβή
tlg0059.tlg011	τύχη	2	exact	τύχη
tlg0059.tlg011	ἐνθένδε	2	exact	ἐνθένδε
tlg0059.tlg011	ποθεν	2	exact	ποθεν
tlg0059.tlg011	πολλαχῆ	2	exact	πολλαχῆ
tlg0059.tlg011	ἀσφαλής	2	exact	ἀσφαλής
tlg0059.tlg011	φιλοτιμία	2	exact	φιλοτιμία
tlg0059.tlg011	ἐξεργάζομαι	2	exact	ἐξεργάζομαι
tlg0059.tlg011	ἀνανδρία	2	exact	ἀνανδρία
tlg0059.tlg011	ἀμύνω	2	exact	ἀμύνω
tlg0059.tlg011	στρατόπεδον	2	exact	στρατόπεδον
tlg0059.tlg011	ἐραστός	2	exact	ἐραστός
tlg0059.tlg011	ἐγκαταλείπω	2	exact	ἐγκαταλείπω
tlg0059.tlg011	βοηθέω	2	exact	βοηθέω
tlg0059.tlg011	ἔνθεος	2	exact	ἔνθεος
tlg0059.tlg011	ἥρως	2	exact	ἥρως
tlg0059.tlg011	ἀλλότριος	2	exact	ἀλλότριος
tlg0059.tlg011	ἀνίημι	2	exact	ἀνίημι
tlg0059.tlg011	διαμηχανάομαι	2	exact	διαμηχανάομαι
tlg0059.tlg011	μάκαρ	2	exact	μάκαρ
tlg0059.tlg011	νῆσος	2	exact	νῆσος
tlg0059.tlg011	ἀποκτείνω	2	exact	ἀποκτείνω
tlg0059.tlg011	ἀγαπάω	2	exact	ἀγαπάω
tlg0059.tlg011	κύριος	2	exact	κύριος
tlg0059.tlg011	κτῆσις	2	exact	κτῆσις
tlg0059.tlg011	προλέγω	2	exact	προλέγω
tlg0059.tlg011	θεά	2	exact	θεά
tlg0059.tlg011	συνεργός	2	exact	συνεργός
tlg0059.tlg011	συμβαίνω	2	exact	συμβαίνω
tlg0059.tlg011	ὕβρις	2	exact	ὕβρις
tlg0059.tlg011	ἐρρωμένος	2	exact	ἐρρωμένος
tlg0059.tlg011	παιδεραστία	2	exact	παιδεραστία
tlg0059.tlg011	εἰλικρινής	2	exact	εἰλικρινής
tlg0059.tlg011	πλησιάζω	2	exact	πλησιάζω
tlg0059.tlg011	ἐντεῦθεν	2	exact	ἐντεῦθεν
tlg0059.tlg011	ἄδηλος	2	exact	ἄδηλος
tlg0059.tlg011	ἀναλίσκω	2	exact	ἀναλίσκω
tlg0059.tlg011	κακία	2	exact	κακία
tlg0059.tlg011	ἐλεύθερος	2	exact	ἐλεύθερος
tlg0059.tlg011	ἀδικία	2	exact	ἀδικία
tlg0059.tlg011	νοέω	2	exact	νοέω
tlg0059.tlg011	νομοθετέω	2	exact	νομοθετέω
tlg0059.tlg011	πολλαχοῦ	2	exact	πολλαχοῦ
tlg0059.tlg011	φιλογυμναστία	2	exact	φιλογυμναστία
tlg0059.tlg011	συμφέρω	2	exact	συμφέρω
tlg0059.tlg011	φρόνημα	2	exact	φρόνημα
tlg0059.tlg011	πλεονεξία	2	exact	πλεονεξία
tlg0059.tlg011	ἀργία	2	exact	ἀργία
tlg0059.tlg011	κατανοέω	2	exact	κατανοέω
tlg0059.tlg011	ἐξουσία	2	exact	ἐξουσία
tlg0059.tlg011	χάρις	2	exact	χάρις
tlg0059.tlg011	ὄμνυμι	2	exact	ὄμνυμι
tlg0059.tlg011	ὅρκος	2	exact	ὅρκος
tlg0059.tlg011	ταύτῃ	2	exact	ταύτῃ
tlg0059.tlg011	παιδαγωγός	2	exact	παιδαγωγός
tlg0059.tlg011	προστάσσω	2	exact	προστάσσω
tlg0059.tlg011	λοιδορέω	2	exact	λοιδορέω
tlg0059.tlg011	ἁπλόος	2	exact	ἁπλόος
tlg0059.tlg011	λήγω	2	exact	λήγω
tlg0059.tlg011	δουλεύω	2	exact	δουλεύω
tlg0059.tlg011	δουλεία	2	exact	δουλεία
tlg0059.tlg011	ἐπονείδιστος	2	exact	ἐπονείδιστος
tlg0059.tlg011	ὑπουργέω	2	exact	ὑπουργέω
tlg0059.tlg011	μοναχοῦ	2	exact	μοναχοῦ
tlg0059.tlg011	πένης	2	exact	πένης
tlg0059.tlg011	ῥίς	2	exact	ῥίς
tlg0059.tlg011	φθάνω	2	exact	φθάνω
tlg0059.tlg011	ἀποτελέω	2	exact	ἀποτελέω
tlg0059.tlg011	πρεσβεύω	2	exact	πρεσβεύω
tlg0059.tlg011	νοσέω	2	exact	νοσέω
tlg0059.tlg011	ὁμολογουμένως	2	exact	ὁμολογουμένως
tlg0059.tlg011	ὑγιεινός	2	exact	ὑγιεινός
tlg0059.tlg011	νοσώδης	2	exact	νοσώδης
tlg0059.tlg011	διαγιγνώσκω	2	exact	διαγιγνώσκω
tlg0059.tlg011	ἐχθρός	2	exact	ἐχθρός
tlg0059.tlg011	ψυχρός	2	exact	ψυχρός
tlg0059.tlg011	θερμός	2	exact	θερμός
tlg0059.tlg011	ξηρός	2	exact	ξηρός
tlg0059.tlg011	ὁμόνοια	2	exact	ὁμόνοια
tlg0059.tlg011	κυβερνάω	2	exact	κυβερνάω
tlg0059.tlg011	ὡσαύτως	2	exact	ὡσαύτως
tlg0059.tlg011	ἀλογία	2	exact	ἀλογία
tlg0059.tlg011	βαρύς	2	exact	βαρύς
tlg0059.tlg011	μουσικός	2	exact	μουσικός
tlg0059.tlg011	συμφωνία	2	exact	συμφωνία
tlg0059.tlg011	ἁρμόζω	2	exact	ἁρμόζω
tlg0059.tlg011	σύστασις	2	exact	σύστασις
tlg0059.tlg011	καταχράομαι	2	exact	καταχράομαι
tlg0059.tlg011	μέλος	2	exact	μέλος
tlg0059.tlg011	μέτρον	2	exact	μέτρον
tlg0059.tlg011	εὐλαβέομαι	2	exact	εὐλαβέομαι
tlg0059.tlg011	καρπόω	2	exact	καρπόω
tlg0059.tlg011	ἀκολασία	2	exact	ἀκολασία
tlg0059.tlg011	νόσος	2	exact	νόσος
tlg0059.tlg011	σώφρων	2	exact	σώφρων
tlg0059.tlg011	ὑγίεια	2	exact	ὑγίεια
tlg0059.tlg011	φυτόν	2	exact	φυτόν
tlg0059.tlg011	λοιμός	2	exact	λοιμός
tlg0059.tlg011	γονεύς	2	exact	γονεύς
tlg0059.tlg011	θέμις	2	exact	θέμις
tlg0059.tlg011	εὐσέβεια	2	exact	εὐσέβεια
tlg0059.tlg011	συλλήβδην	2	exact	συλλήβδην
tlg0059.tlg011	ὁμιλέω	2	exact	ὁμιλέω
tlg0059.tlg011	παραλείπω	2	exact	παραλείπω
tlg0059.tlg011	ψόφος	2	exact	ψόφος
tlg0059.tlg011	ἔξεστι	2	exact	ἔξεστι
tlg0059.tlg011	καταγέλαστος	2	exact	καταγέλαστος
tlg0059.tlg011	ἐκφεύγω	2	exact	ἐκφεύγω
tlg0059.tlg011	πη	2	exact	πη
tlg0059.tlg011	ᾗ	2	exact	ᾗ
tlg0059.tlg011	πάθημα	2	exact	πάθημα
tlg0059.tlg011	ἀλλοῖος	2	exact	ἀλλοῖος
tlg0059.tlg011	ἀνδρόγυνος	2	exact	ἀνδρόγυνος
tlg0059.tlg011	τέσσαρες	2	exact	τέσσαρες
tlg0059.tlg011	αὐχήν	2	exact	αὐχήν
tlg0059.tlg011	αἰδοῖον	2	exact	αἰδοῖον
tlg0059.tlg011	εἰκάζω	2	exact	εἰκάζω
tlg0059.tlg011	κυβιστάω	2	exact	κυβιστάω
tlg0059.tlg011	ὀκτώ	2	exact	ὀκτώ
tlg0059.tlg011	ἔκγονος	2	exact	ἔκγονος
tlg0059.tlg011	σελήνη	2	exact	σελήνη
tlg0059.tlg011	ἰσχύς	2	exact	ἰσχύς
tlg0059.tlg011	οὐρανός	2	exact	οὐρανός
tlg0059.tlg011	ἀσελγαίνω	2	exact	ἀσελγαίνω
tlg0059.tlg011	μόγις	2	exact	μόγις
tlg0059.tlg011	θρίξ	2	exact	θρίξ
tlg0059.tlg011	Ἀπόλλων	2	exact	Ἀπόλλων
tlg0059.tlg011	στόμα	2	exact	στόμα
tlg0059.tlg011	ὀμφαλός	2	exact	ὀμφαλός
tlg0059.tlg011	ῥυτίς	2	exact	ῥυτίς
tlg0059.tlg011	πάθος	2	exact	πάθος
tlg0059.tlg011	ποθέω	2	exact	ποθέω
tlg0059.tlg011	λιμός	2	exact	λιμός
tlg0059.tlg011	μετατίθημι	2	exact	μετατίθημι
tlg0059.tlg011	τέως	2	exact	τέως
tlg0059.tlg011	ἐπιμελέομαι	2	exact	ἐπιμελέομαι
tlg0059.tlg011	σύμβολον	2	exact	σύμβολον
tlg0059.tlg011	παιδεραστέω	2	exact	παιδεραστέω
tlg0059.tlg011	παιδεραστής	2	exact	παιδεραστής
tlg0059.tlg011	συγγενής	2	exact	συγγενής
tlg0059.tlg011	οἰκειότης	2	exact	οἰκειότης
tlg0059.tlg011	διατελέω	2	exact	διατελέω
tlg0059.tlg011	διαλλάσσω	2	exact	διαλλάσσω
tlg0059.tlg011	κωμῳδέω	2	exact	κωμῳδέω
tlg0059.tlg011	οἰκεῖος	2	exact	οἰκεῖος
tlg0059.tlg011	θαρσέω	2	exact	θαρσέω
tlg0059.tlg011	ἀγνοέω	2	exact	ἀγνοέω
tlg0059.tlg011	ἔμφρων	2	exact	ἔμφρων
tlg0059.tlg011	ἄφρων	2	exact	ἄφρων
tlg0059.tlg011	ἄγροικος	2	exact	ἄγροικος
tlg0059.tlg011	δοξάζω	2	exact	δοξάζω
tlg0059.tlg011	φροντίζω	2	exact	φροντίζω
tlg0059.tlg011	τάχα	2	exact	τάχα
tlg0059.tlg011	ἀποδίδωμι	2	exact	ἀποδίδωμι
tlg0059.tlg011	φυγή	2	exact	φυγή
tlg0059.tlg011	ἁπαλότης	2	exact	ἁπαλότης
tlg0059.tlg011	ἀποφαίνω	2	exact	ἀποφαίνω
tlg0059.tlg011	οἴκησις	2	exact	οἴκησις
tlg0059.tlg011	ἰδέα	2	exact	ἰδέα
tlg0059.tlg011	πόλεμος	2	exact	πόλεμος
tlg0059.tlg011	χάλκειος	2	exact	χάλκειος
tlg0059.tlg011	αἶσχος	2	exact	αἶσχος
tlg0059.tlg011	βασιλεία	2	exact	βασιλεία
tlg0059.tlg011	πέλαγος	2	exact	πέλαγος
tlg0059.tlg011	ὕπνος	2	exact	ὕπνος
tlg0059.tlg011	ἵλαος	2	exact	ἵλαος
tlg0059.tlg011	πόθος	2	exact	πόθος
tlg0059.tlg011	σωτήρ	2	exact	σωτήρ
tlg0059.tlg011	κόσμος	2	exact	κόσμος
tlg0059.tlg011	ἀναθορυβέω	2	exact	ἀναθορυβέω
tlg0059.tlg011	νεανίσκος	2	exact	νεανίσκος
tlg0059.tlg011	τελευτή	2	exact	τελευτή
tlg0059.tlg011	φρονέω	2	exact	φρονέω
tlg0059.tlg011	ἀνατίθημι	2	exact	ἀνατίθημι
tlg0059.tlg011	γέλως	2	exact	γέλως
tlg0059.tlg011	μεγαλοπρεπής	2	exact	μεγαλοπρεπής
tlg0059.tlg011	ὑγιαίνω	2	exact	ὑγιαίνω
tlg0059.tlg011	οὔπω	2	exact	οὔπω
tlg0059.tlg011	ἐπιεικής	2	exact	ἐπιεικής
tlg0059.tlg011	εὐφημέω	2	exact	εὐφημέω
tlg0059.tlg011	χωρέω	2	exact	χωρέω
tlg0059.tlg011	τελετή	2	exact	τελετή
tlg0059.tlg011	μαντεία	2	exact	μαντεία
tlg0059.tlg011	ἐγείρω	2	exact	ἐγείρω
tlg0059.tlg011	μακρός	2	exact	μακρός
tlg0059.tlg011	ὗς	2	exact	ὗς
tlg0059.tlg011	εὐωχία	2	exact	εὐωχία
tlg0059.tlg011	φρόνιμος	2	exact	φρόνιμος
tlg0059.tlg011	τεκμαίρομαι	2	exact	τεκμαίρομαι
tlg0059.tlg011	ἀπόκρισις	2	exact	ἀπόκρισις
tlg0059.tlg011	ἐρώτησις	2	exact	ἐρώτησις
tlg0059.tlg011	μόριον	2	exact	μόριον
tlg0059.tlg011	ἡλικία	2	exact	ἡλικία
tlg0059.tlg011	ἀνάρμοστος	2	exact	ἀνάρμοστος
tlg0059.tlg011	παιδάριον	2	exact	παιδάριον
tlg0059.tlg011	σάρξ	2	exact	σάρξ
tlg0059.tlg011	κλέος	2	exact	κλέος
tlg0059.tlg011	ἐγκύμων	2	exact	ἐγκύμων
tlg0059.tlg011	κοινωνέω	2	exact	κοινωνέω
tlg0059.tlg011	οἰκέτης	2	exact	οἰκέτης
tlg0059.tlg011	αὐξάνω	2	exact	αὐξάνω
tlg0059.tlg011	ἐφεξῆς	2	exact	ἐφεξῆς
tlg0059.tlg011	ἔνθα	2	exact	ἔνθα
tlg0059.tlg011	μονοειδής	2	exact	μονοειδής
tlg0059.tlg011	ἐπανέρχομαι	2	exact	ἐπανέρχομαι
tlg0059.tlg011	βιωτός	2	exact	βιωτός
tlg0059.tlg011	εἴδωλον	2	exact	εἴδωλον
tlg0059.tlg011	κτῆμα	2	exact	κτῆμα
tlg0059.tlg011	κωμαστής	2	exact	κωμαστής
tlg0059.tlg011	φωνή	2	exact	φωνή
tlg0059.tlg011	ὅπου	2	exact	ὅπου
tlg0059.tlg011	ὀφθαλμός	2	exact	ὀφθαλμός
tlg0059.tlg011	ἐπαμύνω	2	exact	ἐπαμύνω
tlg0059.tlg011	φθονέω	2	exact	φθονέω
tlg0059.tlg011	μανία	2	exact	μανία
tlg0059.tlg011	νήφω	2	exact	νήφω
tlg0059.tlg011	ἐπιτάσσω	2	exact	ἐπιτάσσω
tlg0059.tlg011	παραβάλλω	2	exact	παραβάλλω
tlg0059.tlg011	ἀτοπία	2	exact	ἀτοπία
tlg0059.tlg011	εἰκών	2	exact	εἰκών
tlg0059.tlg011	κάθημαι	2	exact	κάθημαι
tlg0059.tlg011	Σάτυρος	2	exact	Σάτυρος
tlg0059.tlg011	αὐλητής	2	exact	αὐλητής
tlg0059.tlg011	κατέχω	2	exact	κατέχω
tlg0059.tlg011	ῥήτωρ	2	exact	ῥήτωρ
tlg0059.tlg011	μέλω	2	exact	μέλω
tlg0059.tlg011	καρδία	2	exact	καρδία
tlg0059.tlg011	ἔξωθεν	2	exact	ἔξωθεν
tlg0059.tlg011	χρύσεος	2	exact	χρύσεος
tlg0059.tlg011	συγγίγνομαι	2	exact	συγγίγνομαι
tlg0059.tlg011	προκαλέω	2	exact	προκαλέω
tlg0059.tlg011	καρτερός	2	exact	καρτερός
tlg0059.tlg011	ἐγχειρέω	2	exact	ἐγχειρέω
tlg0059.tlg011	συγγιγνώσκω	2	exact	συγγιγνώσκω
tlg0059.tlg011	ἀλγεινός	2	exact	ἀλγεινός
tlg0059.tlg011	διάνοια	2	exact	διάνοια
tlg0059.tlg011	τιτρώσκω	2	exact	τιτρώσκω
tlg0059.tlg011	ἀμφιέννυμι	2	exact	ἀμφιέννυμι
tlg0059.tlg011	ἱμάτιον	2	exact	ἱμάτιον
tlg0059.tlg011	στρατεία	2	exact	στρατεία
tlg0059.tlg011	ἑσπέρα	2	exact	ἑσπέρα
tlg0059.tlg011	μάχη	2	exact	μάχη
tlg0059.tlg011	ἵππος	2	exact	ἵππος
tlg0059.tlg011	διαβάλλω	2	exact	διαβάλλω
tlg0059.tlg011	καταδαρθάνω	2	exact	καταδαρθάνω
tlg0059.tlg011	ἐξεγείρω	2	exact	ἐξεγείρω
tlg0059.tlg011	οἴκοθεν	1	exact	οἴκοθεν
tlg0059.tlg011	ἀνέρχομαι	1	exact	ἀνέρχομαι
tlg0059.tlg011	γνώριμος	1	exact	γνώριμος
tlg0059.tlg011	κλῆσις	1	exact	κλῆσις
tlg0059.tlg011	ἔναγχος	1	exact	ἔναγχος
tlg0059.tlg011	διαπυνθάνομαι	1	exact	διαπυνθάνομαι
tlg0059.tlg011	σύνδειπνον	1	exact	σύνδειπνον
tlg0059.tlg011	ἀπαγγέλλω	1	exact	ἀπαγγέλλω
tlg0059.tlg011	νεωστί	1	exact	νεωστί
tlg0059.tlg011	πόθεν	1	exact	πόθεν
tlg0059.tlg011	ἐπιδημέω	1	exact	ἐπιδημέω
tlg0059.tlg011	συνδιατρίβω	1	exact	συνδιατρίβω
tlg0059.tlg011	οὐδέπω	1	exact	οὐδέπω
tlg0059.tlg011	περιτρέχω	1	exact	περιτρέχω
tlg0059.tlg011	σκώπτω	1	exact	σκώπτω
tlg0059.tlg011	πότε	1	exact	πότε
tlg0059.tlg011	ὑστεραῖος	1	exact	ὑστεραῖος
tlg0059.tlg011	χορευτής	1	exact	χορευτής
tlg0059.tlg011	ἀναίρω	1	exact	ἀναίρω
tlg0059.tlg011	ὠφελέω	1	exact	ὠφελέω
tlg0059.tlg011	ὑπερφυής	1	exact	ὑπερφυής
tlg0059.tlg011	χρηματιστικός	1	exact	χρηματιστικός
tlg0059.tlg011	κακοδαίμων	1	exact	κακοδαίμων
tlg0059.tlg011	κακηγορέω	1	exact	κακηγορέω
tlg0059.tlg011	ὁπόθεν	1	exact	ὁπόθεν
tlg0059.tlg011	ἐπωνυμία	1	exact	ἐπωνυμία
tlg0059.tlg011	ἀγριαίνω	1	exact	ἀγριαίνω
tlg0059.tlg011	μαίνομαι	1	exact	μαίνομαι
tlg0059.tlg011	παραπαίω	1	exact	παραπαίω
tlg0059.tlg011	ἐρίζω	1	exact	ἐρίζω
tlg0059.tlg011	λούω	1	exact	λούω
tlg0059.tlg011	βλαύτη	1	exact	βλαύτη
tlg0059.tlg011	ὀλιγάκις	1	exact	ὀλιγάκις
tlg0059.tlg011	ὄχλος	1	exact	ὄχλος
tlg0059.tlg011	καλλωπίζω	1	exact	καλλωπίζω
tlg0059.tlg011	δαίς	1	exact	δαίς
tlg0059.tlg011	αὐτόματος	1	exact	αὐτόματος
tlg0059.tlg011	πολεμικός	1	exact	πολεμικός
tlg0059.tlg011	αἰχμητής	1	exact	αἰχμητής
tlg0059.tlg011	ἀπολογέομαι	1	exact	ἀπολογέομαι
tlg0059.tlg011	σύν	1	exact	σύν
tlg0059.tlg011	ὑπολείπω	1	exact	ὑπολείπω
tlg0059.tlg011	προέρχομαι	1	exact	προέρχομαι
tlg0059.tlg011	οἰκία	1	exact	οἰκία
tlg0059.tlg011	ἀπαντάω	1	exact	ἀπαντάω
tlg0059.tlg011	ἀναβάλλω	1	exact	ἀναβάλλω
tlg0059.tlg011	εἰσάγω	1	exact	εἰσάγω
tlg0059.tlg011	ἀγγέλλω	1	exact	ἀγγέλλω
tlg0059.tlg011	γείτων	1	exact	γείτων
tlg0059.tlg011	μηδαμῶς	1	exact	μηδαμῶς
tlg0059.tlg011	ἔθος	1	exact	ἔθος
tlg0059.tlg011	ἐνίοτε	1	exact	ἐνίοτε
tlg0059.tlg011	παρατίθημι	1	exact	παρατίθημι
tlg0059.tlg011	οὐδεπώποτε	1	exact	οὐδεπώποτε
tlg0059.tlg011	μεσόω	1	exact	μεσόω
tlg0059.tlg011	ἔσχατος	1	exact	ἔσχατος
tlg0059.tlg011	προσίστημι	1	exact	προσίστημι
tlg0059.tlg011	προαφίσταμαι	1	exact	προαφίσταμαι
tlg0059.tlg011	ἔριον	1	exact	ἔριον
tlg0059.tlg011	κατάκλισις	1	exact	κατάκλισις
tlg0059.tlg011	ἀμφισβητήσιμος	1	exact	ἀμφισβητήσιμος
tlg0059.tlg011	ὄναρ	1	exact	ὄναρ
tlg0059.tlg011	λαμπρός	1	exact	λαμπρός
tlg0059.tlg011	ἐπίδοσις	1	exact	ἐπίδοσις
tlg0059.tlg011	ἐκλάμπω	1	exact	ἐκλάμπω
tlg0059.tlg011	ἐκφανής	1	exact	ἐκφανής
tlg0059.tlg011	τρισμύριοι	1	exact	τρισμύριοι
tlg0059.tlg011	διαδικάζω	1	exact	διαδικάζω
tlg0059.tlg011	σπονδή	1	exact	σπονδή
tlg0059.tlg011	ἀναψυχή	1	exact	ἀναψυχή
tlg0059.tlg011	ῥᾳστώνη	1	exact	ῥᾳστώνη
tlg0059.tlg011	βαπτίζω	1	exact	βαπτίζω
tlg0059.tlg011	ἀπολέγω	1	exact	ἀπολέγω
tlg0059.tlg011	ὁπότερος	1	exact	ὁπότερος
tlg0059.tlg011	ἀηδής	1	exact	ἀηδής
tlg0059.tlg011	συμβουλεύω	1	exact	συμβουλεύω
tlg0059.tlg011	κραιπαλάω	1	exact	κραιπαλάω
tlg0059.tlg011	προτεραῖος	1	exact	προτεραῖος
tlg0059.tlg011	συγχωρέω	1	exact	συγχωρέω
tlg0059.tlg011	ἐπανάγκης	1	exact	ἐπανάγκης
tlg0059.tlg011	μῦθος	1	exact	μῦθος
tlg0059.tlg011	ἑκάστοτε	1	exact	ἑκάστοτε
tlg0059.tlg011	ὕμνος	1	exact	ὕμνος
tlg0059.tlg011	τηλικοῦτος	1	exact	τηλικοῦτος
tlg0059.tlg011	καταλογάδην	1	exact	καταλογάδην
tlg0059.tlg011	συγγράφω	1	exact	συγγράφω
tlg0059.tlg011	βιβλίον	1	exact	βιβλίον
tlg0059.tlg011	ἅλς	1	exact	ἅλς
tlg0059.tlg011	ὠφέλεια	1	exact	ὠφέλεια
tlg0059.tlg011	συχνός	1	exact	συχνός
tlg0059.tlg011	ἔρανος	1	exact	ἔρανος
tlg0059.tlg011	εἰσφέρω	1	exact	εἰσφέρω
tlg0059.tlg011	κοσμέω	1	exact	κοσμέω
tlg0059.tlg011	συνδοκέω	1	exact	συνδοκέω
tlg0059.tlg011	ψηφίζω	1	exact	ψηφίζω
tlg0059.tlg011	ἀπόφημι	1	exact	ἀπόφημι
tlg0059.tlg011	καίτοι	1	exact	καίτοι
tlg0059.tlg011	ὕστερος	1	exact	ὕστερος
tlg0059.tlg011	ἀξιομνημόνευτος	1	exact	ἀξιομνημόνευτος
tlg0059.tlg011	γονή	1	exact	γονή
tlg0059.tlg011	ἀτάρ	1	exact	ἀτάρ
tlg0059.tlg011	εὐρύστερνος	1	exact	εὐρύστερνος
tlg0059.tlg011	ἕδος	1	exact	ἕδος
tlg0059.tlg011	ἠδέ	1	exact	ἠδέ
tlg0059.tlg011	μητίομαι	1	exact	μητίομαι
tlg0059.tlg011	πολλαχόθεν	1	exact	πολλαχόθεν
tlg0059.tlg011	βιόω	1	exact	βιόω
tlg0059.tlg011	συγγένεια	1	exact	συγγένεια
tlg0059.tlg011	ἀλγέω	1	exact	ἀλγέω
tlg0059.tlg011	φιλοτιμέομαι	1	exact	φιλοτιμέομαι
tlg0059.tlg011	μάχομαι	1	exact	μάχομαι
tlg0059.tlg011	τάξις	1	exact	τάξις
tlg0059.tlg011	ἀποβάλλω	1	exact	ἀποβάλλω
tlg0059.tlg011	μένος	1	exact	μένος
tlg0059.tlg011	ἐμπνέω	1	exact	ἐμπνέω
tlg0059.tlg011	μαρτυρία	1	exact	μαρτυρία
tlg0059.tlg011	ὑπερβάλλω	1	exact	ὑπερβάλλω
tlg0059.tlg011	ἀποδείκνυμι	1	exact	ἀποδείκνυμι
tlg0059.tlg011	εὐαρίθμητος	1	exact	εὐαρίθμητος
tlg0059.tlg011	γέρας	1	exact	γέρας
tlg0059.tlg011	ἀγάζω	1	exact	ἀγάζω
tlg0059.tlg011	ἀτελής	1	exact	ἀτελής
tlg0059.tlg011	φάσμα	1	exact	φάσμα
tlg0059.tlg011	δείκνυμι	1	exact	δείκνυμι
tlg0059.tlg011	μαλθακίζομαι	1	exact	μαλθακίζομαι
tlg0059.tlg011	κιθαρῳδός	1	exact	κιθαρῳδός
tlg0059.tlg011	τοιγάρ	1	exact	τοιγάρ
tlg0059.tlg011	δίκη	1	exact	δίκη
tlg0059.tlg011	θάνατος	1	exact	θάνατος
tlg0059.tlg011	οἴκαδε	1	exact	οἴκαδε
tlg0059.tlg011	γηραιός	1	exact	γηραιός
tlg0059.tlg011	ὑπεράγαμαι	1	exact	ὑπεράγαμαι
tlg0059.tlg011	φλυαρέω	1	exact	φλυαρέω
tlg0059.tlg011	φάσκω	1	exact	φάσκω
tlg0059.tlg011	ἀγένειος	1	exact	ἀγένειος
tlg0059.tlg011	ἐρώμενος	1	exact	ἐρώμενος
tlg0059.tlg011	διαμνημονεύω	1	exact	διαμνημονεύω
tlg0059.tlg011	προβάλλω	1	exact	προβάλλω
tlg0059.tlg011	παραγγέλλω	1	exact	παραγγέλλω
tlg0059.tlg011	ἐπανορθόω	1	exact	ἐπανορθόω
tlg0059.tlg011	φράζω	1	exact	φράζω
tlg0059.tlg011	ἀμήτωρ	1	exact	ἀμήτωρ
tlg0059.tlg011	ἐπονομάζω	1	exact	ἐπονομάζω
tlg0059.tlg011	λαγχάνω	1	exact	λαγχάνω
tlg0059.tlg011	προτρέπω	1	exact	προτρέπω
tlg0059.tlg011	ἀγαπάζω	1	exact	ἀγαπάζω
tlg0059.tlg011	γενειάσκω	1	exact	γενειάσκω
tlg0059.tlg011	συμβιόω	1	exact	συμβιόω
tlg0059.tlg011	ἀφροσύνη	1	exact	ἀφροσύνη
tlg0059.tlg011	ἀποτρέχω	1	exact	ἀποτρέχω
tlg0059.tlg011	ἀκαιρία	1	exact	ἀκαιρία
tlg0059.tlg011	νόμιμος	1	exact	νόμιμος
tlg0059.tlg011	ψόγος	1	exact	ψόγος
tlg0059.tlg011	ὁρίζω	1	exact	ὁρίζω
tlg0059.tlg011	ποικίλος	1	exact	ποικίλος
tlg0059.tlg011	τυραννίς	1	exact	τυραννίς
tlg0059.tlg011	τύραννος	1	exact	τύραννος
tlg0059.tlg011	καταλύω	1	exact	καταλύω
tlg0059.tlg011	φανερός	1	exact	φανερός
tlg0059.tlg011	λάθρῃ	1	exact	λάθρῃ
tlg0059.tlg011	παρακέλευσις	1	exact	παρακέλευσις
tlg0059.tlg011	ἀνελευθερία	1	exact	ἀνελευθερία
tlg0059.tlg011	νουθετέω	1	exact	νουθετέω
tlg0059.tlg011	ἔπειμι	1	exact	ἔπειμι
tlg0059.tlg011	συγγνώμη	1	exact	συγγνώμη
tlg0059.tlg011	ἐκβαίνω	1	exact	ἐκβαίνω
tlg0059.tlg011	ἡλικιώτης	1	exact	ἡλικιώτης
tlg0059.tlg011	διακωλύω	1	exact	διακωλύω
tlg0059.tlg011	ἀποπέτομαι	1	exact	ἀποπέτομαι
tlg0059.tlg011	ὑπόσχεσις	1	exact	ὑπόσχεσις
tlg0059.tlg011	καταισχύνω	1	exact	καταισχύνω
tlg0059.tlg011	ἀγωνοθετέω	1	exact	ἀγωνοθετέω
tlg0059.tlg011	πτήσσω	1	exact	πτήσσω
tlg0059.tlg011	εὐεργετέω	1	exact	εὐεργετέω
tlg0059.tlg011	διάπραξις	1	exact	διάπραξις
tlg0059.tlg011	ἑκούσιος	1	exact	ἑκούσιος
tlg0059.tlg011	ἐθελοδουλεία	1	exact	ἐθελοδουλεία
tlg0059.tlg011	παίδευσις	1	exact	παίδευσις
tlg0059.tlg011	ἀπάτη	1	exact	ἀπάτη
tlg0059.tlg011	προθυμέομαι	1	exact	προθυμέομαι
tlg0059.tlg011	ἐπιμέλεια	1	exact	ἐπιμέλεια
tlg0059.tlg011	παραχρῆμα	1	exact	παραχρῆμα
tlg0059.tlg011	ἐπιπίπτω	1	exact	ἐπιπίπτω
tlg0059.tlg011	κάτω	1	exact	κάτω
tlg0059.tlg011	ἀπνευστί	1	exact	ἀπνευστί
tlg0059.tlg011	ἀνακογχυλιάζω	1	exact	ἀνακογχυλιάζω
tlg0059.tlg011	ἀναλαμβάνω	1	exact	ἀναλαμβάνω
tlg0059.tlg011	ἅπαξ	1	exact	ἅπαξ
tlg0059.tlg011	δίς	1	exact	δίς
tlg0059.tlg011	διαιρέω	1	exact	διαιρέω
tlg0059.tlg011	ἀκόλαστος	1	exact	ἀκόλαστος
tlg0059.tlg011	ἀχαριστέω	1	exact	ἀχαριστέω
tlg0059.tlg011	τεχνικός	1	exact	τεχνικός
tlg0059.tlg011	κένωσις	1	exact	κένωσις
tlg0059.tlg011	πικρός	1	exact	πικρός
tlg0059.tlg011	γλυκύς	1	exact	γλυκύς
tlg0059.tlg011	πρόγονος	1	exact	πρόγονος
tlg0059.tlg011	συνίστημι	1	exact	συνίστημι
tlg0059.tlg011	γυμναστικός	1	exact	γυμναστικός
tlg0059.tlg011	γεωργία	1	exact	γεωργία
tlg0059.tlg011	τόξον	1	exact	τόξον
tlg0059.tlg011	λύρα	1	exact	λύρα
tlg0059.tlg011	βραδύς	1	exact	βραδύς
tlg0059.tlg011	ἐντίθημι	1	exact	ἐντίθημι
tlg0059.tlg011	μελοποιία	1	exact	μελοποιία
tlg0059.tlg011	παιδεία	1	exact	παιδεία
tlg0059.tlg011	μήπω	1	exact	μήπω
tlg0059.tlg011	ὀψοποιικός	1	exact	ὀψοποιικός
tlg0059.tlg011	παρείκω	1	exact	παρείκω
tlg0059.tlg011	κρᾶσις	1	exact	κρᾶσις
tlg0059.tlg011	εὐετηρία	1	exact	εὐετηρία
tlg0059.tlg011	ἐγκρατής	1	exact	ἐγκρατής
tlg0059.tlg011	νόσημα	1	exact	νόσημα
tlg0059.tlg011	πάχνη	1	exact	πάχνη
tlg0059.tlg011	χάλαζα	1	exact	χάλαζα
tlg0059.tlg011	ἐρυσίβη	1	exact	ἐρυσίβη
tlg0059.tlg011	ἀκοσμία	1	exact	ἀκοσμία
tlg0059.tlg011	ἄστρον	1	exact	ἄστρον
tlg0059.tlg011	φορά	1	exact	φορά
tlg0059.tlg011	ἀστρονομία	1	exact	ἀστρονομία
tlg0059.tlg011	ἐπιστατέω	1	exact	ἐπιστατέω
tlg0059.tlg011	φυλακή	1	exact	φυλακή
tlg0059.tlg011	ἴασις	1	exact	ἴασις
tlg0059.tlg011	ἀσέβεια	1	exact	ἀσέβεια
tlg0059.tlg011	ἐπισκοπέω	1	exact	ἐπισκοπέω
tlg0059.tlg011	ἰατρεύω	1	exact	ἰατρεύω
tlg0059.tlg011	ἐκλείπω	1	exact	ἐκλείπω
tlg0059.tlg011	ἀναπληρόω	1	exact	ἀναπληρόω
tlg0059.tlg011	ἐκδέχομαι	1	exact	ἐκδέχομαι
tlg0059.tlg011	γαργαλισμός	1	exact	γαργαλισμός
tlg0059.tlg011	γελωτοποιέω	1	exact	γελωτοποιέω
tlg0059.tlg011	φύλαξ	1	exact	φύλαξ
tlg0059.tlg011	ἄρρητος	1	exact	ἄρρητος
tlg0059.tlg011	κέρδος	1	exact	κέρδος
tlg0059.tlg011	ἐπιχώριος	1	exact	ἐπιχώριος
tlg0059.tlg011	βάλλω	1	exact	βάλλω
tlg0059.tlg011	βωμός	1	exact	βωμός
tlg0059.tlg011	φιλάνθρωπος	1	exact	φιλάνθρωπος
tlg0059.tlg011	ἐπίκουρος	1	exact	ἐπίκουρος
tlg0059.tlg011	πρόσειμι	1	exact	πρόσειμι
tlg0059.tlg011	στρογγύλος	1	exact	στρογγύλος
tlg0059.tlg011	νῶτον	1	exact	νῶτον
tlg0059.tlg011	πλευρά	1	exact	πλευρά
tlg0059.tlg011	κυκλοτερής	1	exact	κυκλοτερής
tlg0059.tlg011	ὁποτέρωσε	1	exact	ὁποτέρωσε
tlg0059.tlg011	θέω	1	exact	θέω
tlg0059.tlg011	περιφέρω	1	exact	περιφέρω
tlg0059.tlg011	ἀπερείδω	1	exact	ἀπερείδω
tlg0059.tlg011	περιφερής	1	exact	περιφερής
tlg0059.tlg011	πορεία	1	exact	πορεία
tlg0059.tlg011	ῥώμη	1	exact	ῥώμη
tlg0059.tlg011	ἀνάβασις	1	exact	ἀνάβασις
tlg0059.tlg011	γίγας	1	exact	γίγας
tlg0059.tlg011	κεραυνόω	1	exact	κεραυνόω
tlg0059.tlg011	διατέμνω	1	exact	διατέμνω
tlg0059.tlg011	χρήσιμος	1	exact	χρήσιμος
tlg0059.tlg011	ἀριθμός	1	exact	ἀριθμός
tlg0059.tlg011	βαδίζω	1	exact	βαδίζω
tlg0059.tlg011	ἡσυχία	1	exact	ἡσυχία
tlg0059.tlg011	ἀσκωλιάζω	1	exact	ἀσκωλιάζω
tlg0059.tlg011	ταριχεύω	1	exact	ταριχεύω
tlg0059.tlg011	ᾠόν	1	exact	ᾠόν
tlg0059.tlg011	τομή	1	exact	τομή
tlg0059.tlg011	τμῆσις	1	exact	τμῆσις
tlg0059.tlg011	συνέλκω	1	exact	συνέλκω
tlg0059.tlg011	πανταχόθεν	1	exact	πανταχόθεν
tlg0059.tlg011	δέρμα	1	exact	δέρμα
tlg0059.tlg011	σύσπαστος	1	exact	σύσπαστος
tlg0059.tlg011	βαλλάντιον	1	exact	βαλλάντιον
tlg0059.tlg011	ἀποδέω	1	exact	ἀποδέω
tlg0059.tlg011	στῆθος	1	exact	στῆθος
tlg0059.tlg011	διαρθρόω	1	exact	διαρθρόω
tlg0059.tlg011	σκυτοτόμος	1	exact	σκυτοτόμος
tlg0059.tlg011	καλάπους	1	exact	καλάπους
tlg0059.tlg011	λεαίνω	1	exact	λεαίνω
tlg0059.tlg011	σκῦτος	1	exact	σκῦτος
tlg0059.tlg011	μνημεῖον	1	exact	μνημεῖον
tlg0059.tlg011	συμφύω	1	exact	συμφύω
tlg0059.tlg011	ἐκτός	1	exact	ἐκτός
tlg0059.tlg011	τέττιξ	1	exact	τέττιξ
tlg0059.tlg011	συμπλοκή	1	exact	συμπλοκή
tlg0059.tlg011	διαπαύω	1	exact	διαπαύω
tlg0059.tlg011	τόσος	1	exact	τόσος
tlg0059.tlg011	ἔμφυτος	1	exact	ἔμφυτος
tlg0059.tlg011	συναγωγεύς	1	exact	συναγωγεύς
tlg0059.tlg011	ψῆττα	1	exact	ψῆττα
tlg0059.tlg011	φιλογύνης	1	exact	φιλογύνης
tlg0059.tlg011	μοιχός	1	exact	μοιχός
tlg0059.tlg011	φίλανδρος	1	exact	φίλανδρος
tlg0059.tlg011	μοιχεύτρια	1	exact	μοιχεύτρια
tlg0059.tlg011	τεμάχιον	1	exact	τεμάχιον
tlg0059.tlg011	συγκατάκειμαι	1	exact	συγκατάκειμαι
tlg0059.tlg011	ἀναίσχυντος	1	exact	ἀναίσχυντος
tlg0059.tlg011	ἀναισχυντία	1	exact	ἀναισχυντία
tlg0059.tlg011	θάρσος	1	exact	θάρσος
tlg0059.tlg011	ἀρρενωπία	1	exact	ἀρρενωπία
tlg0059.tlg011	τελειόω	1	exact	τελειόω
tlg0059.tlg011	ἀνδρόω	1	exact	ἀνδρόω
tlg0059.tlg011	γάμος	1	exact	γάμος
tlg0059.tlg011	καταζάω	1	exact	καταζάω
tlg0059.tlg011	ἄγαμος	1	exact	ἄγαμος
tlg0059.tlg011	φιλεραστής	1	exact	φιλεραστής
tlg0059.tlg011	χωρίζω	1	exact	χωρίζω
tlg0059.tlg011	μαντεύομαι	1	exact	μαντεύομαι
tlg0059.tlg011	αἰνίσσομαι	1	exact	αἰνίσσομαι
tlg0059.tlg011	συμφυσάω	1	exact	συμφυσάω
tlg0059.tlg011	ἐξαρνέομαι	1	exact	ἐξαρνέομαι
tlg0059.tlg011	δίωξις	1	exact	δίωξις
tlg0059.tlg011	διοικίζω	1	exact	διοικίζω
tlg0059.tlg011	διασχίζω	1	exact	διασχίζω
tlg0059.tlg011	στήλη	1	exact	στήλη
tlg0059.tlg011	καταγραφή	1	exact	καταγραφή
tlg0059.tlg011	ἐκτυπόω	1	exact	ἐκτυπόω
tlg0059.tlg011	διαπρίω	1	exact	διαπρίω
tlg0059.tlg011	εὐσεβέω	1	exact	εὐσεβέω
tlg0059.tlg011	ἀπεχθάνομαι	1	exact	ἀπεχθάνομαι
tlg0059.tlg011	ἐξευρίσκω	1	exact	ἐξευρίσκω
tlg0059.tlg011	ἐκτελέω	1	exact	ἐκτελέω
tlg0059.tlg011	ἄριστον	1	exact	ἄριστον
tlg0059.tlg011	φύζω	1	exact	φύζω
tlg0059.tlg011	ὀνίνημι	1	exact	ὀνίνημι
tlg0059.tlg011	ἐλπίς	1	exact	ἐλπίς
tlg0059.tlg011	ἀγωνίζομαι	1	exact	ἀγωνίζομαι
tlg0059.tlg011	φαρμάσσω	1	exact	φαρμάσσω
tlg0059.tlg011	προσδοκία	1	exact	προσδοκία
tlg0059.tlg011	ἐπιλήσμων	1	exact	ἐπιλήσμων
tlg0059.tlg011	μεγαλοφροσύνη	1	exact	μεγαλοφροσύνη
tlg0059.tlg011	ἀναβαίνω	1	exact	ἀναβαίνω
tlg0059.tlg011	ὀκρίβας	1	exact	ὀκρίβας
tlg0059.tlg011	ὑποκριτής	1	exact	ὑποκριτής
tlg0059.tlg011	ὁπωσοῦν	1	exact	ὁπωσοῦν
tlg0059.tlg011	φοβερός	1	exact	φοβερός
tlg0059.tlg011	ἀποδέχομαι	1	exact	ἀποδέχομαι
tlg0059.tlg011	κωλύω	1	exact	κωλύω
tlg0059.tlg011	εὐδαιμονίζω	1	exact	εὐδαιμονίζω
tlg0059.tlg011	δωρέω	1	exact	δωρέω
tlg0059.tlg011	δόσις	1	exact	δόσις
tlg0059.tlg011	ἀνεμέσητος	1	exact	ἀνεμέσητος
tlg0059.tlg011	γῆρας	1	exact	γῆρας
tlg0059.tlg011	προσέρχομαι	1	exact	προσέρχομαι
tlg0059.tlg011	μισέω	1	exact	μισέω
tlg0059.tlg011	πελάζω	1	exact	πελάζω
tlg0059.tlg011	ἐκτομή	1	exact	ἐκτομή
tlg0059.tlg011	δεσμός	1	exact	δεσμός
tlg0059.tlg011	βίαιος	1	exact	βίαιος
tlg0059.tlg011	βασιλεύω	1	exact	βασιλεύω
tlg0059.tlg011	οὖδας	1	exact	οὖδας
tlg0059.tlg011	πιλνάω	1	exact	πιλνάω
tlg0059.tlg011	κράς	1	exact	κράς
tlg0059.tlg011	κρανίον	1	exact	κρανίον
tlg0059.tlg011	ἱδρύω	1	exact	ἱδρύω
tlg0059.tlg011	ἑξῆς	1	exact	ἑξῆς
tlg0059.tlg011	οἰκίζω	1	exact	οἰκίζω
tlg0059.tlg011	περιπτύσσω	1	exact	περιπτύσσω
tlg0059.tlg011	σύμμετρος	1	exact	σύμμετρος
tlg0059.tlg011	εὐσχημοσύνη	1	exact	εὐσχημοσύνη
tlg0059.tlg011	ἀσχημοσύνη	1	exact	ἀσχημοσύνη
tlg0059.tlg011	χροιά	1	exact	χροιά
tlg0059.tlg011	δίαιτα	1	exact	δίαιτα
tlg0059.tlg011	σημαίνω	1	exact	σημαίνω
tlg0059.tlg011	ἀνανθής	1	exact	ἀνανθής
tlg0059.tlg011	ἀπανθέω	1	exact	ἀπανθέω
tlg0059.tlg011	ἐνίζω	1	exact	ἐνίζω
tlg0059.tlg011	εὐανθής	1	exact	εὐανθής
tlg0059.tlg011	εὐώδης	1	exact	εὐώδης
tlg0059.tlg011	τόπος	1	exact	τόπος
tlg0059.tlg011	ἵζω	1	exact	ἵζω
tlg0059.tlg011	λεκτέος	1	exact	λεκτέος
tlg0059.tlg011	βασιλεύς	1	exact	βασιλεύς
tlg0059.tlg011	σωφρονέω	1	exact	σωφρονέω
tlg0059.tlg011	ἀνθίστημι	1	exact	ἀνθίστημι
tlg0059.tlg011	ἐλλείπω	1	exact	ἐλλείπω
tlg0059.tlg011	ἄμουσος	1	exact	ἄμουσος
tlg0059.tlg011	μαρτύριον	1	exact	μαρτύριον
tlg0059.tlg011	ἐναντιόομαι	1	exact	ἐναντιόομαι
tlg0059.tlg011	δημιουργία	1	exact	δημιουργία
tlg0059.tlg011	ἐλλόγιμος	1	exact	ἐλλόγιμος
tlg0059.tlg011	φανός	1	exact	φανός
tlg0059.tlg011	σκοτεινός	1	exact	σκοτεινός
tlg0059.tlg011	τοξικός	1	exact	τοξικός
tlg0059.tlg011	ἀνευρίσκω	1	exact	ἀνευρίσκω
tlg0059.tlg011	ἡγεμονεύω	1	exact	ἡγεμονεύω
tlg0059.tlg011	μαθητής	1	exact	μαθητής
tlg0059.tlg011	Μοῦσα	1	exact	Μοῦσα
tlg0059.tlg011	ἱστουργία	1	exact	ἱστουργία
tlg0059.tlg011	ἔμμετρος	1	exact	ἔμμετρος
tlg0059.tlg011	γαλήνη	1	exact	γαλήνη
tlg0059.tlg011	νηνεμία	1	exact	νηνεμία
tlg0059.tlg011	ἄνεμος	1	exact	ἄνεμος
tlg0059.tlg011	κοίτη	1	exact	κοίτη
tlg0059.tlg011	κῆδος	1	exact	κῆδος
tlg0059.tlg011	ἀλλοτριότης	1	exact	ἀλλοτριότης
tlg0059.tlg011	κενόω	1	exact	κενόω
tlg0059.tlg011	σύνοδος	1	exact	σύνοδος
tlg0059.tlg011	συνίημι	1	exact	συνίημι
tlg0059.tlg011	ἑορτή	1	exact	ἑορτή
tlg0059.tlg011	χορός	1	exact	χορός
tlg0059.tlg011	πραότης	1	exact	πραότης
tlg0059.tlg011	ἀγριότης	1	exact	ἀγριότης
tlg0059.tlg011	ἐξορίζω	1	exact	ἐξορίζω
tlg0059.tlg011	φιλόδωρος	1	exact	φιλόδωρος
tlg0059.tlg011	εὐμένεια	1	exact	εὐμένεια
tlg0059.tlg011	ἄδωρος	1	exact	ἄδωρος
tlg0059.tlg011	δυσμένεια	1	exact	δυσμένεια
tlg0059.tlg011	θεατός	1	exact	θεατός
tlg0059.tlg011	ἀγαστός	1	exact	ἀγαστός
tlg0059.tlg011	ζηλωτός	1	exact	ζηλωτός
tlg0059.tlg011	κτητός	1	exact	κτητός
tlg0059.tlg011	εὔμοιρος	1	exact	εὔμοιρος
tlg0059.tlg011	τρυφή	1	exact	τρυφή
tlg0059.tlg011	ἁβρότης	1	exact	ἁβρότης
tlg0059.tlg011	χλιδή	1	exact	χλιδή
tlg0059.tlg011	ἵμερος	1	exact	ἵμερος
tlg0059.tlg011	ἀμελής	1	exact	ἀμελής
tlg0059.tlg011	κυβερνήτης	1	exact	κυβερνήτης
tlg0059.tlg011	ἐπιβάτης	1	exact	ἐπιβάτης
tlg0059.tlg011	παραστάτης	1	exact	παραστάτης
tlg0059.tlg011	ἐφυμνέω	1	exact	ἐφυμνέω
tlg0059.tlg011	ἀοιδή	1	exact	ἀοιδή
tlg0059.tlg011	θέλγω	1	exact	θέλγω
tlg0059.tlg011	νόημα	1	exact	νόημα
tlg0059.tlg011	ἀνάκειμαι	1	exact	ἀνάκειμαι
tlg0059.tlg011	μέτριος	1	exact	μέτριος
tlg0059.tlg011	πρεπόντως	1	exact	πρεπόντως
tlg0059.tlg011	ἀδεής	1	exact	ἀδεής
tlg0059.tlg011	δέος	1	exact	δέος
tlg0059.tlg011	δείδω	1	exact	δείδω
tlg0059.tlg011	ἐρέω	1	exact	ἐρέω
tlg0059.tlg011	ἀποδιδράσκω	1	exact	ἀποδιδράσκω
tlg0059.tlg011	πέμπω	1	exact	πέμπω
tlg0059.tlg011	λίθος	1	exact	λίθος
tlg0059.tlg011	ἀφωνία	1	exact	ἀφωνία
tlg0059.tlg011	ἡνίκα	1	exact	ἡνίκα
tlg0059.tlg011	ἀβελτερία	1	exact	ἀβελτερία
tlg0059.tlg011	ἐκλέγω	1	exact	ἐκλέγω
tlg0059.tlg011	εὐπρεπής	1	exact	εὐπρεπής
tlg0059.tlg011	ψευδής	1	exact	ψευδής
tlg0059.tlg011	σεμνός	1	exact	σεμνός
tlg0059.tlg011	γλῶσσα	1	exact	γλῶσσα
tlg0059.tlg011	ὑπισχνέομαι	1	exact	ὑπισχνέομαι
tlg0059.tlg011	φρήν	1	exact	φρήν
tlg0059.tlg011	ὀφλισκάνω	1	exact	ὀφλισκάνω
tlg0059.tlg011	θέσις	1	exact	θέσις
tlg0059.tlg011	καθηγέομαι	1	exact	καθηγέομαι
tlg0059.tlg011	ἐρώτημα	1	exact	ἐρώτημα
tlg0059.tlg011	καταμανθάνω	1	exact	καταμανθάνω
tlg0059.tlg011	ἀδελφή	1	exact	ἀδελφή
tlg0059.tlg011	τοσόσδε	1	exact	τοσόσδε
tlg0059.tlg011	εἶτα	1	exact	εἶτα
tlg0059.tlg011	ἀνομολογέομαι	1	exact	ἀνομολογέομαι
tlg0059.tlg011	παρέρχομαι	1	exact	παρέρχομαι
tlg0059.tlg011	μηδαμῇ	1	exact	μηδαμῇ
tlg0059.tlg011	δέκα	1	exact	δέκα
tlg0059.tlg011	ἀναβολή	1	exact	ἀναβολή
tlg0059.tlg011	ποῖος	1	exact	ποῖος
tlg0059.tlg011	ἀνακρίνω	1	exact	ἀνακρίνω
tlg0059.tlg011	ἐλέγχω	1	exact	ἐλέγχω
tlg0059.tlg011	ἄλογος	1	exact	ἄλογος
tlg0059.tlg011	δαιμόνιον	1	exact	δαιμόνιον
tlg0059.tlg011	ἑρμηνεύω	1	exact	ἑρμηνεύω
tlg0059.tlg011	διαπορθμεύω	1	exact	διαπορθμεύω
tlg0059.tlg011	δέησις	1	exact	δέησις
tlg0059.tlg011	ἐπίταξις	1	exact	ἐπίταξις
tlg0059.tlg011	ἀμοιβή	1	exact	ἀμοιβή
tlg0059.tlg011	συμπληρόω	1	exact	συμπληρόω
tlg0059.tlg011	συνδέω	1	exact	συνδέω
tlg0059.tlg011	ἱερεύς	1	exact	ἱερεύς
tlg0059.tlg011	ἐπῳδή	1	exact	ἐπῳδή
tlg0059.tlg011	γοητεία	1	exact	γοητεία
tlg0059.tlg011	ὁμιλία	1	exact	ὁμιλία
tlg0059.tlg011	διάλεκτος	1	exact	διάλεκτος
tlg0059.tlg011	χειρουργία	1	exact	χειρουργία
tlg0059.tlg011	βάναυσος	1	exact	βάναυσος
tlg0059.tlg011	ἑστιόομαι	1	exact	ἑστιόομαι
tlg0059.tlg011	προσαιτέω	1	exact	προσαιτέω
tlg0059.tlg011	νέκταρ	1	exact	νέκταρ
tlg0059.tlg011	κῆπος	1	exact	κῆπος
tlg0059.tlg011	βαρέω	1	exact	βαρέω
tlg0059.tlg011	εὕδω	1	exact	εὕδω
tlg0059.tlg011	ἀπορία	1	exact	ἀπορία
tlg0059.tlg011	παιδίον	1	exact	παιδίον
tlg0059.tlg011	θεράπων	1	exact	θεράπων
tlg0059.tlg011	γενέθλιος	1	exact	γενέθλιος
tlg0059.tlg011	αὐχμηρός	1	exact	αὐχμηρός
tlg0059.tlg011	ἄοικος	1	exact	ἄοικος
tlg0059.tlg011	χαμαιπετής	1	exact	χαμαιπετής
tlg0059.tlg011	ἄστρωτος	1	exact	ἄστρωτος
tlg0059.tlg011	ὑπαίθριος	1	exact	ὑπαίθριος
tlg0059.tlg011	κοιμάω	1	exact	κοιμάω
tlg0059.tlg011	σύνοικος	1	exact	σύνοικος
tlg0059.tlg011	ἐπίβουλος	1	exact	ἐπίβουλος
tlg0059.tlg011	ἴτης	1	exact	ἴτης
tlg0059.tlg011	σύντονος	1	exact	σύντονος
tlg0059.tlg011	θηρευτής	1	exact	θηρευτής
tlg0059.tlg011	πλέκω	1	exact	πλέκω
tlg0059.tlg011	ἐπιθυμητής	1	exact	ἐπιθυμητής
tlg0059.tlg011	πόριμος	1	exact	πόριμος
tlg0059.tlg011	γόης	1	exact	γόης
tlg0059.tlg011	φαρμακεύς	1	exact	φαρμακεύς
tlg0059.tlg011	θάλλω	1	exact	θάλλω
tlg0059.tlg011	ἀναβιώσκομαι	1	exact	ἀναβιώσκομαι
tlg0059.tlg011	ὑπεκρέω	1	exact	ὑπεκρέω
tlg0059.tlg011	ἐπιδέω	1	exact	ἐπιδέω
tlg0059.tlg011	ἄπορος	1	exact	ἄπορος
tlg0059.tlg011	ἁβρός	1	exact	ἁβρός
tlg0059.tlg011	μακαριστός	1	exact	μακαριστός
tlg0059.tlg011	χρεία	1	exact	χρεία
tlg0059.tlg011	πρόχειρος	1	exact	πρόχειρος
tlg0059.tlg011	προσδέω	1	exact	προσδέω
tlg0059.tlg011	βούλησις	1	exact	βούλησις
tlg0059.tlg011	ἀφαιρέω	1	exact	ἀφαιρέω
tlg0059.tlg011	ἐργασία	1	exact	ἐργασία
tlg0059.tlg011	ἀφορίζω	1	exact	ἀφορίζω
tlg0059.tlg011	προσαγορεύω	1	exact	προσαγορεύω
tlg0059.tlg011	εὐδαιμονέω	1	exact	εὐδαιμονέω
tlg0059.tlg011	δολερός	1	exact	δολερός
tlg0059.tlg011	χρηματισμός	1	exact	χρηματισμός
tlg0059.tlg011	ἀποτέμνω	1	exact	ἀποτέμνω
tlg0059.tlg011	σύντασις	1	exact	σύντασις
tlg0059.tlg011	φοιτάω	1	exact	φοιτάω
tlg0059.tlg011	κύησις	1	exact	κύησις
tlg0059.tlg011	μοῖρα	1	exact	μοῖρα
tlg0059.tlg011	προσπελάζω	1	exact	προσπελάζω
tlg0059.tlg011	εὐφραίνω	1	exact	εὐφραίνω
tlg0059.tlg011	διαχέω	1	exact	διαχέω
tlg0059.tlg011	σκυθρωπός	1	exact	σκυθρωπός
tlg0059.tlg011	λυπέω	1	exact	λυπέω
tlg0059.tlg011	συσπειράω	1	exact	συσπειράω
tlg0059.tlg011	ἀποτρέπω	1	exact	ἀποτρέπω
tlg0059.tlg011	ἀνειλέω	1	exact	ἀνειλέω
tlg0059.tlg011	κύημα	1	exact	κύημα
tlg0059.tlg011	σπαργάω	1	exact	σπαργάω
tlg0059.tlg011	ὠδίς	1	exact	ὠδίς
tlg0059.tlg011	ἀπολύω	1	exact	ἀπολύω
tlg0059.tlg011	ἀειγενής	1	exact	ἀειγενής
tlg0059.tlg011	πεζός	1	exact	πεζός
tlg0059.tlg011	πτηνός	1	exact	πτηνός
tlg0059.tlg011	τροφή	1	exact	τροφή
tlg0059.tlg011	διαμάχομαι	1	exact	διαμάχομαι
tlg0059.tlg011	παρατείνω	1	exact	παρατείνω
tlg0059.tlg011	ἐκτρέφω	1	exact	ἐκτρέφω
tlg0059.tlg011	λογισμός	1	exact	λογισμός
tlg0059.tlg011	πιστεύω	1	exact	πιστεύω
tlg0059.tlg011	πρεσβύτης	1	exact	πρεσβύτης
tlg0059.tlg011	ὀστέον	1	exact	ὀστέον
tlg0059.tlg011	αἷμα	1	exact	αἷμα
tlg0059.tlg011	λύπη	1	exact	λύπη
tlg0059.tlg011	μελετάω	1	exact	μελετάω
tlg0059.tlg011	λήθη	1	exact	λήθη
tlg0059.tlg011	ἔξοδος	1	exact	ἔξοδος
tlg0059.tlg011	μελέτη	1	exact	μελέτη
tlg0059.tlg011	καινός	1	exact	καινός
tlg0059.tlg011	παλαιόω	1	exact	παλαιόω
tlg0059.tlg011	ἀποβλάστημα	1	exact	ἀποβλάστημα
tlg0059.tlg011	ὀνομαστός	1	exact	ὀνομαστός
tlg0059.tlg011	κατατίθημι	1	exact	κατατίθημι
tlg0059.tlg011	κίνδυνος	1	exact	κίνδυνος
tlg0059.tlg011	πονέω	1	exact	πονέω
tlg0059.tlg011	Ἄδμητος	1	exact	Ἄδμητος
tlg0059.tlg011	εὐκλεής	1	exact	εὐκλεής
tlg0059.tlg011	παιδογονία	1	exact	παιδογονία
tlg0059.tlg011	γεννήτωρ	1	exact	γεννήτωρ
tlg0059.tlg011	εὑρετικός	1	exact	εὑρετικός
tlg0059.tlg011	διακόσμησις	1	exact	διακόσμησις
tlg0059.tlg011	ἠίθεος	1	exact	ἠίθεος
tlg0059.tlg011	περιέρχομαι	1	exact	περιέρχομαι
tlg0059.tlg011	εὐφυής	1	exact	εὐφυής
tlg0059.tlg011	συναμφότεροι	1	exact	συναμφότεροι
tlg0059.tlg011	ἐπιτηδεύω	1	exact	ἐπιτηδεύω
tlg0059.tlg011	παιδεύω	1	exact	παιδεύω
tlg0059.tlg011	ἄπειμι	1	exact	ἄπειμι
tlg0059.tlg011	συνεκτρέφω	1	exact	συνεκτρέφω
tlg0059.tlg011	ζηλέω	1	exact	ζηλέω
tlg0059.tlg011	Ἑλλάς	1	exact	Ἑλλάς
tlg0059.tlg011	Σόλων	1	exact	Σόλων
tlg0059.tlg011	παντοῖος	1	exact	παντοῖος
tlg0059.tlg011	μυέω	1	exact	μυέω
tlg0059.tlg011	ἐποπτικός	1	exact	ἐποπτικός
tlg0059.tlg011	μετέρχομαι	1	exact	μετέρχομαι
tlg0059.tlg011	προθυμία	1	exact	προθυμία
tlg0059.tlg011	ἄνοια	1	exact	ἄνοια
tlg0059.tlg011	χαλάω	1	exact	χαλάω
tlg0059.tlg011	κήδω	1	exact	κήδω
tlg0059.tlg011	μηκέτι	1	exact	μηκέτι
tlg0059.tlg011	μικρολόγος	1	exact	μικρολόγος
tlg0059.tlg011	θεωρέω	1	exact	θεωρέω
tlg0059.tlg011	διανόημα	1	exact	διανόημα
tlg0059.tlg011	ἄφθονος	1	exact	ἄφθονος
tlg0059.tlg011	παιδαγωγέω	1	exact	παιδαγωγέω
tlg0059.tlg011	ἔμπροσθεν	1	exact	ἔμπροσθεν
tlg0059.tlg011	φαντάζω	1	exact	φαντάζω
tlg0059.tlg011	ἐλαχύς	1	exact	ἐλαχύς
tlg0059.tlg011	ἐπαναβασμός	1	exact	ἐπαναβασμός
tlg0059.tlg011	χρυσίον	1	exact	χρυσίον
tlg0059.tlg011	ἐσθής	1	exact	ἐσθής
tlg0059.tlg011	ἐσθίω	1	exact	ἐσθίω
tlg0059.tlg011	καθαρός	1	exact	καθαρός
tlg0059.tlg011	ἄμικτος	1	exact	ἄμικτος
tlg0059.tlg011	ἀνάπλεος	1	exact	ἀνάπλεος
tlg0059.tlg011	χρῶμα	1	exact	χρῶμα
tlg0059.tlg011	φλυαρία	1	exact	φλυαρία
tlg0059.tlg011	ἐκεῖσε	1	exact	ἐκεῖσε
tlg0059.tlg011	ὁρατός	1	exact	ὁρατός
tlg0059.tlg011	τρέφω	1	exact	τρέφω
tlg0059.tlg011	θεοφιλής	1	exact	θεοφιλής
tlg0059.tlg011	ἀσκέω	1	exact	ἀσκέω
tlg0059.tlg011	αὔλειος	1	exact	αὔλειος
tlg0059.tlg011	κρούω	1	exact	κρούω
tlg0059.tlg011	βοάω	1	exact	βοάω
tlg0059.tlg011	στεφανόω	1	exact	στεφανόω
tlg0059.tlg011	κισσός	1	exact	κισσός
tlg0059.tlg011	στέφανος	1	exact	στέφανος
tlg0059.tlg011	δασύς	1	exact	δασύς
tlg0059.tlg011	αὐτόθεν	1	exact	αὐτόθεν
tlg0059.tlg011	ῥητός	1	exact	ῥητός
tlg0059.tlg011	συμπίνω	1	exact	συμπίνω
tlg0059.tlg011	περιαιρέω	1	exact	περιαιρέω
tlg0059.tlg011	ἐπίπροσθεν	1	exact	ἐπίπροσθεν
tlg0059.tlg011	παραχωρέω	1	exact	παραχωρέω
tlg0059.tlg011	ἀναπηδάω	1	exact	ἀναπηδάω
tlg0059.tlg011	ἐλλοχάω	1	exact	ἐλλοχάω
tlg0059.tlg011	ἔραμαι	1	exact	ἔραμαι
tlg0059.tlg011	προσβλέπω	1	exact	προσβλέπω
tlg0059.tlg011	ζηλοτυπέω	1	exact	ζηλοτυπέω
tlg0059.tlg011	βιάζω	1	exact	βιάζω
tlg0059.tlg011	φιλεραστία	1	exact	φιλεραστία
tlg0059.tlg011	ὀρρωδέω	1	exact	ὀρρωδέω
tlg0059.tlg011	διαλλαγή	1	exact	διαλλαγή
tlg0059.tlg011	μεταδίδωμι	1	exact	μεταδίδωμι
tlg0059.tlg011	ἐπιτρεπτέον	1	exact	ἐπιτρεπτέον
tlg0059.tlg011	ἄρχων	1	exact	ἄρχων
tlg0059.tlg011	ἔκπωμα	1	exact	ἔκπωμα
tlg0059.tlg011	ψυκτήρ	1	exact	ψυκτήρ
tlg0059.tlg011	κοτύλη	1	exact	κοτύλη
tlg0059.tlg011	ἐγχέω	1	exact	ἐγχέω
tlg0059.tlg011	σόφισμα	1	exact	σόφισμα
tlg0059.tlg011	ὁπόσος	1	exact	ὁπόσος
tlg0059.tlg011	ἐγχύνω	1	exact	ἐγχύνω
tlg0059.tlg011	διψάω	1	exact	διψάω
tlg0059.tlg011	ἀντάξιος	1	exact	ἀντάξιος
tlg0059.tlg011	ἐναντίον	1	exact	ἐναντίον
tlg0059.tlg011	ἐπιλαμβάνω	1	exact	ἐπιλαμβάνω
tlg0059.tlg011	ἄλλοθεν	1	exact	ἄλλοθεν
tlg0059.tlg011	καταριθμέω	1	exact	καταριθμέω
tlg0059.tlg011	ἑρμογλυφεῖον	1	exact	ἑρμογλυφεῖον
tlg0059.tlg011	σῦριγξ	1	exact	σῦριγξ
tlg0059.tlg011	αὐλός	1	exact	αὐλός
tlg0059.tlg011	διχάδε	1	exact	διχάδε
tlg0059.tlg011	ἀμφισβητέω	1	exact	ἀμφισβητέω
tlg0059.tlg011	κηλέω	1	exact	κηλέω
tlg0059.tlg011	Ὄλυμπος	1	exact	Ὄλυμπος
tlg0059.tlg011	ψιλός	1	exact	ψιλός
tlg0059.tlg011	κομιδῇ	1	exact	κομιδῇ
tlg0059.tlg011	Κορυβαντιάω	1	exact	Κορυβαντιάω
tlg0059.tlg011	πηδάω	1	exact	πηδάω
tlg0059.tlg011	δάκρυον	1	exact	δάκρυον
tlg0059.tlg011	ἐκχέω	1	exact	ἐκχέω
tlg0059.tlg011	ἀνδραποδώδης	1	exact	ἀνδραποδώδης
tlg0059.tlg011	Σειρήν	1	exact	Σειρήν
tlg0059.tlg011	ἐπίσχω	1	exact	ἐπίσχω
tlg0059.tlg011	αὐτοῦ	1	exact	αὐτοῦ
tlg0059.tlg011	καταγηράσκω	1	exact	καταγηράσκω
tlg0059.tlg011	ἡσσάομαι	1	exact	ἡσσάομαι
tlg0059.tlg011	δραπετεύω	1	exact	δραπετεύω
tlg0059.tlg011	αὔλημα	1	exact	αὔλημα
tlg0059.tlg011	σχῆμα	1	exact	σχῆμα
tlg0059.tlg011	γλύφω	1	exact	γλύφω
tlg0059.tlg011	πόσος	1	exact	πόσος
tlg0059.tlg011	γέμω	1	exact	γέμω
tlg0059.tlg011	πλῆθος	1	exact	πλῆθος
tlg0059.tlg011	μακαρίζω	1	exact	μακαρίζω
tlg0059.tlg011	εἰρωνεύομαι	1	exact	εἰρωνεύομαι
tlg0059.tlg011	ἔμβραχυ	1	exact	ἔμβραχυ
tlg0059.tlg011	εὐτύχημα	1	exact	εὐτύχημα
tlg0059.tlg011	ἐξελέγχω	1	exact	ἐξελέγχω
tlg0059.tlg011	ἐρημία	1	exact	ἐρημία
tlg0059.tlg011	συνημερεύω	1	exact	συνημερεύω
tlg0059.tlg011	προσπαλαίω	1	exact	προσπαλαίω
tlg0059.tlg011	οὐδαμῇ	1	exact	οὐδαμῇ
tlg0059.tlg011	ἀνύω	1	exact	ἀνύω
tlg0059.tlg011	ἐπιθετέον	1	exact	ἐπιθετέον
tlg0059.tlg011	ἀνετέον	1	exact	ἀνετέον
tlg0059.tlg011	ὑπακούω	1	exact	ὑπακούω
tlg0059.tlg011	σκήπτω	1	exact	σκήπτω
tlg0059.tlg011	ὀψέ	1	exact	ὀψέ
tlg0059.tlg011	κλίνη	1	exact	κλίνη
tlg0059.tlg011	οἴκημα	1	exact	οἴκημα
tlg0059.tlg011	ὑπερήφανος	1	exact	ὑπερήφανος
tlg0059.tlg011	ἄδικος	1	exact	ἄδικος
tlg0059.tlg011	ἔχις	1	exact	ἔχις
tlg0059.tlg011	ὀδύνη	1	exact	ὀδύνη
tlg0059.tlg011	πλήσσω	1	exact	πλήσσω
tlg0059.tlg011	ἔχιδνα	1	exact	ἔχιδνα
tlg0059.tlg011	ἄγριος	1	exact	ἄγριος
tlg0059.tlg011	ἀφυής	1	exact	ἀφυής
tlg0059.tlg011	βέβηλος	1	exact	βέβηλος
tlg0059.tlg011	πύλη	1	exact	πύλη
tlg0059.tlg011	λύχνος	1	exact	λύχνος
tlg0059.tlg011	ἀποσβέννυμι	1	exact	ἀποσβέννυμι
tlg0059.tlg011	ἔξω	1	exact	ἔξω
tlg0059.tlg011	ποικίλλω	1	exact	ποικίλλω
tlg0059.tlg011	ὀκνέω	1	exact	ὀκνέω
tlg0059.tlg011	οὐσία	1	exact	οὐσία
tlg0059.tlg011	συλλήπτωρ	1	exact	συλλήπτωρ
tlg0059.tlg011	εἰρωνικός	1	exact	εἰρωνικός
tlg0059.tlg011	εἰωθότως	1	exact	εἰωθότως
tlg0059.tlg011	ἀμήχανος	1	exact	ἀμήχανος
tlg0059.tlg011	εὐμορφία	1	exact	εὐμορφία
tlg0059.tlg011	κοινόω	1	exact	κοινόω
tlg0059.tlg011	ἀλλάσσω	1	exact	ἀλλάσσω
tlg0059.tlg011	πλεονεκτέω	1	exact	πλεονεκτέω
tlg0059.tlg011	διαμείβω	1	exact	διαμείβω
tlg0059.tlg011	ὄψις	1	exact	ὄψις
tlg0059.tlg011	ὄμμα	1	exact	ὄμμα
tlg0059.tlg011	ἀκμή	1	exact	ἀκμή
tlg0059.tlg011	βέλος	1	exact	βέλος
tlg0059.tlg011	ἐπιτρέπω	1	exact	ἐπιτρέπω
tlg0059.tlg011	τρίβων	1	exact	τρίβων
tlg0059.tlg011	περιγίγνομαι	1	exact	περιγίγνομαι
tlg0059.tlg011	ὑπερηφανία	1	exact	ὑπερηφανία
tlg0059.tlg011	περισσός	1	exact	περισσός
tlg0059.tlg011	ἀτιμάζω	1	exact	ἀτιμάζω
tlg0059.tlg011	καρτερία	1	exact	καρτερία
tlg0059.tlg011	ὀργίζω	1	exact	ὀργίζω
tlg0059.tlg011	ἀποστερέω	1	exact	ἀποστερέω
tlg0059.tlg011	προσάγω	1	exact	προσάγω
tlg0059.tlg011	ἄτρωτος	1	exact	ἄτρωτος
tlg0059.tlg011	σίδηρος	1	exact	σίδηρος
tlg0059.tlg011	Αἴας	1	exact	Αἴας
tlg0059.tlg011	καταδουλόω	1	exact	καταδουλόω
tlg0059.tlg011	προγίγνομαι	1	exact	προγίγνομαι
tlg0059.tlg011	συσσιτέω	1	exact	συσσιτέω
tlg0059.tlg011	ἀπολαμβάνω	1	exact	ἀπολαμβάνω
tlg0059.tlg011	ἀσιτέω	1	exact	ἀσιτέω
tlg0059.tlg011	ἔλεγχος	1	exact	ἔλεγχος
tlg0059.tlg011	καρτέρησις	1	exact	καρτέρησις
tlg0059.tlg011	πάγος	1	exact	πάγος
tlg0059.tlg011	ἐνελίσσω	1	exact	ἐνελίσσω
tlg0059.tlg011	πῖλος	1	exact	πῖλος
tlg0059.tlg011	ἀρνακίς	1	exact	ἀρνακίς
tlg0059.tlg011	φορέω	1	exact	φορέω
tlg0059.tlg011	κρύσταλλος	1	exact	κρύσταλλος
tlg0059.tlg011	στρατιώτης	1	exact	στρατιώτης
tlg0059.tlg011	ὑποβλέπω	1	exact	ὑποβλέπω
tlg0059.tlg011	ῥέζω	1	exact	ῥέζω
tlg0059.tlg011	τλάω	1	exact	τλάω
tlg0059.tlg011	στρατιά	1	exact	στρατιά
tlg0059.tlg011	συννοέω	1	exact	συννοέω
tlg0059.tlg011	ἕωθεν	1	exact	ἕωθεν
tlg0059.tlg011	προχωρέω	1	exact	προχωρέω
tlg0059.tlg011	μεσημβρία	1	exact	μεσημβρία
tlg0059.tlg011	ἑωθινός	1	exact	ἑωθινός
tlg0059.tlg011	Ἴων	1	exact	Ἴων
tlg0059.tlg011	θέρος	1	exact	θέρος
tlg0059.tlg011	χαμεύνιον	1	exact	χαμεύνιον
tlg0059.tlg011	ἐκφέρω	1	exact	ἐκφέρω
tlg0059.tlg011	ψῦχος	1	exact	ψῦχος
tlg0059.tlg011	ἀνέχω	1	exact	ἀνέχω
tlg0059.tlg011	προσεύχομαι	1	exact	προσεύχομαι
tlg0059.tlg011	συνδιασῴζω	1	exact	συνδιασῴζω
tlg0059.tlg011	ἀξίωμα	1	exact	ἀξίωμα
tlg0059.tlg011	σκεδάννυμι	1	exact	σκεδάννυμι
tlg0059.tlg011	περιτυγχάνω	1	exact	περιτυγχάνω
tlg0059.tlg011	διαπορεύω	1	exact	διαπορεύω
tlg0059.tlg011	βρενθύομαι	1	exact	βρενθύομαι
tlg0059.tlg011	ἠρέμα	1	exact	ἠρέμα
tlg0059.tlg011	παρασκοπέω	1	exact	παρασκοπέω
tlg0059.tlg011	φίλιος	1	exact	φίλιος
tlg0059.tlg011	πολέμιος	1	exact	πολέμιος
tlg0059.tlg011	προτροπάδην	1	exact	προτροπάδην
tlg0059.tlg011	θαῦμα	1	exact	θαῦμα
tlg0059.tlg011	περιαμπέχω	1	exact	περιαμπέχω
tlg0059.tlg011	δορά	1	exact	δορά
tlg0059.tlg011	ὄνος	1	exact	ὄνος
tlg0059.tlg011	κανθήλιος	1	exact	κανθήλιος
tlg0059.tlg011	χαλκεύς	1	exact	χαλκεύς
tlg0059.tlg011	σκυτότομος	1	exact	σκυτότομος
tlg0059.tlg011	βυρσοδέψης	1	exact	βυρσοδέψης
tlg0059.tlg011	ἄπειρος	1	exact	ἄπειρος
tlg0059.tlg011	νήπιος	1	exact	νήπιος
tlg0059.tlg011	παρρησία	1	exact	παρρησία
tlg0059.tlg011	κομψός	1	exact	κομψός
tlg0059.tlg011	πάρεργος	1	exact	πάρεργος
tlg0059.tlg011	δρᾶμα	1	exact	δρᾶμα
tlg0059.tlg011	διαλαμβάνω	1	exact	διαλαμβάνω
tlg0059.tlg011	ὑποκάτω	1	exact	ὑποκάτω
tlg0059.tlg011	ἰός	1	exact	ἰός
tlg0059.tlg011	μετανίστημι	1	exact	μετανίστημι
tlg0059.tlg011	μεταλαμβάνω	1	exact	μεταλαμβάνω
tlg0059.tlg011	πιθανός	1	exact	πιθανός
tlg0059.tlg011	ἐπιτυγχάνω	1	exact	ἐπιτυγχάνω
tlg0059.tlg011	ἄντικρυς	1	exact	ἄντικρυς
tlg0059.tlg011	θόρυβος	1	exact	θόρυβος
tlg0059.tlg011	ἀλεκτρυών	1	exact	ἀλεκτρυών
tlg0059.tlg011	ἀείδω	1	exact	ἀείδω
tlg0059.tlg011	φιάλη	1	exact	φιάλη
tlg0059.tlg011	ὑπονυστάζω	1	exact	ὑπονυστάζω
tlg0059.tlg011	κωμῳδία	1	exact	κωμῳδία
tlg0059.tlg011	τραγῳδοποιός	1	exact	τραγῳδοποιός
tlg0059.tlg011	κωμῳδοποιός	1	exact	κωμῳδοποιός
tlg0059.tlg011	νυστάζω	1	exact	νυστάζω
tlg0059.tlg011	κατακοιμίζω	1	exact	κατακοιμίζω
tlg0059.tlg011	Λύκειον	1	exact	Λύκειον
tlg0059.tlg011	ἄλλοτε	1	exact	ἄλλοτε
tlg0059.tlg011	οἴκοι	1	exact	οἴκοι
tlg0059.tlg030	ὁ	7951	exact	ὁ
tlg0059.tlg030	καί	5199	exact	καί
tlg0059.tlg030	δέ	2538	exact	δέ
tlg0059.tlg030	εἰμί	2467	exact	εἰμί
tlg0059.tlg030	οὐ	1605	exact	οὐ
tlg0059.tlg030	τε	1522	exact	τε
tlg0059.tlg030	ἐγώ	1464	exact	ἐγώ
tlg0059.tlg030	οὗτος	1450	exact	οὗτος
tlg0059.tlg030	φημί	1428	exact	φημί
tlg0059.tlg030	αὐτός	1392	exact	αὐτός
tlg0059.tlg030	ὅς	1138	exact	ὅς
tlg0059.tlg030	λέγω	1127	exact	λέγω
tlg0059.tlg030	μέν	1006	exact	μέν
tlg0059.tlg030	τις	973	exact	τις
tlg0059.tlg030	ἤ	929	exact	ἤ
tlg0059.tlg030	ἐν	919	exact	ἐν
tlg0059.tlg030	ἄν	894	exact	ἄν
tlg0059.tlg030	ἀλλά	835	exact	ἀλλά
tlg0059.tlg030	μή	754	exact	μή
tlg0059.tlg030	γε	753	exact	γε
tlg0059.tlg030	γάρ	727	exact	γάρ
tlg0059.tlg030	ἄλλος	721	exact	ἄλλος
tlg0059.tlg030	δή	698	exact	δή
tlg0059.tlg030	ὡς	648	exact	ὡς
tlg0059.tlg030	οὖν	574	exact	οὖν
tlg0059.tlg030	πᾶς	528	exact	πᾶς
tlg0059.tlg030	πολύς	511	exact	πολύς
tlg0059.tlg030	ὅτι	499	exact	ὅτι
tlg0059.tlg030	τοιοῦτος	486	exact	τοιοῦτος
tlg0059.tlg030	εἰ	485	exact	εἰ
tlg0059.tlg030	ἔχω	483	exact	ἔχω
tlg0059.tlg030	τίς	475	exact	τίς
tlg0059.tlg030	γίγνομαι	464	exact	γίγνομαι
tlg0059.tlg030	πρός	445	exact	πρός
tlg0059.tlg030	περί	444	exact	περί
tlg0059.tlg030	πόλις	428	exact	πόλις
tlg0059.tlg030	ἀγαθός	387	exact	ἀγαθός
tlg0059.tlg030	οὕτως	384	exact	οὕτως
tlg0059.tlg030	ἑαυτοῦ	357	exact	ἑαυτοῦ
tlg0059.tlg030	εἰς	355	exact	εἰς
tlg0059.tlg030	οἴομαι	355	exact	οἴομαι
tlg0059.tlg030	μάλα	351	exact	μάλα
tlg0059.tlg030	δέω	336	exact	δέω
tlg0059.tlg030	ποιέω	328	exact	ποιέω
tlg0059.tlg030	σύ	324	exact	σύ
tlg0059.tlg030	δοκέω	319	exact	δοκέω
tlg0059.tlg030	λόγος	301	exact	λόγος
tlg0059.tlg030	ἐπί	296	exact	ἐπί
tlg0059.tlg030	ἐκ	280	exact	ἐκ
tlg0059.tlg030	ὦ	275	exact	ὦ
tlg0059.tlg030	ἐκεῖνος	268	exact	ἐκεῖνος
tlg0059.tlg030	οἷος	254	exact	οἷος
tlg0059.tlg030	οὐκοῦν	249	exact	οὐκοῦν
tlg0059.tlg030	ὑπό	249	exact	ὑπό
tlg0059.tlg030	δίκαιος	248	exact	δίκαιος
tlg0059.tlg030	ἐάν	242	exact	ἐάν
tlg0059.tlg030	οὐδείς	235	exact	οὐδείς
tlg0059.tlg030	ἄρα	229	exact	ἄρα
tlg0059.tlg030	πῶς	228	exact	πῶς
tlg0059.tlg030	καλός	223	exact	καλός
tlg0059.tlg030	κατά	223	exact	κατά
tlg0059.tlg030	ψυχή	221	exact	ψυχή
tlg0059.tlg030	διά	220	exact	διά
tlg0059.tlg030	κακός	219	exact	κακός
tlg0059.tlg030	ὁράω	216	exact	ὁράω
tlg0059.tlg030	ὥσπερ	210	exact	ὥσπερ
tlg0059.tlg030	ἀληθής	209	exact	ἀληθής
tlg0059.tlg030	ἄρχω	208	exact	ἄρχω
tlg0059.tlg030	ἀνήρ	200	exact	ἀνήρ
tlg0059.tlg030	μέγας	192	exact	μέγας
tlg0059.tlg030	ἕκαστος	192	exact	ἕκαστος
tlg0059.tlg030	ἠμί	189	exact	ἠμί
tlg0059.tlg030	ἆρα	189	exact	ἆρα
tlg0059.tlg030	αὖ	189	exact	αὖ
tlg0059.tlg030	ὅσος	186	exact	ὅσος
tlg0059.tlg030	ἔοικα	186	exact	ἔοικα
tlg0059.tlg030	πάνυ	185	exact	πάνυ
tlg0059.tlg030	φύσις	180	exact	φύσις
tlg0059.tlg030	φαίνω	175	exact	φαίνω
tlg0059.tlg030	εἷς	173	exact	εἷς
tlg0059.tlg030	ὀρθός	173	exact	ὀρθός
tlg0059.tlg030	μήν	161	exact	μήν
tlg0059.tlg030	οἶδα	157	exact	οἶδα
tlg0059.tlg030	νῦν	155	exact	νῦν
tlg0059.tlg030	θεός	149	exact	θεός
tlg0059.tlg030	ὅταν	148	exact	ὅταν
tlg0059.tlg030	δικαιοσύνη	140	exact	δικαιοσύνη
tlg0059.tlg030	ἀνάγκη	140	exact	ἀνάγκη
tlg0059.tlg030	τοίνυν	132	exact	τοίνυν
tlg0059.tlg030	παρά	131	exact	παρά
tlg0059.tlg030	σκοπέω	130	exact	σκοπέω
tlg0059.tlg030	ἄνθρωπος	128	exact	ἄνθρωπος
tlg0059.tlg030	ἔρχομαι	127	exact	ἔρχομαι
tlg0059.tlg030	μετά	126	exact	μετά
tlg0059.tlg030	πράσσω	126	exact	πράσσω
tlg0059.tlg030	βούλομαι	120	exact	βούλομαι
tlg0059.tlg030	ἀκούω	118	exact	ἀκούω
tlg0059.tlg030	ἔτι	117	exact	ἔτι
tlg0059.tlg030	φίλος	114	exact	φίλος
tlg0059.tlg030	βίος	114	exact	βίος
tlg0059.tlg030	πρῶτος	110	exact	πρῶτος
tlg0059.tlg030	τίθημι	109	exact	τίθημι
tlg0059.tlg030	δῆλος	108	exact	δῆλος
tlg0059.tlg030	ἡδονή	107	exact	ἡδονή
tlg0059.tlg030	ἄδικος	107	exact	ἄδικος
tlg0059.tlg030	ἀλλήλων	106	exact	ἀλλήλων
tlg0059.tlg030	σῶμα	106	exact	σῶμα
tlg0059.tlg030	ἕτερος	101	exact	ἕτερος
tlg0059.tlg030	παῖς	100	exact	παῖς
tlg0059.tlg030	ναί	97	exact	ναί
tlg0059.tlg030	ἱκανός	97	exact	ἱκανός
tlg0059.tlg030	ὅδε	96	exact	ὅδε
tlg0059.tlg030	μηδείς	96	exact	μηδείς
tlg0059.tlg030	μανθάνω	96	exact	μανθάνω
tlg0059.tlg030	πείθω	95	exact	πείθω
tlg0059.tlg030	ἀεί	94	exact	ἀεί
tlg0059.tlg030	ὅστις	94	exact	ὅστις
tlg0059.tlg030	πολιτεία	94	exact	πολιτεία
tlg0059.tlg030	τότε	93	exact	τότε
tlg0059.tlg030	μέντοι	92	exact	μέντοι
tlg0059.tlg030	ἀπό	92	exact	ἀπό
tlg0059.tlg030	ποῖος	92	exact	ποῖος
tlg0059.tlg030	ἐθέλω	91	exact	ἐθέλω
tlg0059.tlg030	φύλαξ	91	exact	φύλαξ
tlg0059.tlg030	μόνος	91	exact	μόνος
tlg0059.tlg030	τρόπος	90	exact	τρόπος
tlg0059.tlg030	ἵνα	90	exact	ἵνα
tlg0059.tlg030	ἡγέομαι	88	exact	ἡγέομαι
tlg0059.tlg030	μέλλω	88	exact	μέλλω
tlg0059.tlg030	δόξα	87	exact	δόξα
tlg0059.tlg030	δυνατός	86	exact	δυνατός
tlg0059.tlg030	ἀρετή	85	exact	ἀρετή
tlg0059.tlg030	εὖ	84	exact	εὖ
tlg0059.tlg030	γυνή	84	exact	γυνή
tlg0059.tlg030	δύναμαι	83	exact	δύναμαι
tlg0059.tlg030	ἔργον	82	exact	ἔργον
tlg0059.tlg030	καλέω	82	exact	καλέω
tlg0059.tlg030	λαμβάνω	81	exact	λαμβάνω
tlg0059.tlg030	ποτέ	81	exact	ποτέ
tlg0059.tlg030	μικρός	81	exact	μικρός
tlg0059.tlg030	νέος	79	exact	νέος
tlg0059.tlg030	χράω	78	exact	χράω
tlg0059.tlg030	ὁμολογέω	78	exact	ὁμολογέω
tlg0059.tlg030	ἀδικία	78	exact	ἀδικία
tlg0059.tlg030	διέρχομαι	77	exact	διέρχομαι
tlg0059.tlg030	ἀρχή	76	exact	ἀρχή
tlg0059.tlg030	ἤδη	75	exact	ἤδη
tlg0059.tlg030	τέχνη	75	exact	τέχνη
tlg0059.tlg030	ἀλήθεια	74	exact	ἀλήθεια
tlg0059.tlg030	ὥστε	74	exact	ὥστε
tlg0059.tlg030	ὅμοιος	74	exact	ὅμοιος
tlg0059.tlg030	εἶδος	74	exact	εἶδος
tlg0059.tlg030	παντάπασι	73	exact	παντάπασι
tlg0059.tlg030	ἀδικέω	72	exact	ἀδικέω
tlg0059.tlg030	ἐπιστήμη	72	exact	ἐπιστήμη
tlg0059.tlg030	δύναμις	70	exact	δύναμις
tlg0059.tlg030	ἐπιθυμία	69	exact	ἐπιθυμία
tlg0059.tlg030	Ζεύς	69	exact	Ζεύς
tlg0059.tlg030	ἕνεκα	68	exact	ἕνεκα
tlg0059.tlg030	ἦ	66	exact	ἦ
tlg0059.tlg030	φέρω	64	exact	φέρω
tlg0059.tlg030	ἐναντίος	64	exact	ἐναντίος
tlg0059.tlg030	ὅλος	64	exact	ὅλος
tlg0059.tlg030	οἰκεῖος	63	exact	οἰκεῖος
tlg0059.tlg030	ζάω	63	exact	ζάω
tlg0059.tlg030	πρότερος	63	exact	πρότερος
tlg0059.tlg030	φιλόσοφος	63	exact	φιλόσοφος
tlg0059.tlg030	νόμος	61	exact	νόμος
tlg0059.tlg030	ἀναγκαῖος	61	exact	ἀναγκαῖος
tlg0059.tlg030	ὅπως	60	exact	ὅπως
tlg0059.tlg030	ἅμα	59	exact	ἅμα
tlg0059.tlg030	τυγχάνω	59	exact	τυγχάνω
tlg0059.tlg030	ἴδιος	59	exact	ἴδιος
tlg0059.tlg030	ἅπας	59	exact	ἅπας
tlg0059.tlg030	φύω	59	exact	φύω
tlg0059.tlg030	πότερος	58	exact	πότερος
tlg0059.tlg030	ἔνειμι	57	exact	ἔνειμι
tlg0059.tlg030	ῥᾴδιος	56	exact	ῥᾴδιος
tlg0059.tlg030	ἴσως	56	exact	ἴσως
tlg0059.tlg030	χαλεπός	56	exact	χαλεπός
tlg0059.tlg030	γένος	56	exact	γένος
tlg0059.tlg030	τρέφω	56	exact	τρέφω
tlg0059.tlg030	δεινός	55	exact	δεινός
tlg0059.tlg030	ζητέω	55	exact	ζητέω
tlg0059.tlg030	ποιητής	54	exact	ποιητής
tlg0059.tlg030	ἐπαινέω	54	exact	ἐπαινέω
tlg0059.tlg030	ἀναγκάζω	54	exact	ἀναγκάζω
tlg0059.tlg030	μάθημα	54	exact	μάθημα
tlg0059.tlg030	ἄγω	53	exact	ἄγω
tlg0059.tlg030	ἀδύνατος	53	exact	ἀδύνατος
tlg0059.tlg030	συμφέρω	53	exact	συμφέρω
tlg0059.tlg030	ἐπιχειρέω	53	exact	ἐπιχειρέω
tlg0059.tlg030	δίδωμι	52	exact	δίδωμι
tlg0059.tlg030	ἑκάτερος	52	exact	ἑκάτερος
tlg0059.tlg030	ἥσσων	51	exact	ἥσσων
tlg0059.tlg030	εὑρίσκω	51	exact	εὑρίσκω
tlg0059.tlg030	εἴπερ	51	exact	εἴπερ
tlg0059.tlg030	προσήκω	51	exact	προσήκω
tlg0059.tlg030	ἀμφότερος	51	exact	ἀμφότερος
tlg0059.tlg030	διαφέρω	51	exact	διαφέρω
tlg0059.tlg030	πόλεμος	50	exact	πόλεμος
tlg0059.tlg030	πατήρ	49	exact	πατήρ
tlg0059.tlg030	σοφός	49	exact	σοφός
tlg0059.tlg030	χρῆμα	48	exact	χρῆμα
tlg0059.tlg030	ἐγγίγνομαι	48	exact	ἐγγίγνομαι
tlg0059.tlg030	μιμέομαι	48	exact	μιμέομαι
tlg0059.tlg030	χρή	47	exact	χρή
tlg0059.tlg030	δύο	47	exact	δύο
tlg0059.tlg030	ἐάω	47	exact	ἐάω
tlg0059.tlg030	χρόνος	46	exact	χρόνος
tlg0059.tlg030	ἀποκρίνω	46	exact	ἀποκρίνω
tlg0059.tlg030	τελευτάω	46	exact	τελευτάω
tlg0059.tlg030	μέρος	46	exact	μέρος
tlg0059.tlg030	ἀποδίδωμι	46	exact	ἀποδίδωμι
tlg0059.tlg030	δημιουργός	46	exact	δημιουργός
tlg0059.tlg030	τιμάω	46	exact	τιμάω
tlg0059.tlg030	κρατύς	45	exact	κρατύς
tlg0059.tlg030	ἐλαχύς	45	exact	ἐλαχύς
tlg0059.tlg030	γιγνώσκω	45	exact	γιγνώσκω
tlg0059.tlg030	λανθάνω	45	exact	λανθάνω
tlg0059.tlg030	ὀλίγος	44	exact	ὀλίγος
tlg0059.tlg030	ἄξιος	44	exact	ἄξιος
tlg0059.tlg030	κτάομαι	44	exact	κτάομαι
tlg0059.tlg030	γοῦν	44	exact	γοῦν
tlg0059.tlg030	σφόδρα	43	exact	σφόδρα
tlg0059.tlg030	Ὅμηρος	43	exact	Ὅμηρος
tlg0059.tlg030	νυνδί	43	exact	νυνδί
tlg0059.tlg030	παρέχω	43	exact	παρέχω
tlg0059.tlg030	αἱρέω	43	exact	αἱρέω
tlg0059.tlg030	ἡδύς	42	exact	ἡδύς
tlg0059.tlg030	ἀπόλλυμι	42	exact	ἀπόλλυμι
tlg0059.tlg030	φιλοσοφία	42	exact	φιλοσοφία
tlg0059.tlg030	θεάομαι	41	exact	θεάομαι
tlg0059.tlg030	ἐρωτάω	41	exact	ἐρωτάω
tlg0059.tlg030	ἐχθρός	41	exact	ἐχθρός
tlg0059.tlg030	πάσχω	41	exact	πάσχω
tlg0059.tlg030	ἄρχων	41	exact	ἄρχων
tlg0059.tlg030	ἐπιτήδευμα	41	exact	ἐπιτήδευμα
tlg0059.tlg030	νόος	40	exact	νόος
tlg0059.tlg030	οὐδαμῶς	39	exact	οὐδαμῶς
tlg0059.tlg030	μά	39	exact	μά
tlg0059.tlg030	πολίτης	39	exact	πολίτης
tlg0059.tlg030	ἐργάζομαι	39	exact	ἐργάζομαι
tlg0059.tlg030	πλούσιος	38	exact	πλούσιος
tlg0059.tlg030	δράω	38	exact	δράω
tlg0059.tlg030	ὧδε	38	exact	ὧδε
tlg0059.tlg030	φαῦλος	38	exact	φαῦλος
tlg0059.tlg030	εὐδαίμων	38	exact	εὐδαίμων
tlg0059.tlg030	ἐννοέω	38	exact	ἐννοέω
tlg0059.tlg030	ἅπτω	38	exact	ἅπτω
tlg0059.tlg030	πάλιν	37	exact	πάλιν
tlg0059.tlg030	τροφή	37	exact	τροφή
tlg0059.tlg030	τύραννος	37	exact	τύραννος
tlg0059.tlg030	οὐσία	36	exact	οὐσία
tlg0059.tlg030	κινδυνεύω	36	exact	κινδυνεύω
tlg0059.tlg030	τιμή	36	exact	τιμή
tlg0059.tlg030	παιδεία	36	exact	παιδεία
tlg0059.tlg030	ἦκα	35	exact	ἦκα
tlg0059.tlg030	ὑπέρ	35	exact	ὑπέρ
tlg0059.tlg030	διάνοια	35	exact	διάνοια
tlg0059.tlg030	τοσοῦτος	34	exact	τοσοῦτος
tlg0059.tlg030	τέλειος	34	exact	τέλειος
tlg0059.tlg030	γῆ	34	exact	γῆ
tlg0059.tlg030	γέλοιος	34	exact	γέλοιος
tlg0059.tlg030	τοιόσδε	33	exact	τοιόσδε
tlg0059.tlg030	ἄρτι	33	exact	ἄρτι
tlg0059.tlg030	ἰατρικός	33	exact	ἰατρικός
tlg0059.tlg030	τρεῖς	33	exact	τρεῖς
tlg0059.tlg030	κρίνω	33	exact	κρίνω
tlg0059.tlg030	αἰσχρός	33	exact	αἰσχρός
tlg0059.tlg030	τρίτος	33	exact	τρίτος
tlg0059.tlg030	ἄνω	33	exact	ἄνω
tlg0059.tlg030	ἔπειτα	32	exact	ἔπειτα
tlg0059.tlg030	πονηρός	32	exact	πονηρός
tlg0059.tlg030	μεταξύ	32	exact	μεταξύ
tlg0059.tlg030	καθίστημι	32	exact	καθίστημι
tlg0059.tlg030	ἐπεί	32	exact	ἐπεί
tlg0059.tlg030	ὄψις	32	exact	ὄψις
tlg0059.tlg030	πρίν	32	exact	πρίν
tlg0059.tlg030	μισθός	32	exact	μισθός
tlg0059.tlg030	ἕπομαι	32	exact	ἕπομαι
tlg0059.tlg030	αἰσθάνομαι	32	exact	αἰσθάνομαι
tlg0059.tlg030	ἦθος	32	exact	ἦθος
tlg0059.tlg030	παιδεύω	32	exact	παιδεύω
tlg0059.tlg030	ἐπιεικής	31	exact	ἐπιεικής
tlg0059.tlg030	μέσος	31	exact	μέσος
tlg0059.tlg030	ἀλλότριος	31	exact	ἀλλότριος
tlg0059.tlg030	λύπη	31	exact	λύπη
tlg0059.tlg030	ἐπειδάν	30	exact	ἐπειδάν
tlg0059.tlg030	μέτριος	30	exact	μέτριος
tlg0059.tlg030	δίκη	30	exact	δίκη
tlg0059.tlg030	πάρειμι	30	exact	πάρειμι
tlg0059.tlg030	ἀπεργάζομαι	30	exact	ἀπεργάζομαι
tlg0059.tlg030	δεύτερος	30	exact	δεύτερος
tlg0059.tlg030	αἴτιος	29	exact	αἴτιος
tlg0059.tlg030	μουσική	29	exact	μουσική
tlg0059.tlg030	ὡσαύτως	29	exact	ὡσαύτως
tlg0059.tlg030	μουσικός	29	exact	μουσικός
tlg0059.tlg030	πη	29	exact	πη
tlg0059.tlg030	γυμναστικός	29	exact	γυμναστικός
tlg0059.tlg030	δοξάζω	28	exact	δοξάζω
tlg0059.tlg030	θεῖος	28	exact	θεῖος
tlg0059.tlg030	πρᾶξις	28	exact	πρᾶξις
tlg0059.tlg030	ἁμαρτάνω	28	exact	ἁμαρτάνω
tlg0059.tlg030	βλέπω	28	exact	βλέπω
tlg0059.tlg030	ἐπισκοπέω	28	exact	ἐπισκοπέω
tlg0059.tlg030	νομίζω	28	exact	νομίζω
tlg0059.tlg030	κακία	28	exact	κακία
tlg0059.tlg030	σωφροσύνη	28	exact	σωφροσύνη
tlg0059.tlg030	οἰκέω	28	exact	οἰκέω
tlg0059.tlg030	θυμοειδής	28	exact	θυμοειδής
tlg0059.tlg030	εἰκών	28	exact	εἰκών
tlg0059.tlg030	χαίρω	27	exact	χαίρω
tlg0059.tlg030	σφεῖς	27	exact	σφεῖς
tlg0059.tlg030	χρήσιμος	27	exact	χρήσιμος
tlg0059.tlg030	φυλάσσω	27	exact	φυλάσσω
tlg0059.tlg030	ὅμως	27	exact	ὅμως
tlg0059.tlg030	ἀκριβής	27	exact	ἀκριβής
tlg0059.tlg030	ἰσχυρός	27	exact	ἰσχυρός
tlg0059.tlg030	ἐλεύθερος	27	exact	ἐλεύθερος
tlg0059.tlg030	μετέχω	27	exact	μετέχω
tlg0059.tlg030	ἁρμονία	27	exact	ἁρμονία
tlg0059.tlg030	ἅτε	26	exact	ἅτε
tlg0059.tlg030	ἐκεῖ	26	exact	ἐκεῖ
tlg0059.tlg030	ἰατρός	26	exact	ἰατρός
tlg0059.tlg030	ὠφελέω	26	exact	ὠφελέω
tlg0059.tlg030	κύων	26	exact	κύων
tlg0059.tlg030	ἀξιόω	26	exact	ἀξιόω
tlg0059.tlg030	σοφία	26	exact	σοφία
tlg0059.tlg030	προστάσσω	26	exact	προστάσσω
tlg0059.tlg030	οἰκία	26	exact	οἰκία
tlg0059.tlg030	ἄνευ	26	exact	ἄνευ
tlg0059.tlg030	λοιπός	26	exact	λοιπός
tlg0059.tlg030	ἀνδρεῖος	26	exact	ἀνδρεῖος
tlg0059.tlg030	ἐπιτηδεύω	26	exact	ἐπιτηδεύω
tlg0059.tlg030	πλῆθος	26	exact	πλῆθος
tlg0059.tlg030	ἰδιώτης	26	exact	ἰδιώτης
tlg0059.tlg030	ἀποδέχομαι	25	exact	ἀποδέχομαι
tlg0059.tlg030	ἑταῖρος	25	exact	ἑταῖρος
tlg0059.tlg030	συγχωρέω	25	exact	συγχωρέω
tlg0059.tlg030	τυραννικός	25	exact	τυραννικός
tlg0059.tlg030	ὄνομα	25	exact	ὄνομα
tlg0059.tlg030	κομιδῇ	25	exact	κομιδῇ
tlg0059.tlg030	ἀφικνέομαι	25	exact	ἀφικνέομαι
tlg0059.tlg030	φάος	25	exact	φάος
tlg0059.tlg030	εὐθύς	24	exact	εὐθύς
tlg0059.tlg030	ἀντί	24	exact	ἀντί
tlg0059.tlg030	βλάπτω	24	exact	βλάπτω
tlg0059.tlg030	μακάριος	24	exact	μακάριος
tlg0059.tlg030	κρατέω	24	exact	κρατέω
tlg0059.tlg030	πονηρία	24	exact	πονηρία
tlg0059.tlg030	τάσσω	24	exact	τάσσω
tlg0059.tlg030	ἀνδρεία	24	exact	ἀνδρεία
tlg0059.tlg030	ἡμέτερος	24	exact	ἡμέτερος
tlg0059.tlg030	πολεμικός	24	exact	πολεμικός
tlg0059.tlg030	πρέσβυς	24	exact	πρέσβυς
tlg0059.tlg030	γεννάω	24	exact	γεννάω
tlg0059.tlg030	οὐρανός	24	exact	οὐρανός
tlg0059.tlg030	ἀδελφός	23	exact	ἀδελφός
tlg0059.tlg030	κεῖμαι	23	exact	κεῖμαι
tlg0059.tlg030	ψεύδω	23	exact	ψεύδω
tlg0059.tlg030	κάμνω	23	exact	κάμνω
tlg0059.tlg030	ἄχρηστος	23	exact	ἄχρηστος
tlg0059.tlg030	πολέμιος	23	exact	πολέμιος
tlg0059.tlg030	μάχομαι	23	exact	μάχομαι
tlg0059.tlg030	λυσιτελέω	23	exact	λυσιτελέω
tlg0059.tlg030	ἐπιθυμέω	23	exact	ἐπιθυμέω
tlg0059.tlg030	πειράω	23	exact	πειράω
tlg0059.tlg030	γένεσις	23	exact	γένεσις
tlg0059.tlg030	ζῷον	23	exact	ζῷον
tlg0059.tlg030	ἐμποιέω	22	exact	ἐμποιέω
tlg0059.tlg030	χρηστός	22	exact	χρηστός
tlg0059.tlg030	φιλέω	22	exact	φιλέω
tlg0059.tlg030	διαφθείρω	22	exact	διαφθείρω
tlg0059.tlg030	ἐμός	22	exact	ἐμός
tlg0059.tlg030	κοινός	22	exact	κοινός
tlg0059.tlg030	υἱός	22	exact	υἱός
tlg0059.tlg030	ἔκγονος	22	exact	ἔκγονος
tlg0059.tlg030	γεωργός	22	exact	γεωργός
tlg0059.tlg030	πρόσθεν	22	exact	πρόσθεν
tlg0059.tlg030	μίμησις	22	exact	μίμησις
tlg0059.tlg030	ἀποβλέπω	22	exact	ἀποβλέπω
tlg0059.tlg030	ἀριθμός	22	exact	ἀριθμός
tlg0059.tlg030	διαλέγω	21	exact	διαλέγω
tlg0059.tlg030	αὐξάνω	21	exact	αὐξάνω
tlg0059.tlg030	ἐνταῦθα	21	exact	ἐνταῦθα
tlg0059.tlg030	πολλάκις	21	exact	πολλάκις
tlg0059.tlg030	κινέω	21	exact	κινέω
tlg0059.tlg030	καθοράω	21	exact	καθοράω
tlg0059.tlg030	κτῆσις	21	exact	κτῆσις
tlg0059.tlg030	πλήν	21	exact	πλήν
tlg0059.tlg030	προλέγω	21	exact	προλέγω
tlg0059.tlg030	δημοκρατία	21	exact	δημοκρατία
tlg0059.tlg030	ὅτε	21	exact	ὅτε
tlg0059.tlg030	ἄθλιος	21	exact	ἄθλιος
tlg0059.tlg030	ἕως	21	exact	ἕως
tlg0059.tlg030	ἕλκω	21	exact	ἕλκω
tlg0059.tlg030	ψέγω	21	exact	ψέγω
tlg0059.tlg030	πάθος	21	exact	πάθος
tlg0059.tlg030	μεταβάλλω	21	exact	μεταβάλλω
tlg0059.tlg030	ἥλιος	21	exact	ἥλιος
tlg0059.tlg030	δῆμος	21	exact	δῆμος
tlg0059.tlg030	πρέπω	20	exact	πρέπω
tlg0059.tlg030	ὁρμάω	20	exact	ὁρμάω
tlg0059.tlg030	πορεύω	20	exact	πορεύω
tlg0059.tlg030	ἀπαλλάσσω	20	exact	ἀπαλλάσσω
tlg0059.tlg030	σώφρων	20	exact	σώφρων
tlg0059.tlg030	ὠφέλιμος	20	exact	ὠφέλιμος
tlg0059.tlg030	λογιστικός	20	exact	λογιστικός
tlg0059.tlg030	γενναῖος	20	exact	γενναῖος
tlg0059.tlg030	μακρός	20	exact	μακρός
tlg0059.tlg030	πόνος	20	exact	πόνος
tlg0059.tlg030	ἰδέα	20	exact	ἰδέα
tlg0059.tlg030	αἴσθησις	20	exact	αἴσθησις
tlg0059.tlg030	ταχύς	20	exact	ταχύς
tlg0059.tlg030	τύπος	20	exact	τύπος
tlg0059.tlg030	συγγενής	20	exact	συγγενής
tlg0059.tlg030	τέλος	20	exact	τέλος
tlg0059.tlg030	ὀλιγαρχικός	20	exact	ὀλιγαρχικός
tlg0059.tlg030	ἵππος	19	exact	ἵππος
tlg0059.tlg030	ἀσπάζομαι	19	exact	ἀσπάζομαι
tlg0059.tlg030	ἄγριος	19	exact	ἄγριος
tlg0059.tlg030	συμβαίνω	19	exact	συμβαίνω
tlg0059.tlg030	σχεδόν	19	exact	σχεδόν
tlg0059.tlg030	ἀγαπάω	19	exact	ἀγαπάω
tlg0059.tlg030	τοι	19	exact	τοι
tlg0059.tlg030	ἐγγύς	19	exact	ἐγγύς
tlg0059.tlg030	μῦθος	19	exact	μῦθος
tlg0059.tlg030	ὅσιος	19	exact	ὅσιος
tlg0059.tlg030	ὀφείλω	19	exact	ὀφείλω
tlg0059.tlg030	δείδω	19	exact	δείδω
tlg0059.tlg030	ὀνομάζω	19	exact	ὀνομάζω
tlg0059.tlg030	νόσος	19	exact	νόσος
tlg0059.tlg030	κοινωνία	19	exact	κοινωνία
tlg0059.tlg030	μήτηρ	19	exact	μήτηρ
tlg0059.tlg030	ἥκω	19	exact	ἥκω
tlg0059.tlg030	ἑκών	19	exact	ἑκών
tlg0059.tlg030	πρᾶγμα	19	exact	πρᾶγμα
tlg0059.tlg030	αὖθις	19	exact	αὖθις
tlg0059.tlg030	βία	19	exact	βία
tlg0059.tlg030	ἀληθινός	19	exact	ἀληθινός
tlg0059.tlg030	δοῦλος	19	exact	δοῦλος
tlg0059.tlg030	λεκτέος	19	exact	λεκτέος
tlg0059.tlg030	ὀξύς	19	exact	ὀξύς
tlg0059.tlg030	ἄτοπος	19	exact	ἄτοπος
tlg0059.tlg030	τόπος	19	exact	τόπος
tlg0059.tlg030	εἴδωλον	19	exact	εἴδωλον
tlg0059.tlg030	φρόνησις	19	exact	φρόνησις
tlg0059.tlg030	κελεύω	18	exact	κελεύω
tlg0059.tlg030	ἔρομαι	18	exact	ἔρομαι
tlg0059.tlg030	ὑπολαμβάνω	18	exact	ὑπολαμβάνω
tlg0059.tlg030	κοινῇ	18	exact	κοινῇ
tlg0059.tlg030	μισέω	18	exact	μισέω
tlg0059.tlg030	πάλαι	18	exact	πάλαι
tlg0059.tlg030	φοβέω	18	exact	φοβέω
tlg0059.tlg030	τέσσαρες	18	exact	τέσσαρες
tlg0059.tlg030	τυραννίς	18	exact	τυραννίς
tlg0059.tlg030	λογισμός	18	exact	λογισμός
tlg0059.tlg030	προσαγορεύω	18	exact	προσαγορεύω
tlg0059.tlg030	βιάζω	18	exact	βιάζω
tlg0059.tlg030	ὑγιής	18	exact	ὑγιής
tlg0059.tlg030	οἰκίζω	18	exact	οἰκίζω
tlg0059.tlg030	καθαρός	18	exact	καθαρός
tlg0059.tlg030	κλίνη	18	exact	κλίνη
tlg0059.tlg030	παντοδαπός	18	exact	παντοδαπός
tlg0059.tlg030	νόσημα	18	exact	νόσημα
tlg0059.tlg030	κάτω	18	exact	κάτω
tlg0059.tlg030	τείνω	18	exact	τείνω
tlg0059.tlg030	ὀλιγαρχία	18	exact	ὀλιγαρχία
tlg0059.tlg030	μένω	17	exact	μένω
tlg0059.tlg030	γῆρας	17	exact	γῆρας
tlg0059.tlg030	πλοῦτος	17	exact	πλοῦτος
tlg0059.tlg030	ὠφέλεια	17	exact	ὠφέλεια
tlg0059.tlg030	ἀργύριον	17	exact	ἀργύριον
tlg0059.tlg030	παρασκευάζω	17	exact	παρασκευάζω
tlg0059.tlg030	θεραπεύω	17	exact	θεραπεύω
tlg0059.tlg030	ὅθεν	17	exact	ὅθεν
tlg0059.tlg030	ἴσος	17	exact	ἴσος
tlg0059.tlg030	ὑπάρχω	17	exact	ὑπάρχω
tlg0059.tlg030	πολιτικός	17	exact	πολιτικός
tlg0059.tlg030	φρόνιμος	17	exact	φρόνιμος
tlg0059.tlg030	στασιάζω	17	exact	στασιάζω
tlg0059.tlg030	φόβος	17	exact	φόβος
tlg0059.tlg030	μέχρι	17	exact	μέχρι
tlg0059.tlg030	πένης	17	exact	πένης
tlg0059.tlg030	ἀνίημι	17	exact	ἀνίημι
tlg0059.tlg030	πολεμέω	17	exact	πολεμέω
tlg0059.tlg030	μεταβολή	17	exact	μεταβολή
tlg0059.tlg030	ὁδός	16	exact	ὁδός
tlg0059.tlg030	ἐλευθερία	16	exact	ἐλευθερία
tlg0059.tlg030	χρεία	16	exact	χρεία
tlg0059.tlg030	ἔμπροσθεν	16	exact	ἔμπροσθεν
tlg0059.tlg030	θαυμαστός	16	exact	θαυμαστός
tlg0059.tlg030	ἐπιμελέομαι	16	exact	ἐπιμελέομαι
tlg0059.tlg030	καίτοι	16	exact	καίτοι
tlg0059.tlg030	κυβερνήτης	16	exact	κυβερνήτης
tlg0059.tlg030	θηρίον	16	exact	θηρίον
tlg0059.tlg030	χαλεπαίνω	16	exact	χαλεπαίνω
tlg0059.tlg030	ἔπος	16	exact	ἔπος
tlg0059.tlg030	πως	16	exact	πως
tlg0059.tlg030	ἀφαιρέω	16	exact	ἀφαιρέω
tlg0059.tlg030	ὁρίζω	16	exact	ὁρίζω
tlg0059.tlg030	φιλότιμος	16	exact	φιλότιμος
tlg0059.tlg030	ἀπέχω	16	exact	ἀπέχω
tlg0059.tlg030	ὄμμα	16	exact	ὄμμα
tlg0059.tlg030	ἀποκτείνω	16	exact	ἀποκτείνω
tlg0059.tlg030	ἀτιμάζω	16	exact	ἀτιμάζω
tlg0059.tlg030	σχῆμα	16	exact	σχῆμα
tlg0059.tlg030	ποίησις	16	exact	ποίησις
tlg0059.tlg030	ὄργανον	16	exact	ὄργανον
tlg0059.tlg030	χρυσός	16	exact	χρυσός
tlg0059.tlg030	μιμητής	16	exact	μιμητής
tlg0059.tlg030	ψεῦδος	16	exact	ψεῦδος
tlg0059.tlg030	παντελής	16	exact	παντελής
tlg0059.tlg030	ῥυθμός	16	exact	ῥυθμός
tlg0059.tlg030	παράδειγμα	16	exact	παράδειγμα
tlg0059.tlg030	νόησις	16	exact	νόησις
tlg0059.tlg030	λείπω	15	exact	λείπω
tlg0059.tlg030	νή	15	exact	νή
tlg0059.tlg030	ᾗ	15	exact	ᾗ
tlg0059.tlg030	ἐνίοτε	15	exact	ἐνίοτε
tlg0059.tlg030	ὁπότε	15	exact	ὁπότε
tlg0059.tlg030	εἶεν	15	exact	εἶεν
tlg0059.tlg030	ὑγίεια	15	exact	ὑγίεια
tlg0059.tlg030	νοέω	15	exact	νοέω
tlg0059.tlg030	σαφής	15	exact	σαφής
tlg0059.tlg030	τυραννεύω	15	exact	τυραννεύω
tlg0059.tlg030	ἐκβαίνω	15	exact	ἐκβαίνω
tlg0059.tlg030	κολάζω	15	exact	κολάζω
tlg0059.tlg030	δήπου	15	exact	δήπου
tlg0059.tlg030	προσδέω	15	exact	προσδέω
tlg0059.tlg030	ὀφθαλμός	15	exact	ὀφθαλμός
tlg0059.tlg030	στάσις	15	exact	στάσις
tlg0059.tlg030	διώκω	15	exact	διώκω
tlg0059.tlg030	βασιλεύς	15	exact	βασιλεύς
tlg0059.tlg030	λύω	15	exact	λύω
tlg0059.tlg030	θάνατος	15	exact	θάνατος
tlg0059.tlg030	πρό	15	exact	πρό
tlg0059.tlg030	ἀσθενής	15	exact	ἀσθενής
tlg0059.tlg030	δηλόω	15	exact	δηλόω
tlg0059.tlg030	ἀνθρώπινος	15	exact	ἀνθρώπινος
tlg0059.tlg030	μεταλαμβάνω	15	exact	μεταλαμβάνω
tlg0059.tlg030	φυλακή	15	exact	φυλακή
tlg0059.tlg030	κάλλος	15	exact	κάλλος
tlg0059.tlg030	διήγησις	15	exact	διήγησις
tlg0059.tlg030	νομοθετέω	15	exact	νομοθετέω
tlg0059.tlg030	ἀμφισβητέω	15	exact	ἀμφισβητέω
tlg0059.tlg030	ποιός	15	exact	ποιός
tlg0059.tlg030	μνημονεύω	15	exact	μνημονεύω
tlg0059.tlg030	ἀφίημι	14	exact	ἀφίημι
tlg0059.tlg030	κύκλος	14	exact	κύκλος
tlg0059.tlg030	κόσμιος	14	exact	κόσμιος
tlg0059.tlg030	ταύτῃ	14	exact	ταύτῃ
tlg0059.tlg030	σπουδάζω	14	exact	σπουδάζω
tlg0059.tlg030	ἀγνοέω	14	exact	ἀγνοέω
tlg0059.tlg030	φάρμακον	14	exact	φάρμακον
tlg0059.tlg030	οὐκέτι	14	exact	οὐκέτι
tlg0059.tlg030	κοινωνέω	14	exact	κοινωνέω
tlg0059.tlg030	ἡσυχία	14	exact	ἡσυχία
tlg0059.tlg030	φθέγγομαι	14	exact	φθέγγομαι
tlg0059.tlg030	θαυμάζω	14	exact	θαυμάζω
tlg0059.tlg030	δείκνυμι	14	exact	δείκνυμι
tlg0059.tlg030	φανερός	14	exact	φανερός
tlg0059.tlg030	ναῦς	14	exact	ναῦς
tlg0059.tlg030	πρόσω	14	exact	πρόσω
tlg0059.tlg030	πλεονεκτέω	14	exact	πλεονεκτέω
tlg0059.tlg030	προθυμέομαι	14	exact	προθυμέομαι
tlg0059.tlg030	ἐπιτρέπω	14	exact	ἐπιτρέπω
tlg0059.tlg030	πώποτε	14	exact	πώποτε
tlg0059.tlg030	σχολή	14	exact	σχολή
tlg0059.tlg030	δέχομαι	14	exact	δέχομαι
tlg0059.tlg030	γεύω	14	exact	γεύω
tlg0059.tlg030	δημοσίᾳ	14	exact	δημοσίᾳ
tlg0059.tlg030	κύριος	14	exact	κύριος
tlg0059.tlg030	συχνός	14	exact	συχνός
tlg0059.tlg030	μέτρον	14	exact	μέτρον
tlg0059.tlg030	πάθημα	14	exact	πάθημα
tlg0059.tlg030	ἔξωθεν	14	exact	ἔξωθεν
tlg0059.tlg030	δουλεία	14	exact	δουλεία
tlg0059.tlg030	σκιά	14	exact	σκιά
tlg0059.tlg030	λέξις	14	exact	λέξις
tlg0059.tlg030	μιμητικός	14	exact	μιμητικός
tlg0059.tlg030	ἔρως	14	exact	ἔρως
tlg0059.tlg030	ἐκτός	14	exact	ἐκτός
tlg0059.tlg030	ἕξις	14	exact	ἕξις
tlg0059.tlg030	πίνω	14	exact	πίνω
tlg0059.tlg030	ἵστημι	14	exact	ἵστημι
tlg0059.tlg030	ζωγράφος	14	exact	ζωγράφος
tlg0059.tlg030	νοητός	14	exact	νοητός
tlg0059.tlg030	γεωμετρία	14	exact	γεωμετρία
tlg0059.tlg030	κηφήν	14	exact	κηφήν
tlg0059.tlg030	διανοέω	13	exact	διανοέω
tlg0059.tlg030	σύνειμι	13	exact	σύνειμι
tlg0059.tlg030	συγγίγνομαι	13	exact	συγγίγνομαι
tlg0059.tlg030	εὐδοκιμέω	13	exact	εὐδοκιμέω
tlg0059.tlg030	ἐξαπατάω	13	exact	ἐξαπατάω
tlg0059.tlg030	θυσία	13	exact	θυσία
tlg0059.tlg030	ὅπλον	13	exact	ὅπλον
tlg0059.tlg030	ἱερός	13	exact	ἱερός
tlg0059.tlg030	χρυσίον	13	exact	χρυσίον
tlg0059.tlg030	παρίημι	13	exact	παρίημι
tlg0059.tlg030	οὖς	13	exact	οὖς
tlg0059.tlg030	ἐπιτάσσω	13	exact	ἐπιτάσσω
tlg0059.tlg030	ἡμέρα	13	exact	ἡμέρα
tlg0059.tlg030	τολμάω	13	exact	τολμάω
tlg0059.tlg030	διομολογέω	13	exact	διομολογέω
tlg0059.tlg030	χείρ	13	exact	χείρ
tlg0059.tlg030	ἔξω	13	exact	ἔξω
tlg0059.tlg030	κατέχω	13	exact	κατέχω
tlg0059.tlg030	ἁπλόος	13	exact	ἁπλόος
tlg0059.tlg030	βοηθέω	13	exact	βοηθέω
tlg0059.tlg030	εὐδαιμονία	13	exact	εὐδαιμονία
tlg0059.tlg030	ποικίλος	13	exact	ποικίλος
tlg0059.tlg030	οἴκησις	13	exact	οἴκησις
tlg0059.tlg030	σῖτος	13	exact	σῖτος
tlg0059.tlg030	ἀμελέω	13	exact	ἀμελέω
tlg0059.tlg030	κομίζω	13	exact	κομίζω
tlg0059.tlg030	εὐλαβέομαι	13	exact	εὐλαβέομαι
tlg0059.tlg030	δίαιτα	13	exact	δίαιτα
tlg0059.tlg030	θυμός	13	exact	θυμός
tlg0059.tlg030	διεξέρχομαι	13	exact	διεξέρχομαι
tlg0059.tlg030	σύμπας	13	exact	σύμπας
tlg0059.tlg030	γονεύς	13	exact	γονεύς
tlg0059.tlg030	διαφερόντως	13	exact	διαφερόντως
tlg0059.tlg030	φιλοχρήματος	13	exact	φιλοχρήματος
tlg0059.tlg030	ἐπίσταμαι	13	exact	ἐπίσταμαι
tlg0059.tlg030	θυγάτηρ	13	exact	θυγάτηρ
tlg0059.tlg030	τρέπω	13	exact	τρέπω
tlg0059.tlg030	ὁμοιόω	13	exact	ὁμοιόω
tlg0059.tlg030	διαιρέω	13	exact	διαιρέω
tlg0059.tlg030	ὁμιλέω	13	exact	ὁμιλέω
tlg0059.tlg030	ἥμερος	13	exact	ἥμερος
tlg0059.tlg030	ἐπίκουρος	13	exact	ἐπίκουρος
tlg0059.tlg030	γράφω	13	exact	γράφω
tlg0059.tlg030	ἐπιθυμητικός	13	exact	ἐπιθυμητικός
tlg0059.tlg030	ἀπέρχομαι	12	exact	ἀπέρχομαι
tlg0059.tlg030	ὅπου	12	exact	ὅπου
tlg0059.tlg030	ἐντυγχάνω	12	exact	ἐντυγχάνω
tlg0059.tlg030	πενία	12	exact	πενία
tlg0059.tlg030	μεστός	12	exact	μεστός
tlg0059.tlg030	παραδίδωμι	12	exact	παραδίδωμι
tlg0059.tlg030	ποιητικός	12	exact	ποιητικός
tlg0059.tlg030	σιτίον	12	exact	σιτίον
tlg0059.tlg030	προστίθημι	12	exact	προστίθημι
tlg0059.tlg030	θαυμάσιος	12	exact	θαυμάσιος
tlg0059.tlg030	οὐδέποτε	12	exact	οὐδέποτε
tlg0059.tlg030	διορίζω	12	exact	διορίζω
tlg0059.tlg030	ναύτης	12	exact	ναύτης
tlg0059.tlg030	ὑπηρετέω	12	exact	ὑπηρετέω
tlg0059.tlg030	δικαστής	12	exact	δικαστής
tlg0059.tlg030	πρᾶος	12	exact	πρᾶος
tlg0059.tlg030	ἔξεστι	12	exact	ἔξεστι
tlg0059.tlg030	ὕδωρ	12	exact	ὕδωρ
tlg0059.tlg030	ἴσχω	12	exact	ἴσχω
tlg0059.tlg030	ἀναλίσκω	12	exact	ἀναλίσκω
tlg0059.tlg030	παρέρχομαι	12	exact	παρέρχομαι
tlg0059.tlg030	σκεῦος	12	exact	σκεῦος
tlg0059.tlg030	ὑγιεινός	12	exact	ὑγιεινός
tlg0059.tlg030	ἄπειρος	12	exact	ἄπειρος
tlg0059.tlg030	κομψός	12	exact	κομψός
tlg0059.tlg030	ἄγνοια	12	exact	ἄγνοια
tlg0059.tlg030	ἐράω	12	exact	ἐράω
tlg0059.tlg030	μάθησις	12	exact	μάθησις
tlg0059.tlg030	κατάστασις	12	exact	κατάστασις
tlg0059.tlg030	τάξις	12	exact	τάξις
tlg0059.tlg030	θέα	12	exact	θέα
tlg0059.tlg030	γνῶσις	12	exact	γνῶσις
tlg0059.tlg030	ὑπόθεσις	12	exact	ὑπόθεσις
tlg0059.tlg030	θεωρέω	11	exact	θεωρέω
tlg0059.tlg030	ὕστερον	11	exact	ὕστερον
tlg0059.tlg030	δεῦρο	11	exact	δεῦρο
tlg0059.tlg030	πυνθάνομαι	11	exact	πυνθάνομαι
tlg0059.tlg030	ἡλικία	11	exact	ἡλικία
tlg0059.tlg030	δεσπότης	11	exact	δεσπότης
tlg0059.tlg030	παύω	11	exact	παύω
tlg0059.tlg030	μαίνομαι	11	exact	μαίνομαι
tlg0059.tlg030	αἰτία	11	exact	αἰτία
tlg0059.tlg030	ἐνθάδε	11	exact	ἐνθάδε
tlg0059.tlg030	ἀπιστέω	11	exact	ἀπιστέω
tlg0059.tlg030	ὁπωσοῦν	11	exact	ὁπωσοῦν
tlg0059.tlg030	δῆτα	11	exact	δῆτα
tlg0059.tlg030	στρατόπεδον	11	exact	στρατόπεδον
tlg0059.tlg030	σημαίνω	11	exact	σημαίνω
tlg0059.tlg030	διδάσκω	11	exact	διδάσκω
tlg0059.tlg030	οὔπω	11	exact	οὔπω
tlg0059.tlg030	ἀποφαίνω	11	exact	ἀποφαίνω
tlg0059.tlg030	μόγις	11	exact	μόγις
tlg0059.tlg030	δημιουργέω	11	exact	δημιουργέω
tlg0059.tlg030	βουλεύω	11	exact	βουλεύω
tlg0059.tlg030	σωτηρία	11	exact	σωτηρία
tlg0059.tlg030	μαντεύομαι	11	exact	μαντεύομαι
tlg0059.tlg030	ἁρμόζω	11	exact	ἁρμόζω
tlg0059.tlg030	φεύγω	11	exact	φεύγω
tlg0059.tlg030	ἐντεῦθεν	11	exact	ἐντεῦθεν
tlg0059.tlg030	νόμιμος	11	exact	νόμιμος
tlg0059.tlg030	ἀνέχω	11	exact	ἀνέχω
tlg0059.tlg030	σκυτοτόμος	11	exact	σκυτοτόμος
tlg0059.tlg030	τέκτων	11	exact	τέκτων
tlg0059.tlg030	ἐπιτήδειος	11	exact	ἐπιτήδειος
tlg0059.tlg030	γυμνάσιον	11	exact	γυμνάσιον
tlg0059.tlg030	τραγῳδία	11	exact	τραγῳδία
tlg0059.tlg030	ἄλλοτε	11	exact	ἄλλοτε
tlg0059.tlg030	τύχη	11	exact	τύχη
tlg0059.tlg030	ἀθάνατος	11	exact	ἀθάνατος
tlg0059.tlg030	κεφαλή	11	exact	κεφαλή
tlg0059.tlg030	φωνή	11	exact	φωνή
tlg0059.tlg030	ἐφάπτω	11	exact	ἐφάπτω
tlg0059.tlg030	προσφέρω	11	exact	προσφέρω
tlg0059.tlg030	πονέω	11	exact	πονέω
tlg0059.tlg030	τυφλός	11	exact	τυφλός
tlg0059.tlg030	λαγχάνω	11	exact	λαγχάνω
tlg0059.tlg030	ἡγεμών	11	exact	ἡγεμών
tlg0059.tlg030	ἀστρονομία	11	exact	ἀστρονομία
tlg0059.tlg030	περιμένω	10	exact	περιμένω
tlg0059.tlg030	ἱμάτιον	10	exact	ἱμάτιον
tlg0059.tlg030	εἰρήνη	10	exact	εἰρήνη
tlg0059.tlg030	χρηματιστής	10	exact	χρηματιστής
tlg0059.tlg030	ἀδίκημα	10	exact	ἀδίκημα
tlg0059.tlg030	ἐγείρω	10	exact	ἐγείρω
tlg0059.tlg030	σός	10	exact	σός
tlg0059.tlg030	ἀκολουθέω	10	exact	ἀκολουθέω
tlg0059.tlg030	συμβόλαιον	10	exact	συμβόλαιον
tlg0059.tlg030	μάχη	10	exact	μάχη
tlg0059.tlg030	ἑτοῖμος	10	exact	ἑτοῖμος
tlg0059.tlg030	δημοκρατικός	10	exact	δημοκρατικός
tlg0059.tlg030	πάντως	10	exact	πάντως
tlg0059.tlg030	δουλόω	10	exact	δουλόω
tlg0059.tlg030	βιόω	10	exact	βιόω
tlg0059.tlg030	οὐδαμῇ	10	exact	οὐδαμῇ
tlg0059.tlg030	ἐξευρίσκω	10	exact	ἐξευρίσκω
tlg0059.tlg030	ἀμαθία	10	exact	ἀμαθία
tlg0059.tlg030	πω	10	exact	πω
tlg0059.tlg030	ἐγκωμιάζω	10	exact	ἐγκωμιάζω
tlg0059.tlg030	ἐξουσία	10	exact	ἐξουσία
tlg0059.tlg030	ἄκρος	10	exact	ἄκρος
tlg0059.tlg030	διάκειμαι	10	exact	διάκειμαι
tlg0059.tlg030	γάμος	10	exact	γάμος
tlg0059.tlg030	καταμανθάνω	10	exact	καταμανθάνω
tlg0059.tlg030	τέταρτος	10	exact	τέταρτος
tlg0059.tlg030	ἰσχύς	10	exact	ἰσχύς
tlg0059.tlg030	πῦρ	10	exact	πῦρ
tlg0059.tlg030	χρῶμα	10	exact	χρῶμα
tlg0059.tlg030	πλήσσω	10	exact	πλήσσω
tlg0059.tlg030	ἀθλητής	10	exact	ἀθλητής
tlg0059.tlg030	ἐκλέγω	10	exact	ἐκλέγω
tlg0059.tlg030	φιλομαθής	10	exact	φιλομαθής
tlg0059.tlg030	ἐπιβουλεύω	10	exact	ἐπιβουλεύω
tlg0059.tlg030	δειλός	10	exact	δειλός
tlg0059.tlg030	ἀλλοιόω	10	exact	ἀλλοιόω
tlg0059.tlg030	πάντῃ	10	exact	πάντῃ
tlg0059.tlg030	μίμημα	10	exact	μίμημα
tlg0059.tlg030	ἀνάξιος	10	exact	ἀνάξιος
tlg0059.tlg030	αἰσχύνω	10	exact	αἰσχύνω
tlg0059.tlg030	δαίμων	10	exact	δαίμων
tlg0059.tlg030	ἐμπειρία	10	exact	ἐμπειρία
tlg0059.tlg030	δόγμα	10	exact	δόγμα
tlg0059.tlg030	ὥρα	10	exact	ὥρα
tlg0059.tlg030	ἀμήχανος	10	exact	ἀμήχανος
tlg0059.tlg030	ὁρατός	10	exact	ὁρατός
tlg0059.tlg030	ἔμπειρος	10	exact	ἔμπειρος
tlg0059.tlg030	πρόσωθεν	9	exact	πρόσωθεν
tlg0059.tlg030	αἰτιάομαι	9	exact	αἰτιάομαι
tlg0059.tlg030	παραγίγνομαι	9	exact	παραγίγνομαι
tlg0059.tlg030	βραχύς	9	exact	βραχύς
tlg0059.tlg030	ὕπνος	9	exact	ὕπνος
tlg0059.tlg030	χαρίεις	9	exact	χαρίεις
tlg0059.tlg030	ἄκων	9	exact	ἄκων
tlg0059.tlg030	ὄψον	9	exact	ὄψον
tlg0059.tlg030	ῥῆμα	9	exact	ῥῆμα
tlg0059.tlg030	τίμιος	9	exact	τίμιος
tlg0059.tlg030	διαπράσσω	9	exact	διαπράσσω
tlg0059.tlg030	χαρίζω	9	exact	χαρίζω
tlg0059.tlg030	δημοκρατέομαι	9	exact	δημοκρατέομαι
tlg0059.tlg030	πανταχοῦ	9	exact	πανταχοῦ
tlg0059.tlg030	ἐξαρκέω	9	exact	ἐξαρκέω
tlg0059.tlg030	σύμφημι	9	exact	σύμφημι
tlg0059.tlg030	ποιμήν	9	exact	ποιμήν
tlg0059.tlg030	ἐνδείκνυμι	9	exact	ἐνδείκνυμι
tlg0059.tlg030	μεταχειρίζω	9	exact	μεταχειρίζω
tlg0059.tlg030	ὁπότερος	9	exact	ὁπότερος
tlg0059.tlg030	ἐπιστήμων	9	exact	ἐπιστήμων
tlg0059.tlg030	δεσμός	9	exact	δεσμός
tlg0059.tlg030	ἔσχατος	9	exact	ἔσχατος
tlg0059.tlg030	κατασκευάζω	9	exact	κατασκευάζω
tlg0059.tlg030	ἀκολασία	9	exact	ἀκολασία
tlg0059.tlg030	εὐφυής	9	exact	εὐφυής
tlg0059.tlg030	ἀναβαίνω	9	exact	ἀναβαίνω
tlg0059.tlg030	ἥρως	9	exact	ἥρως
tlg0059.tlg030	ἐπιμέλεια	9	exact	ἐπιμέλεια
tlg0059.tlg030	ἄκρατος	9	exact	ἄκρατος
tlg0059.tlg030	μαλακός	9	exact	μαλακός
tlg0059.tlg030	γέλως	9	exact	γέλως
tlg0059.tlg030	οὔκουν	9	exact	οὔκουν
tlg0059.tlg030	ἀθρέω	9	exact	ἀθρέω
tlg0059.tlg030	ἔθος	9	exact	ἔθος
tlg0059.tlg030	ἀπεικάζω	9	exact	ἀπεικάζω
tlg0059.tlg030	νικάω	9	exact	νικάω
tlg0059.tlg030	στρατιώτης	9	exact	στρατιώτης
tlg0059.tlg030	ἑκούσιος	9	exact	ἑκούσιος
tlg0059.tlg030	δάκτυλος	9	exact	δάκτυλος
tlg0059.tlg030	ἐντός	9	exact	ἐντός
tlg0059.tlg030	παραλείπω	9	exact	παραλείπω
tlg0059.tlg030	περιφέρω	9	exact	περιφέρω
tlg0059.tlg030	ἐρωτικός	9	exact	ἐρωτικός
tlg0059.tlg030	νοσώδης	9	exact	νοσώδης
tlg0059.tlg030	ἐκβάλλω	9	exact	ἐκβάλλω
tlg0059.tlg030	μηδαμῇ	9	exact	μηδαμῇ
tlg0059.tlg030	ἀπολογέομαι	9	exact	ἀπολογέομαι
tlg0059.tlg030	βάρβαρος	9	exact	βάρβαρος
tlg0059.tlg030	νομοθέτης	9	exact	νομοθέτης
tlg0059.tlg030	ἀποδείκνυμι	9	exact	ἀποδείκνυμι
tlg0059.tlg030	διψάω	9	exact	διψάω
tlg0059.tlg030	ἐξαίφνης	9	exact	ἐξαίφνης
tlg0059.tlg030	ἄτιμος	9	exact	ἄτιμος
tlg0059.tlg030	πορεία	9	exact	πορεία
tlg0059.tlg030	φειδωλός	9	exact	φειδωλός
tlg0059.tlg030	φιλοκερδής	9	exact	φιλοκερδής
tlg0059.tlg030	παλαιός	8	exact	παλαιός
tlg0059.tlg030	ἔνιοι	8	exact	ἔνιοι
tlg0059.tlg030	λοιδορέω	8	exact	λοιδορέω
tlg0059.tlg030	παραλαμβάνω	8	exact	παραλαμβάνω
tlg0059.tlg030	στρέφω	8	exact	στρέφω
tlg0059.tlg030	διάγω	8	exact	διάγω
tlg0059.tlg030	ἐκεῖσε	8	exact	ἐκεῖσε
tlg0059.tlg030	ὅρος	8	exact	ὅρος
tlg0059.tlg030	βλαβερός	8	exact	βλαβερός
tlg0059.tlg030	θάλασσα	8	exact	θάλασσα
tlg0059.tlg030	κίνδυνος	8	exact	κίνδυνος
tlg0059.tlg030	σπουδαῖος	8	exact	σπουδαῖος
tlg0059.tlg030	ἀνθρώπειος	8	exact	ἀνθρώπειος
tlg0059.tlg030	ἄμουσος	8	exact	ἄμουσος
tlg0059.tlg030	ἐλέγχω	8	exact	ἐλέγχω
tlg0059.tlg030	ἐξαμαρτάνω	8	exact	ἐξαμαρτάνω
tlg0059.tlg030	σκέψις	8	exact	σκέψις
tlg0059.tlg030	ζήτησις	8	exact	ζήτησις
tlg0059.tlg030	κλητέος	8	exact	κλητέος
tlg0059.tlg030	πρόβατον	8	exact	πρόβατον
tlg0059.tlg030	κερδαίνω	8	exact	κερδαίνω
tlg0059.tlg030	δημόσιος	8	exact	δημόσιος
tlg0059.tlg030	δαιμόνιος	8	exact	δαιμόνιος
tlg0059.tlg030	κήδω	8	exact	κήδω
tlg0059.tlg030	ἀρέσκω	8	exact	ἀρέσκω
tlg0059.tlg030	ἀνόμοιος	8	exact	ἀνόμοιος
tlg0059.tlg030	ἄφρων	8	exact	ἄφρων
tlg0059.tlg030	ἐφίημι	8	exact	ἐφίημι
tlg0059.tlg030	γυμνάζω	8	exact	γυμνάζω
tlg0059.tlg030	χρηματισμός	8	exact	χρηματισμός
tlg0059.tlg030	δακτύλιος	8	exact	δακτύλιος
tlg0059.tlg030	ἀγορά	8	exact	ἀγορά
tlg0059.tlg030	κρίσις	8	exact	κρίσις
tlg0059.tlg030	παρασκευή	8	exact	παρασκευή
tlg0059.tlg030	βασανίζω	8	exact	βασανίζω
tlg0059.tlg030	ἀγών	8	exact	ἀγών
tlg0059.tlg030	ἀνόσιος	8	exact	ἀνόσιος
tlg0059.tlg030	ἀπολύω	8	exact	ἀπολύω
tlg0059.tlg030	μηχανή	8	exact	μηχανή
tlg0059.tlg030	ψευδής	8	exact	ψευδής
tlg0059.tlg030	ἀρκέω	8	exact	ἀρκέω
tlg0059.tlg030	διατρίβω	8	exact	διατρίβω
tlg0059.tlg030	τράπεζα	8	exact	τράπεζα
tlg0059.tlg030	προσέχω	8	exact	προσέχω
tlg0059.tlg030	μυθολογέω	8	exact	μυθολογέω
tlg0059.tlg030	ἀμύνω	8	exact	ἀμύνω
tlg0059.tlg030	φάντασμα	8	exact	φάντασμα
tlg0059.tlg030	ἀφομοιόω	8	exact	ἀφομοιόω
tlg0059.tlg030	ὕπαρ	8	exact	ὕπαρ
tlg0059.tlg030	ὄναρ	8	exact	ὄναρ
tlg0059.tlg030	Ἀπόλλων	8	exact	Ἀπόλλων
tlg0059.tlg030	ἀείδω	8	exact	ἀείδω
tlg0059.tlg030	ὀκνέω	8	exact	ὀκνέω
tlg0059.tlg030	παραδέχομαι	8	exact	παραδέχομαι
tlg0059.tlg030	συμφωνία	8	exact	συμφωνία
tlg0059.tlg030	χρηματιστικός	8	exact	χρηματιστικός
tlg0059.tlg030	σύμμαχος	8	exact	σύμμαχος
tlg0059.tlg030	ὄλεθρος	8	exact	ὄλεθρος
tlg0059.tlg030	ἀργός	8	exact	ἀργός
tlg0059.tlg030	παίζω	8	exact	παίζω
tlg0059.tlg030	παρακαλέω	8	exact	παρακαλέω
tlg0059.tlg030	πολιτεύω	8	exact	πολιτεύω
tlg0059.tlg030	οἰκέτης	8	exact	οἰκέτης
tlg0059.tlg030	ἄλλῃ	8	exact	ἄλλῃ
tlg0059.tlg030	μέθοδος	8	exact	μέθοδος
tlg0059.tlg030	πεινάω	8	exact	πεινάω
tlg0059.tlg030	ἐναργής	8	exact	ἐναργής
tlg0059.tlg030	λυπέω	8	exact	λυπέω
tlg0059.tlg030	ὄντως	8	exact	ὄντως
tlg0059.tlg030	πληρόω	8	exact	πληρόω
tlg0059.tlg030	βέβαιος	8	exact	βέβαιος
tlg0059.tlg030	φανός	8	exact	φανός
tlg0059.tlg030	διαλεκτικός	8	exact	διαλεκτικός
tlg0059.tlg030	γέμω	8	exact	γέμω
tlg0059.tlg030	ἕ	7	exact	ἕ
tlg0059.tlg030	προσέρχομαι	7	exact	προσέρχομαι
tlg0059.tlg030	αὐτόθι	7	exact	αὐτόθι
tlg0059.tlg030	πρεσβύτης	7	exact	πρεσβύτης
tlg0059.tlg030	κάθημαι	7	exact	κάθημαι
tlg0059.tlg030	παραπλήσιος	7	exact	παραπλήσιος
tlg0059.tlg030	ὀδύρομαι	7	exact	ὀδύρομαι
tlg0059.tlg030	ὑμνέω	7	exact	ὑμνέω
tlg0059.tlg030	πλουτέω	7	exact	πλουτέω
tlg0059.tlg030	ποίημα	7	exact	ποίημα
tlg0059.tlg030	εἰσέρχομαι	7	exact	εἰσέρχομαι
tlg0059.tlg030	ἤτοι	7	exact	ἤτοι
tlg0059.tlg030	ἐλπίς	7	exact	ἐλπίς
tlg0059.tlg030	σωφρονέω	7	exact	σωφρονέω
tlg0059.tlg030	γελάω	7	exact	γελάω
tlg0059.tlg030	πλέω	7	exact	πλέω
tlg0059.tlg030	ἱππικός	7	exact	ἱππικός
tlg0059.tlg030	ἀναφαίνω	7	exact	ἀναφαίνω
tlg0059.tlg030	ἀνόητος	7	exact	ἀνόητος
tlg0059.tlg030	φάσκω	7	exact	φάσκω
tlg0059.tlg030	περιέρχομαι	7	exact	περιέρχομαι
tlg0059.tlg030	κακουργέω	7	exact	κακουργέω
tlg0059.tlg030	λογίζομαι	7	exact	λογίζομαι
tlg0059.tlg030	λέων	7	exact	λέων
tlg0059.tlg030	ἐκπορίζω	7	exact	ἐκπορίζω
tlg0059.tlg030	διατίθημι	7	exact	διατίθημι
tlg0059.tlg030	ζημία	7	exact	ζημία
tlg0059.tlg030	λυσιτελής	7	exact	λυσιτελής
tlg0059.tlg030	ἑστιάω	7	exact	ἑστιάω
tlg0059.tlg030	περαίνω	7	exact	περαίνω
tlg0059.tlg030	ἔθνος	7	exact	ἔθνος
tlg0059.tlg030	ἄτεχνος	7	exact	ἄτεχνος
tlg0059.tlg030	οὐδέτερος	7	exact	οὐδέτερος
tlg0059.tlg030	ἑξῆς	7	exact	ἑξῆς
tlg0059.tlg030	φιλία	7	exact	φιλία
tlg0059.tlg030	φρονέω	7	exact	φρονέω
tlg0059.tlg030	ἀπορέω	7	exact	ἀπορέω
tlg0059.tlg030	μυρίος	7	exact	μυρίος
tlg0059.tlg030	ἐκφεύγω	7	exact	ἐκφεύγω
tlg0059.tlg030	ἐπιλαμβάνω	7	exact	ἐπιλαμβάνω
tlg0059.tlg030	δυσχεραίνω	7	exact	δυσχεραίνω
tlg0059.tlg030	θεοφιλής	7	exact	θεοφιλής
tlg0059.tlg030	τίκτω	7	exact	τίκτω
tlg0059.tlg030	νεανικός	7	exact	νεανικός
tlg0059.tlg030	μοῖρα	7	exact	μοῖρα
tlg0059.tlg030	ὑπερβαίνω	7	exact	ὑπερβαίνω
tlg0059.tlg030	Μοῦσα	7	exact	Μοῦσα
tlg0059.tlg030	ὄφελος	7	exact	ὄφελος
tlg0059.tlg030	εὐδαιμονέω	7	exact	εὐδαιμονέω
tlg0059.tlg030	διδάσκαλος	7	exact	διδάσκαλος
tlg0059.tlg030	ὀνίνημι	7	exact	ὀνίνημι
tlg0059.tlg030	πιστεύω	7	exact	πιστεύω
tlg0059.tlg030	μεταδίδωμι	7	exact	μεταδίδωμι
tlg0059.tlg030	πέντε	7	exact	πέντε
tlg0059.tlg030	κενός	7	exact	κενός
tlg0059.tlg030	δημιουργία	7	exact	δημιουργία
tlg0059.tlg030	παιδίον	7	exact	παιδίον
tlg0059.tlg030	χώρα	7	exact	χώρα
tlg0059.tlg030	ἐπέρχομαι	7	exact	ἐπέρχομαι
tlg0059.tlg030	μελέτη	7	exact	μελέτη
tlg0059.tlg030	γέρων	7	exact	γέρων
tlg0059.tlg030	μέλος	7	exact	μέλος
tlg0059.tlg030	φυτόν	7	exact	φυτόν
tlg0059.tlg030	μανία	7	exact	μανία
tlg0059.tlg030	ἐλπίζω	7	exact	ἐλπίζω
tlg0059.tlg030	χορός	7	exact	χορός
tlg0059.tlg030	συμφορά	7	exact	συμφορά
tlg0059.tlg030	σπουδή	7	exact	σπουδή
tlg0059.tlg030	ἁμάρτημα	7	exact	ἁμάρτημα
tlg0059.tlg030	ἀνελευθερία	7	exact	ἀνελευθερία
tlg0059.tlg030	ἀνελεύθερος	7	exact	ἀνελεύθερος
tlg0059.tlg030	διηγέομαι	7	exact	διηγέομαι
tlg0059.tlg030	κεράννυμι	7	exact	κεράννυμι
tlg0059.tlg030	βίαιος	7	exact	βίαιος
tlg0059.tlg030	συνίστημι	7	exact	συνίστημι
tlg0059.tlg030	ἐγχωρέω	7	exact	ἐγχωρέω
tlg0059.tlg030	δικαστήριον	7	exact	δικαστήριον
tlg0059.tlg030	πῶμα	7	exact	πῶμα
tlg0059.tlg030	μελετάω	7	exact	μελετάω
tlg0059.tlg030	ἄργυρος	7	exact	ἄργυρος
tlg0059.tlg030	ἐνιαυτός	7	exact	ἐνιαυτός
tlg0059.tlg030	μέγεθος	7	exact	μέγεθος
tlg0059.tlg030	καταγέλαστος	7	exact	καταγέλαστος
tlg0059.tlg030	δικάζω	7	exact	δικάζω
tlg0059.tlg030	θυμόω	7	exact	θυμόω
tlg0059.tlg030	δίψα	7	exact	δίψα
tlg0059.tlg030	βαρύς	7	exact	βαρύς
tlg0059.tlg030	δουλεύω	7	exact	δουλεύω
tlg0059.tlg030	θῆλυς	7	exact	θῆλυς
tlg0059.tlg030	ὕστερος	7	exact	ὕστερος
tlg0059.tlg030	κλῆρος	7	exact	κλῆρος
tlg0059.tlg030	ἆθλον	7	exact	ἆθλον
tlg0059.tlg030	χωρίς	7	exact	χωρίς
tlg0059.tlg030	σκότος	7	exact	σκότος
tlg0059.tlg030	νόθος	7	exact	νόθος
tlg0059.tlg030	αἵρεσις	7	exact	αἵρεσις
tlg0059.tlg030	βασιλικός	7	exact	βασιλικός
tlg0059.tlg030	γνωστός	7	exact	γνωστός
tlg0059.tlg030	δοξαστός	7	exact	δοξαστός
tlg0059.tlg030	σοφιστής	7	exact	σοφιστής
tlg0059.tlg030	φορά	7	exact	φορά
tlg0059.tlg030	κόλαξ	7	exact	κόλαξ
tlg0059.tlg030	φιλόνικος	7	exact	φιλόνικος
tlg0059.tlg030	προστάτης	7	exact	προστάτης
tlg0059.tlg030	Λάχεσις	7	exact	Λάχεσις
tlg0059.tlg030	καταβαίνω	6	exact	καταβαίνω
tlg0059.tlg030	ὄπισθεν	6	exact	ὄπισθεν
tlg0059.tlg030	ἔνδον	6	exact	ἔνδον
tlg0059.tlg030	στεφανόω	6	exact	στεφανόω
tlg0059.tlg030	θύω	6	exact	θύω
tlg0059.tlg030	προέρχομαι	6	exact	προέρχομαι
tlg0059.tlg030	διασῴζω	6	exact	διασῴζω
tlg0059.tlg030	ἀγανακτέω	6	exact	ἀγανακτέω
tlg0059.tlg030	ἀπολαύω	6	exact	ἀπολαύω
tlg0059.tlg030	θνητός	6	exact	θνητός
tlg0059.tlg030	ἀπαιτέω	6	exact	ἀπαιτέω
tlg0059.tlg030	βλάβη	6	exact	βλάβη
tlg0059.tlg030	καρπός	6	exact	καρπός
tlg0059.tlg030	κοινωνός	6	exact	κοινωνός
tlg0059.tlg030	θέσις	6	exact	θέσις
tlg0059.tlg030	κλέπτω	6	exact	κλέπτω
tlg0059.tlg030	διακωλύω	6	exact	διακωλύω
tlg0059.tlg030	κωλύω	6	exact	κωλύω
tlg0059.tlg030	πρόθυμος	6	exact	πρόθυμος
tlg0059.tlg030	εἶτα	6	exact	εἶτα
tlg0059.tlg030	ἀκοή	6	exact	ἀκοή
tlg0059.tlg030	γνώριμος	6	exact	γνώριμος
tlg0059.tlg030	λάθρῃ	6	exact	λάθρῃ
tlg0059.tlg030	μέλω	6	exact	μέλω
tlg0059.tlg030	κυβερνητικός	6	exact	κυβερνητικός
tlg0059.tlg030	ἰάομαι	6	exact	ἰάομαι
tlg0059.tlg030	προσχράομαι	6	exact	προσχράομαι
tlg0059.tlg030	προσγίγνομαι	6	exact	προσγίγνομαι
tlg0059.tlg030	ἀμαθής	6	exact	ἀμαθής
tlg0059.tlg030	ὁποῖος	6	exact	ὁποῖος
tlg0059.tlg030	καταδουλόω	6	exact	καταδουλόω
tlg0059.tlg030	εὐωχέω	6	exact	εὐωχέω
tlg0059.tlg030	θαρσέω	6	exact	θαρσέω
tlg0059.tlg030	ἐρρωμένος	6	exact	ἐρρωμένος
tlg0059.tlg030	ἐμαυτοῦ	6	exact	ἐμαυτοῦ
tlg0059.tlg030	ἀπόδειξις	6	exact	ἀπόδειξις
tlg0059.tlg030	διό	6	exact	διό
tlg0059.tlg030	μείς	6	exact	μείς
tlg0059.tlg030	σφάλλω	6	exact	σφάλλω
tlg0059.tlg030	ἐπανορθόω	6	exact	ἐπανορθόω
tlg0059.tlg030	ὗς	6	exact	ὗς
tlg0059.tlg030	ἴχνος	6	exact	ἴχνος
tlg0059.tlg030	ἀπωθέω	6	exact	ἀπωθέω
tlg0059.tlg030	εὐσχημοσύνη	6	exact	εὐσχημοσύνη
tlg0059.tlg030	διακελεύομαι	6	exact	διακελεύομαι
tlg0059.tlg030	ἐραστής	6	exact	ἐραστής
tlg0059.tlg030	τεκμαίρομαι	6	exact	τεκμαίρομαι
tlg0059.tlg030	σημεῖον	6	exact	σημεῖον
tlg0059.tlg030	γράμμα	6	exact	γράμμα
tlg0059.tlg030	ἄλλοθι	6	exact	ἄλλοθι
tlg0059.tlg030	ὁμοιότης	6	exact	ὁμοιότης
tlg0059.tlg030	τάχα	6	exact	τάχα
tlg0059.tlg030	καιρός	6	exact	καιρός
tlg0059.tlg030	διόλλυμι	6	exact	διόλλυμι
tlg0059.tlg030	χαλκεύς	6	exact	χαλκεύς
tlg0059.tlg030	κατοικίζω	6	exact	κατοικίζω
tlg0059.tlg030	γυμνός	6	exact	γυμνός
tlg0059.tlg030	ἑταίρα	6	exact	ἑταίρα
tlg0059.tlg030	ποικιλία	6	exact	ποικιλία
tlg0059.tlg030	γυναικεῖος	6	exact	γυναικεῖος
tlg0059.tlg030	δισσός	6	exact	δισσός
tlg0059.tlg030	πλάσσω	6	exact	πλάσσω
tlg0059.tlg030	μέμφομαι	6	exact	μέμφομαι
tlg0059.tlg030	ἔχθρα	6	exact	ἔχθρα
tlg0059.tlg030	μεθίστημι	6	exact	μεθίστημι
tlg0059.tlg030	ποταμός	6	exact	ποταμός
tlg0059.tlg030	ἄνοια	6	exact	ἄνοια
tlg0059.tlg030	ὀδυρμός	6	exact	ὀδυρμός
tlg0059.tlg030	ἐξαιρέω	6	exact	ἐξαιρέω
tlg0059.tlg030	δῶρον	6	exact	δῶρον
tlg0059.tlg030	νεκρός	6	exact	νεκρός
tlg0059.tlg030	ἐντίκτω	6	exact	ἐντίκτω
tlg0059.tlg030	δούλη	6	exact	δούλη
tlg0059.tlg030	ἐθίζω	6	exact	ἐθίζω
tlg0059.tlg030	ὄχλος	6	exact	ὄχλος
tlg0059.tlg030	εὐχή	6	exact	εὐχή
tlg0059.tlg030	πούς	6	exact	πούς
tlg0059.tlg030	μεγαλοπρέπεια	6	exact	μεγαλοπρέπεια
tlg0059.tlg030	παιδικός	6	exact	παιδικός
tlg0059.tlg030	ἀδελφή	6	exact	ἀδελφή
tlg0059.tlg030	γέρας	6	exact	γέρας
tlg0059.tlg030	πρόκειμαι	6	exact	πρόκειμαι
tlg0059.tlg030	πέρα	6	exact	πέρα
tlg0059.tlg030	συνδοκέω	6	exact	συνδοκέω
tlg0059.tlg030	ἀκούσιος	6	exact	ἀκούσιος
tlg0059.tlg030	ἀλγηδών	6	exact	ἀλγηδών
tlg0059.tlg030	θόρυβος	6	exact	θόρυβος
tlg0059.tlg030	παραγγέλλω	6	exact	παραγγέλλω
tlg0059.tlg030	κατασκευή	6	exact	κατασκευή
tlg0059.tlg030	ποι	6	exact	ποι
tlg0059.tlg030	διπλάσιος	6	exact	διπλάσιος
tlg0059.tlg030	σύν	6	exact	σύν
tlg0059.tlg030	παράνομος	6	exact	παράνομος
tlg0059.tlg030	θεραπεία	6	exact	θεραπεία
tlg0059.tlg030	τέμνω	6	exact	τέμνω
tlg0059.tlg030	ὁμιλία	6	exact	ὁμιλία
tlg0059.tlg030	τρισσός	6	exact	τρισσός
tlg0059.tlg030	κέντρον	6	exact	κέντρον
tlg0059.tlg030	δίψος	6	exact	δίψος
tlg0059.tlg030	ἥμισυς	6	exact	ἥμισυς
tlg0059.tlg030	κοῦφος	6	exact	κοῦφος
tlg0059.tlg030	καθά	6	exact	καθά
tlg0059.tlg030	μεταβαίνω	6	exact	μεταβαίνω
tlg0059.tlg030	ἄρσην	6	exact	ἄρσην
tlg0059.tlg030	συνοικέω	6	exact	συνοικέω
tlg0059.tlg030	κῦμα	6	exact	κῦμα
tlg0059.tlg030	πρόφασις	6	exact	πρόφασις
tlg0059.tlg030	ἔτος	6	exact	ἔτος
tlg0059.tlg030	ἕβδομος	6	exact	ἕβδομος
tlg0059.tlg030	ἀλγέω	6	exact	ἀλγέω
tlg0059.tlg030	αἰδώς	6	exact	αἰδώς
tlg0059.tlg030	διαφορά	6	exact	διαφορά
tlg0059.tlg030	βασιλεύω	6	exact	βασιλεύω
tlg0059.tlg030	συμμαχία	6	exact	συμμαχία
tlg0059.tlg030	ἄσμενος	6	exact	ἄσμενος
tlg0059.tlg030	ἀλλοῖος	6	exact	ἀλλοῖος
tlg0059.tlg030	αὔξη	6	exact	αὔξη
tlg0059.tlg030	τελευταῖος	6	exact	τελευταῖος
tlg0059.tlg030	καταφρονέω	6	exact	καταφρονέω
tlg0059.tlg030	ἔντιμος	6	exact	ἔντιμος
tlg0059.tlg030	ὀλιγαρχέω	6	exact	ὀλιγαρχέω
tlg0059.tlg030	ἀπληστία	6	exact	ἀπληστία
tlg0059.tlg030	ἐλευθερόω	6	exact	ἐλευθερόω
tlg0059.tlg030	ὄγδοος	6	exact	ὄγδοος
tlg0059.tlg030	σφόνδυλος	6	exact	σφόνδυλος
tlg0059.tlg030	μεταστρέφω	5	exact	μεταστρέφω
tlg0059.tlg030	καινός	5	exact	καινός
tlg0059.tlg030	καταλαμβάνω	5	exact	καταλαμβάνω
tlg0059.tlg030	πυκνός	5	exact	πυκνός
tlg0059.tlg030	τραχύς	5	exact	τραχύς
tlg0059.tlg030	ἐξαγγέλλω	5	exact	ἐξαγγέλλω
tlg0059.tlg030	ἀποδιδράσκω	5	exact	ἀποδιδράσκω
tlg0059.tlg030	ἐπίπονος	5	exact	ἐπίπονος
tlg0059.tlg030	ἄγαμαι	5	exact	ἄγαμαι
tlg0059.tlg030	χρηματίζω	5	exact	χρηματίζω
tlg0059.tlg030	ἀσθένεια	5	exact	ἀσθένεια
tlg0059.tlg030	καρδία	5	exact	καρδία
tlg0059.tlg030	κυβερνάω	5	exact	κυβερνάω
tlg0059.tlg030	συμβάλλω	5	exact	συμβάλλω
tlg0059.tlg030	ἁπλῶς	5	exact	ἁπλῶς
tlg0059.tlg030	ἀποδοτέος	5	exact	ἀποδοτέος
tlg0059.tlg030	γεωργία	5	exact	γεωργία
tlg0059.tlg030	κλέπτης	5	exact	κλέπτης
tlg0059.tlg030	οὐδαμοῦ	5	exact	οὐδαμοῦ
tlg0059.tlg030	οὗ	5	exact	οὗ
tlg0059.tlg030	ἀντιλαμβάνω	5	exact	ἀντιλαμβάνω
tlg0059.tlg030	ἐκπλήσσω	5	exact	ἐκπλήσσω
tlg0059.tlg030	ἐλεέω	5	exact	ἐλεέω
tlg0059.tlg030	εἰσφέρω	5	exact	εἰσφέρω
tlg0059.tlg030	προσποιέω	5	exact	προσποιέω
tlg0059.tlg030	χάρις	5	exact	χάρις
tlg0059.tlg030	ἀσύμφορος	5	exact	ἀσύμφορος
tlg0059.tlg030	νύξ	5	exact	νύξ
tlg0059.tlg030	εὐήθης	5	exact	εὐήθης
tlg0059.tlg030	ἀμέλεια	5	exact	ἀμέλεια
tlg0059.tlg030	μοχθηρός	5	exact	μοχθηρός
tlg0059.tlg030	ἀπεχθάνομαι	5	exact	ἀπεχθάνομαι
tlg0059.tlg030	ὄνειδος	5	exact	ὄνειδος
tlg0059.tlg030	ὀνειδίζω	5	exact	ὀνειδίζω
tlg0059.tlg030	ἐμβάλλω	5	exact	ἐμβάλλω
tlg0059.tlg030	αἰτέω	5	exact	αἰτέω
tlg0059.tlg030	ὑγιαίνω	5	exact	ὑγιαίνω
tlg0059.tlg030	συνίημι	5	exact	συνίημι
tlg0059.tlg030	μετρέω	5	exact	μετρέω
tlg0059.tlg030	ἐπεξέρχομαι	5	exact	ἐπεξέρχομαι
tlg0059.tlg030	ἐδωδή	5	exact	ἐδωδή
tlg0059.tlg030	τῇδε	5	exact	τῇδε
tlg0059.tlg030	προτίθημι	5	exact	προτίθημι
tlg0059.tlg030	ἐπιτυγχάνω	5	exact	ἐπιτυγχάνω
tlg0059.tlg030	στέρομαι	5	exact	στέρομαι
tlg0059.tlg030	προοίμιον	5	exact	προοίμιον
tlg0059.tlg030	ἀποβαίνω	5	exact	ἀποβαίνω
tlg0059.tlg030	κηλέω	5	exact	κηλέω
tlg0059.tlg030	ὑπερβάλλω	5	exact	ὑπερβάλλω
tlg0059.tlg030	συντίθημι	5	exact	συντίθημι
tlg0059.tlg030	παράγω	5	exact	παράγω
tlg0059.tlg030	ἁλίσκομαι	5	exact	ἁλίσκομαι
tlg0059.tlg030	ὁπόθεν	5	exact	ὁπόθεν
tlg0059.tlg030	μεγαλοπρεπής	5	exact	μεγαλοπρεπής
tlg0059.tlg030	ἐλλείπω	5	exact	ἐλλείπω
tlg0059.tlg030	μεθύω	5	exact	μεθύω
tlg0059.tlg030	μέθη	5	exact	μέθη
tlg0059.tlg030	ἔπαινος	5	exact	ἔπαινος
tlg0059.tlg030	στόμα	5	exact	στόμα
tlg0059.tlg030	εὐπετής	5	exact	εὐπετής
tlg0059.tlg030	συγγνώμη	5	exact	συγγνώμη
tlg0059.tlg030	ἀδυνατέω	5	exact	ἀδυνατέω
tlg0059.tlg030	ἐπαινέτης	5	exact	ἐπαινέτης
tlg0059.tlg030	ἐνδεής	5	exact	ἐνδεής
tlg0059.tlg030	ἐργασία	5	exact	ἐργασία
tlg0059.tlg030	ποῦ	5	exact	ποῦ
tlg0059.tlg030	οἶνος	5	exact	οἶνος
tlg0059.tlg030	ἀγρός	5	exact	ἀγρός
tlg0059.tlg030	παιδαγωγός	5	exact	παιδαγωγός
tlg0059.tlg030	ἁπτέον	5	exact	ἁπτέον
tlg0059.tlg030	τελειόω	5	exact	τελειόω
tlg0059.tlg030	γοητεύω	5	exact	γοητεύω
tlg0059.tlg030	ἐπιστατέω	5	exact	ἐπιστατέω
tlg0059.tlg030	πέτρα	5	exact	πέτρα
tlg0059.tlg030	θρῆνος	5	exact	θρῆνος
tlg0059.tlg030	ἐπιπλήσσω	5	exact	ἐπιπλήσσω
tlg0059.tlg030	ἀσκέω	5	exact	ἀσκέω
tlg0059.tlg030	ὑπήκοος	5	exact	ὑπήκοος
tlg0059.tlg030	ἐπιλανθάνομαι	5	exact	ἐπιλανθάνομαι
tlg0059.tlg030	ῥῆσις	5	exact	ῥῆσις
tlg0059.tlg030	εὔχομαι	5	exact	εὔχομαι
tlg0059.tlg030	ἀοιδή	5	exact	ἀοιδή
tlg0059.tlg030	πίπτω	5	exact	πίπτω
tlg0059.tlg030	καθαίρω	5	exact	καθαίρω
tlg0059.tlg030	ὕβρις	5	exact	ὕβρις
tlg0059.tlg030	προσάπτω	5	exact	προσάπτω
tlg0059.tlg030	γραφικός	5	exact	γραφικός
tlg0059.tlg030	γνωρίζω	5	exact	γνωρίζω
tlg0059.tlg030	νοσέω	5	exact	νοσέω
tlg0059.tlg030	στρατεία	5	exact	στρατεία
tlg0059.tlg030	στρατιά	5	exact	στρατιά
tlg0059.tlg030	θανάσιμος	5	exact	θανάσιμος
tlg0059.tlg030	λήγω	5	exact	λήγω
tlg0059.tlg030	βάλλω	5	exact	βάλλω
tlg0059.tlg030	ἐπιτείνω	5	exact	ἐπιτείνω
tlg0059.tlg030	σκληρός	5	exact	σκληρός
tlg0059.tlg030	τραγικός	5	exact	τραγικός
tlg0059.tlg030	ἀνάγω	5	exact	ἀνάγω
tlg0059.tlg030	σιδήρεος	5	exact	σιδήρεος
tlg0059.tlg030	διοράω	5	exact	διοράω
tlg0059.tlg030	ἠρέμα	5	exact	ἠρέμα
tlg0059.tlg030	συγγιγνώσκω	5	exact	συγγιγνώσκω
tlg0059.tlg030	ποθεν	5	exact	ποθεν
tlg0059.tlg030	βάπτω	5	exact	βάπτω
tlg0059.tlg030	λευκός	5	exact	λευκός
tlg0059.tlg030	θηριώδης	5	exact	θηριώδης
tlg0059.tlg030	μηκέτι	5	exact	μηκέτι
tlg0059.tlg030	ἐγκρατής	5	exact	ἐγκρατής
tlg0059.tlg030	βεβαιόω	5	exact	βεβαιόω
tlg0059.tlg030	ἀμφισβήτησις	5	exact	ἀμφισβήτησις
tlg0059.tlg030	προσάγω	5	exact	προσάγω
tlg0059.tlg030	ἄλογος	5	exact	ἄλογος
tlg0059.tlg030	ἄπιστος	5	exact	ἄπιστος
tlg0059.tlg030	ἀποτελέω	5	exact	ἀποτελέω
tlg0059.tlg030	ἐφεξῆς	5	exact	ἐφεξῆς
tlg0059.tlg030	ἄνωθεν	5	exact	ἄνωθεν
tlg0059.tlg030	προκαλέω	5	exact	προκαλέω
tlg0059.tlg030	τόκος	5	exact	τόκος
tlg0059.tlg030	χωρίζω	5	exact	χωρίζω
tlg0059.tlg030	ἀτελής	5	exact	ἀτελής
tlg0059.tlg030	γεωμετρικός	5	exact	γεωμετρικός
tlg0059.tlg030	νίκη	5	exact	νίκη
tlg0059.tlg030	ἀναλαμβάνω	5	exact	ἀναλαμβάνω
tlg0059.tlg030	γνήσιος	5	exact	γνήσιος
tlg0059.tlg030	φιλοθεάμων	5	exact	φιλοθεάμων
tlg0059.tlg030	χροιά	5	exact	χροιά
tlg0059.tlg030	εἰλικρινής	5	exact	εἰλικρινής
tlg0059.tlg030	σαφήνεια	5	exact	σαφήνεια
tlg0059.tlg030	μέτειμι	5	exact	μέτειμι
tlg0059.tlg030	ἄστρον	5	exact	ἄστρον
tlg0059.tlg030	διαβολή	5	exact	διαβολή
tlg0059.tlg030	θρέμμα	5	exact	θρέμμα
tlg0059.tlg030	συνουσία	5	exact	συνουσία
tlg0059.tlg030	δημοτικός	5	exact	δημοτικός
tlg0059.tlg030	πιστός	5	exact	πιστός
tlg0059.tlg030	πίστις	5	exact	πίστις
tlg0059.tlg030	τμῆμα	5	exact	τμῆμα
tlg0059.tlg030	πτωχός	5	exact	πτωχός
tlg0059.tlg030	ἀντίστροφος	5	exact	ἀντίστροφος
tlg0059.tlg030	περιφορά	5	exact	περιφορά
tlg0059.tlg030	ἀναιρέω	5	exact	ἀναιρέω
tlg0059.tlg030	προπηλακίζω	5	exact	προπηλακίζω
tlg0059.tlg030	φιλοτιμία	5	exact	φιλοτιμία
tlg0059.tlg030	λυπηρός	5	exact	λυπηρός
tlg0059.tlg030	ἑορτή	4	exact	ἑορτή
tlg0059.tlg030	πομπή	4	exact	πομπή
tlg0059.tlg030	ἄστυ	4	exact	ἄστυ
tlg0059.tlg030	οἴκαδε	4	exact	οἴκαδε
tlg0059.tlg030	εὔπορος	4	exact	εὔπορος
tlg0059.tlg030	παροιμία	4	exact	παροιμία
tlg0059.tlg030	εὔκολος	4	exact	εὔκολος
tlg0059.tlg030	τοσόσδε	4	exact	τοσόσδε
tlg0059.tlg030	καταγελάω	4	exact	καταγελάω
tlg0059.tlg030	ἀναλογίζομαι	4	exact	ἀναλογίζομαι
tlg0059.tlg030	ἀπολαμβάνω	4	exact	ἀπολαμβάνω
tlg0059.tlg030	ὑπόδημα	4	exact	ὑπόδημα
tlg0059.tlg030	οἰκοδομικός	4	exact	οἰκοδομικός
tlg0059.tlg030	μηδαμῶς	4	exact	μηδαμῶς
tlg0059.tlg030	μετατίθημι	4	exact	μετατίθημι
tlg0059.tlg030	συλλήβδην	4	exact	συλλήβδην
tlg0059.tlg030	κερδαλέος	4	exact	κερδαλέος
tlg0059.tlg030	ἀπαγορεύω	4	exact	ἀπαγορεύω
tlg0059.tlg030	ἀπολέγω	4	exact	ἀπολέγω
tlg0059.tlg030	ἐκτίνω	4	exact	ἐκτίνω
tlg0059.tlg030	κρέας	4	exact	κρέας
tlg0059.tlg030	πρόσειμι	4	exact	πρόσειμι
tlg0059.tlg030	ἀναμάρτητος	4	exact	ἀναμάρτητος
tlg0059.tlg030	ὁμολογία	4	exact	ὁμολογία
tlg0059.tlg030	ἁμαρτία	4	exact	ἁμαρτία
tlg0059.tlg030	ἐπιλείπω	4	exact	ἐπιλείπω
tlg0059.tlg030	συκοφαντέω	4	exact	συκοφαντέω
tlg0059.tlg030	καταφανής	4	exact	καταφανής
tlg0059.tlg030	ἐνδέω	4	exact	ἐνδέω
tlg0059.tlg030	ἰδιωτικός	4	exact	ἰδιωτικός
tlg0059.tlg030	ἑκάστοτε	4	exact	ἑκάστοτε
tlg0059.tlg030	μισθωτός	4	exact	μισθωτός
tlg0059.tlg030	περιμάχητος	4	exact	περιμάχητος
tlg0059.tlg030	ἀριθμέω	4	exact	ἀριθμέω
tlg0059.tlg030	χορδή	4	exact	χορδή
tlg0059.tlg030	ἀνανεύω	4	exact	ἀνανεύω
tlg0059.tlg030	μῖσος	4	exact	μῖσος
tlg0059.tlg030	μῶν	4	exact	μῶν
tlg0059.tlg030	ἐναντιόομαι	4	exact	ἐναντιόομαι
tlg0059.tlg030	ἑστίασις	4	exact	ἑστίασις
tlg0059.tlg030	μήτοι	4	exact	μήτοι
tlg0059.tlg030	ἰατρεύω	4	exact	ἰατρεύω
tlg0059.tlg030	τιμωρέω	4	exact	τιμωρέω
tlg0059.tlg030	χρύσεος	4	exact	χρύσεος
tlg0059.tlg030	ποίμνιον	4	exact	ποίμνιον
tlg0059.tlg030	οἴχομαι	4	exact	οἴχομαι
tlg0059.tlg030	ἄδηλος	4	exact	ἄδηλος
tlg0059.tlg030	ἄγγελος	4	exact	ἄγγελος
tlg0059.tlg030	ἐπιτίθημι	4	exact	ἐπιτίθημι
tlg0059.tlg030	διάφορος	4	exact	διάφορος
tlg0059.tlg030	διίστημι	4	exact	διίστημι
tlg0059.tlg030	ἀφαιρετέος	4	exact	ἀφαιρετέος
tlg0059.tlg030	ῥώμη	4	exact	ῥώμη
tlg0059.tlg030	δωρεά	4	exact	δωρεά
tlg0059.tlg030	καρπόω	4	exact	καρπόω
tlg0059.tlg030	μέλας	4	exact	μέλας
tlg0059.tlg030	ψόγος	4	exact	ψόγος
tlg0059.tlg030	εὐδαιμονίζω	4	exact	εὐδαιμονίζω
tlg0059.tlg030	εὐχερής	4	exact	εὐχερής
tlg0059.tlg030	νέμω	4	exact	νέμω
tlg0059.tlg030	πορίζω	4	exact	πορίζω
tlg0059.tlg030	δαπάνη	4	exact	δαπάνη
tlg0059.tlg030	λύσις	4	exact	λύσις
tlg0059.tlg030	συλλογίζομαι	4	exact	συλλογίζομαι
tlg0059.tlg030	ἄλλοθεν	4	exact	ἄλλοθεν
tlg0059.tlg030	προφήτης	4	exact	προφήτης
tlg0059.tlg030	φορτικός	4	exact	φορτικός
tlg0059.tlg030	διότι	4	exact	διότι
tlg0059.tlg030	βοηθός	4	exact	βοηθός
tlg0059.tlg030	οἰκοδόμος	4	exact	οἰκοδόμος
tlg0059.tlg030	ὑφάντης	4	exact	ὑφάντης
tlg0059.tlg030	ἀγωγή	4	exact	ἀγωγή
tlg0059.tlg030	διάκονος	4	exact	διάκονος
tlg0059.tlg030	ἔμπορος	4	exact	ἔμπορος
tlg0059.tlg030	ὠνέομαι	4	exact	ὠνέομαι
tlg0059.tlg030	αὐτοῦ	4	exact	αὐτοῦ
tlg0059.tlg030	διαλλάσσω	4	exact	διαλλάσσω
tlg0059.tlg030	χειμών	4	exact	χειμών
tlg0059.tlg030	παραβάλλω	4	exact	παραβάλλω
tlg0059.tlg030	ἐμφύω	4	exact	ἐμφύω
tlg0059.tlg030	παντοδαπής	4	exact	παντοδαπής
tlg0059.tlg030	ἐσθίω	4	exact	ἐσθίω
tlg0059.tlg030	ἐξέρχομαι	4	exact	ἐξέρχομαι
tlg0059.tlg030	πόθεν	4	exact	πόθεν
tlg0059.tlg030	ἀφοράω	4	exact	ἀφοράω
tlg0059.tlg030	παιδευτέος	4	exact	παιδευτέος
tlg0059.tlg030	ἀναγκαστέος	4	exact	ἀναγκαστέος
tlg0059.tlg030	ἀναίτιος	4	exact	ἀναίτιος
tlg0059.tlg030	ἐλαύνω	4	exact	ἐλαύνω
tlg0059.tlg030	εὐνομέομαι	4	exact	εὐνομέομαι
tlg0059.tlg030	ταράσσω	4	exact	ταράσσω
tlg0059.tlg030	ξένος	4	exact	ξένος
tlg0059.tlg030	θερμός	4	exact	θερμός
tlg0059.tlg030	συμβουλεύω	4	exact	συμβουλεύω
tlg0059.tlg030	ταραχή	4	exact	ταραχή
tlg0059.tlg030	ἐπιδείκνυμι	4	exact	ἐπιδείκνυμι
tlg0059.tlg030	αἷμα	4	exact	αἷμα
tlg0059.tlg030	Χρύσης	4	exact	Χρύσης
tlg0059.tlg030	φράζω	4	exact	φράζω
tlg0059.tlg030	Τροία	4	exact	Τροία
tlg0059.tlg030	πνεῦμα	4	exact	πνεῦμα
tlg0059.tlg030	διατελέω	4	exact	διατελέω
tlg0059.tlg030	ἀσφαλής	4	exact	ἀσφαλής
tlg0059.tlg030	αὐλός	4	exact	αὐλός
tlg0059.tlg030	φθόγγος	4	exact	φθόγγος
tlg0059.tlg030	θέμις	4	exact	θέμις
tlg0059.tlg030	ἀηδής	4	exact	ἀηδής
tlg0059.tlg030	ὑποπτεύω	4	exact	ὑποπτεύω
tlg0059.tlg030	τραῦμα	4	exact	τραῦμα
tlg0059.tlg030	ἀνάρμοστος	4	exact	ἀνάρμοστος
tlg0059.tlg030	ἀκόλαστος	4	exact	ἀκόλαστος
tlg0059.tlg030	εὐσχήμων	4	exact	εὐσχήμων
tlg0059.tlg030	καταδύω	4	exact	καταδύω
tlg0059.tlg030	διαγιγνώσκω	4	exact	διαγιγνώσκω
tlg0059.tlg030	δίειμι	4	exact	δίειμι
tlg0059.tlg030	χειροτέχνης	4	exact	χειροτέχνης
tlg0059.tlg030	ἀπαιδευσία	4	exact	ἀπαιδευσία
tlg0059.tlg030	κριτής	4	exact	κριτής
tlg0059.tlg030	ἀπορία	4	exact	ἀπορία
tlg0059.tlg030	ἀπειρία	4	exact	ἀπειρία
tlg0059.tlg030	τομή	4	exact	τομή
tlg0059.tlg030	τεκτονικός	4	exact	τεκτονικός
tlg0059.tlg030	περίοδος	4	exact	περίοδος
tlg0059.tlg030	ἀπειθέω	4	exact	ἀπειθέω
tlg0059.tlg030	τραγῳδοποιός	4	exact	τραγῳδοποιός
tlg0059.tlg030	ἀποσκοπέω	4	exact	ἀποσκοπέω
tlg0059.tlg030	πλησιάζω	4	exact	πλησιάζω
tlg0059.tlg030	φρόνημα	4	exact	φρόνημα
tlg0059.tlg030	ἀπατάω	4	exact	ἀπατάω
tlg0059.tlg030	ἐξεργάζομαι	4	exact	ἐξεργάζομαι
tlg0059.tlg030	τροφός	4	exact	τροφός
tlg0059.tlg030	χαλκός	4	exact	χαλκός
tlg0059.tlg030	ἀργύρεος	4	exact	ἀργύρεος
tlg0059.tlg030	σφέτερος	4	exact	σφέτερος
tlg0059.tlg030	λύκος	4	exact	λύκος
tlg0059.tlg030	εὐμενής	4	exact	εὐμενής
tlg0059.tlg030	κατηγορέω	4	exact	κατηγορέω
tlg0059.tlg030	δεξιός	4	exact	δεξιός
tlg0059.tlg030	κακοῦργος	4	exact	κακοῦργος
tlg0059.tlg030	κακουργία	4	exact	κακουργία
tlg0059.tlg030	προπολεμέω	4	exact	προπολεμέω
tlg0059.tlg030	πραγματεύομαι	4	exact	πραγματεύομαι
tlg0059.tlg030	ἀνωφελής	4	exact	ἀνωφελής
tlg0059.tlg030	αὐτόματος	4	exact	αὐτόματος
tlg0059.tlg030	τοῖος	4	exact	τοῖος
tlg0059.tlg030	ἄνθος	4	exact	ἄνθος
tlg0059.tlg030	ῥύμμα	4	exact	ῥύμμα
tlg0059.tlg030	μηχανάομαι	4	exact	μηχανάομαι
tlg0059.tlg030	πολυπραγμονέω	4	exact	πολυπραγμονέω
tlg0059.tlg030	ἕδρα	4	exact	ἕδρα
tlg0059.tlg030	ἀλόγιστος	4	exact	ἀλόγιστος
tlg0059.tlg030	ἀνέρχομαι	4	exact	ἀνέρχομαι
tlg0059.tlg030	ὀργή	4	exact	ὀργή
tlg0059.tlg030	παραμυθέομαι	4	exact	παραμυθέομαι
tlg0059.tlg030	ἄπληστος	4	exact	ἄπληστος
tlg0059.tlg030	πίμπλημι	4	exact	πίμπλημι
tlg0059.tlg030	δειλία	4	exact	δειλία
tlg0059.tlg030	ἀριστοκρατία	4	exact	ἀριστοκρατία
tlg0059.tlg030	διοίκησις	4	exact	διοίκησις
tlg0059.tlg030	μεθίημι	4	exact	μεθίημι
tlg0059.tlg030	φόνος	4	exact	φόνος
tlg0059.tlg030	ὁρμή	4	exact	ὁρμή
tlg0059.tlg030	παρίστημι	4	exact	παρίστημι
tlg0059.tlg030	ἀντιλέγω	4	exact	ἀντιλέγω
tlg0059.tlg030	διοικέω	4	exact	διοικέω
tlg0059.tlg030	ἄμφω	4	exact	ἄμφω
tlg0059.tlg030	δριμύς	4	exact	δριμύς
tlg0059.tlg030	ἀστασίαστος	4	exact	ἀστασίαστος
tlg0059.tlg030	νυμφίος	4	exact	νυμφίος
tlg0059.tlg030	ἐφίστημι	4	exact	ἐφίστημι
tlg0059.tlg030	σωτήρ	4	exact	σωτήρ
tlg0059.tlg030	ἐξηγέομαι	4	exact	ἐξηγέομαι
tlg0059.tlg030	φείδομαι	4	exact	φείδομαι
tlg0059.tlg030	Ἑλλάς	4	exact	Ἑλλάς
tlg0059.tlg030	βοήθεια	4	exact	βοήθεια
tlg0059.tlg030	φιλοσοφέω	4	exact	φιλοσοφέω
tlg0059.tlg030	ἐμμελής	4	exact	ἐμμελής
tlg0059.tlg030	ἐπιθυμητής	4	exact	ἐπιθυμητής
tlg0059.tlg030	φιλήκοος	4	exact	φιλήκοος
tlg0059.tlg030	ἀλαζών	4	exact	ἀλαζών
tlg0059.tlg030	τελευτή	4	exact	τελευτή
tlg0059.tlg030	ναύκληρος	4	exact	ναύκληρος
tlg0059.tlg030	μνήμη	4	exact	μνήμη
tlg0059.tlg030	πολλαχῆ	4	exact	πολλαχῆ
tlg0059.tlg030	ὀλιγάκις	4	exact	ὀλιγάκις
tlg0059.tlg030	ἄχθομαι	4	exact	ἄχθομαι
tlg0059.tlg030	λωβάομαι	4	exact	λωβάομαι
tlg0059.tlg030	νεωστί	4	exact	νεωστί
tlg0059.tlg030	ἀξία	4	exact	ἀξία
tlg0059.tlg030	τειχίον	4	exact	τειχίον
tlg0059.tlg030	ἀπαλλαγή	4	exact	ἀπαλλαγή
tlg0059.tlg030	ἀντιτείνω	4	exact	ἀντιτείνω
tlg0059.tlg030	διαβάλλω	4	exact	διαβάλλω
tlg0059.tlg030	πραγματεία	4	exact	πραγματεία
tlg0059.tlg030	μετέρχομαι	4	exact	μετέρχομαι
tlg0059.tlg030	ἀμβλυώσσω	4	exact	ἀμβλυώσσω
tlg0059.tlg030	δεσμώτης	4	exact	δεσμώτης
tlg0059.tlg030	καταντικρύ	4	exact	καταντικρύ
tlg0059.tlg030	ζηλόω	4	exact	ζηλόω
tlg0059.tlg030	λαμπρός	4	exact	λαμπρός
tlg0059.tlg030	κεφάλαιος	4	exact	κεφάλαιος
tlg0059.tlg030	ἐγγύθεν	4	exact	ἐγγύθεν
tlg0059.tlg030	ἀθλιότης	4	exact	ἀθλιότης
tlg0059.tlg030	πένομαι	4	exact	πένομαι
tlg0059.tlg030	ἀρχαῖος	4	exact	ἀρχαῖος
tlg0059.tlg030	φιλονικία	4	exact	φιλονικία
tlg0059.tlg030	τίμημα	4	exact	τίμημα
tlg0059.tlg030	συλλέγω	4	exact	συλλέγω
tlg0059.tlg030	ἀποπίμπλημι	4	exact	ἀποπίμπλημι
tlg0059.tlg030	διανέμω	4	exact	διανέμω
tlg0059.tlg030	ἀναρχία	4	exact	ἀναρχία
tlg0059.tlg030	δορυφόρος	4	exact	δορυφόρος
tlg0059.tlg030	ἐπαίω	4	exact	ἐπαίω
tlg0059.tlg030	ἄτρακτος	4	exact	ἄτρακτος
tlg0059.tlg030	ἕκτος	4	exact	ἕκτος
tlg0059.tlg030	πέμπτος	4	exact	πέμπτος
tlg0059.tlg030	ἁμιλλάομαι	3	exact	ἁμιλλάομαι
tlg0059.tlg030	δίφρος	3	exact	δίφρος
tlg0059.tlg030	νεανίσκος	3	exact	νεανίσκος
tlg0059.tlg030	σύνοιδα	3	exact	σύνοιδα
tlg0059.tlg030	φοιτάω	3	exact	φοιτάω
tlg0059.tlg030	συνέρχομαι	3	exact	συνέρχομαι
tlg0059.tlg030	εὐωχία	3	exact	εὐωχία
tlg0059.tlg030	κατατείνω	3	exact	κατατείνω
tlg0059.tlg030	πάππος	3	exact	πάππος
tlg0059.tlg030	δέος	3	exact	δέος
tlg0059.tlg030	δεῖμα	3	exact	δεῖμα
tlg0059.tlg030	θαμά	3	exact	θαμά
tlg0059.tlg030	γηροβοσκός	3	exact	γηροβοσκός
tlg0059.tlg030	γλυκύς	3	exact	γλυκύς
tlg0059.tlg030	πάγκαλος	3	exact	πάγκαλος
tlg0059.tlg030	ἱερόν	3	exact	ἱερόν
tlg0059.tlg030	παρακατατίθεμαι	3	exact	παρακατατίθεμαι
tlg0059.tlg030	λῆψις	3	exact	λῆψις
tlg0059.tlg030	ποτός	3	exact	ποτός
tlg0059.tlg030	πεσσευτικός	3	exact	πεσσευτικός
tlg0059.tlg030	πρίαμαι	3	exact	πρίαμαι
tlg0059.tlg030	λύρα	3	exact	λύρα
tlg0059.tlg030	ὅρκος	3	exact	ὅρκος
tlg0059.tlg030	φλυαρία	3	exact	φλυαρία
tlg0059.tlg030	προσβλέπω	3	exact	προσβλέπω
tlg0059.tlg030	ἡνίκα	3	exact	ἡνίκα
tlg0059.tlg030	ὁπόσος	3	exact	ὁπόσος
tlg0059.tlg030	ἀπόκρισις	3	exact	ἀπόκρισις
tlg0059.tlg030	φθονέω	3	exact	φθονέω
tlg0059.tlg030	αὐτίκα	3	exact	αὐτίκα
tlg0059.tlg030	ποτέρως	3	exact	ποτέρως
tlg0059.tlg030	θεραπευτής	3	exact	θεραπευτής
tlg0059.tlg030	ἀνδραποδίζω	3	exact	ἀνδραποδίζω
tlg0059.tlg030	ὑπομένω	3	exact	ὑπομένω
tlg0059.tlg030	φροντίζω	3	exact	φροντίζω
tlg0059.tlg030	διαμάχομαι	3	exact	διαμάχομαι
tlg0059.tlg030	ἐμμένω	3	exact	ἐμμένω
tlg0059.tlg030	ὑποτίθημι	3	exact	ὑποτίθημι
tlg0059.tlg030	μισθαρνέω	3	exact	μισθαρνέω
tlg0059.tlg030	μισθαρνητικός	3	exact	μισθαρνητικός
tlg0059.tlg030	νυνί	3	exact	νυνί
tlg0059.tlg030	ῥήτωρ	3	exact	ῥήτωρ
tlg0059.tlg030	στερεός	3	exact	στερεός
tlg0059.tlg030	ἄνεσις	3	exact	ἄνεσις
tlg0059.tlg030	ἀνεπιστημοσύνη	3	exact	ἀνεπιστημοσύνη
tlg0059.tlg030	θέρος	3	exact	θέρος
tlg0059.tlg030	γραῦς	3	exact	γραῦς
tlg0059.tlg030	ἐπινεύω	3	exact	ἐπινεύω
tlg0059.tlg030	παμπόνηρος	3	exact	παμπόνηρος
tlg0059.tlg030	παραφέρω	3	exact	παραφέρω
tlg0059.tlg030	ἁρπάζω	3	exact	ἁρπάζω
tlg0059.tlg030	εὐδοκίμησις	3	exact	εὐδοκίμησις
tlg0059.tlg030	δυσμαθής	3	exact	δυσμαθής
tlg0059.tlg030	ποῖ	3	exact	ποῖ
tlg0059.tlg030	σφενδόνη	3	exact	σφενδόνη
tlg0059.tlg030	περιάγω	3	exact	περιάγω
tlg0059.tlg030	εἴσω	3	exact	εἴσω
tlg0059.tlg030	περιτίθημι	3	exact	περιτίθημι
tlg0059.tlg030	ἀδεής	3	exact	ἀδεής
tlg0059.tlg030	τεκμήριον	3	exact	τεκμήριον
tlg0059.tlg030	μηνύω	3	exact	μηνύω
tlg0059.tlg030	ἀνδριάς	3	exact	ἀνδριάς
tlg0059.tlg030	ἄγροικος	3	exact	ἄγροικος
tlg0059.tlg030	στρεβλόω	3	exact	στρεβλόω
tlg0059.tlg030	ἐκκαίω	3	exact	ἐκκαίω
tlg0059.tlg030	γαμέω	3	exact	γαμέω
tlg0059.tlg030	παρακελεύομαι	3	exact	παρακελεύομαι
tlg0059.tlg030	κατακλίνω	3	exact	κατακλίνω
tlg0059.tlg030	θύρα	3	exact	θύρα
tlg0059.tlg030	ἐπῳδή	3	exact	ἐπῳδή
tlg0059.tlg030	πρόγονος	3	exact	πρόγονος
tlg0059.tlg030	ἐπάγω	3	exact	ἐπάγω
tlg0059.tlg030	ἀνάντης	3	exact	ἀνάντης
tlg0059.tlg030	λίσσομαι	3	exact	λίσσομαι
tlg0059.tlg030	τεῖχος	3	exact	τεῖχος
tlg0059.tlg030	θεσπέσιος	3	exact	θεσπέσιος
tlg0059.tlg030	συνάγω	3	exact	συνάγω
tlg0059.tlg030	κέρδος	3	exact	κέρδος
tlg0059.tlg030	ἀποκρύπτω	3	exact	ἀποκρύπτω
tlg0059.tlg030	ἀτάρ	3	exact	ἀτάρ
tlg0059.tlg030	πάρεργος	3	exact	πάρεργος
tlg0059.tlg030	ἔριον	3	exact	ἔριον
tlg0059.tlg030	οἴκοι	3	exact	οἴκοι
tlg0059.tlg030	εἰσάγω	3	exact	εἰσάγω
tlg0059.tlg030	νόμισμα	3	exact	νόμισμα
tlg0059.tlg030	ἀργέω	3	exact	ἀργέω
tlg0059.tlg030	κάπηλος	3	exact	κάπηλος
tlg0059.tlg030	διακονέω	3	exact	διακονέω
tlg0059.tlg030	κατάκειμαι	3	exact	κατάκειμαι
tlg0059.tlg030	τρυφάω	3	exact	τρυφάω
tlg0059.tlg030	ἀποκωλύω	3	exact	ἀποκωλύω
tlg0059.tlg030	μύρον	3	exact	μύρον
tlg0059.tlg030	ὑποκριτής	3	exact	ὑποκριτής
tlg0059.tlg030	κόσμος	3	exact	κόσμος
tlg0059.tlg030	κόρη	3	exact	κόρη
tlg0059.tlg030	ἀγωνία	3	exact	ἀγωνία
tlg0059.tlg030	σκυτικός	3	exact	σκυτικός
tlg0059.tlg030	σκυτοτομέω	3	exact	σκυτοτομέω
tlg0059.tlg030	σκύλαξ	3	exact	σκύλαξ
tlg0059.tlg030	προὔργου	3	exact	προὔργου
tlg0059.tlg030	ἁπαλός	3	exact	ἁπαλός
tlg0059.tlg030	ἐνδύω	3	exact	ἐνδύω
tlg0059.tlg030	εἰκάζω	3	exact	εἰκάζω
tlg0059.tlg030	σιγάω	3	exact	σιγάω
tlg0059.tlg030	ὀλίγιστος	3	exact	ὀλίγιστος
tlg0059.tlg030	ἄπορος	3	exact	ἄπορος
tlg0059.tlg030	παράπαν	3	exact	παράπαν
tlg0059.tlg030	Ἥρα	3	exact	Ἥρα
tlg0059.tlg030	ῥίπτω	3	exact	ῥίπτω
tlg0059.tlg030	τύπτω	3	exact	τύπτω
tlg0059.tlg030	ὑπόνοια	3	exact	ὑπόνοια
tlg0059.tlg030	οἰκιστής	3	exact	οἰκιστής
tlg0059.tlg030	ἔμπλεος	3	exact	ἔμπλεος
tlg0059.tlg030	ἐσθλός	3	exact	ἐσθλός
tlg0059.tlg030	συγχέω	3	exact	συγχέω
tlg0059.tlg030	ἔρις	3	exact	ἔρις
tlg0059.tlg030	σύμφωνος	3	exact	σύμφωνος
tlg0059.tlg030	γόης	3	exact	γόης
tlg0059.tlg030	φαντάζω	3	exact	φαντάζω
tlg0059.tlg030	σύνθετος	3	exact	σύνθετος
tlg0059.tlg030	μορφή	3	exact	μορφή
tlg0059.tlg030	νύκτωρ	3	exact	νύκτωρ
tlg0059.tlg030	προτείνω	3	exact	προτείνω
tlg0059.tlg030	σεμνός	3	exact	σεμνός
tlg0059.tlg030	πέτομαι	3	exact	πέτομαι
tlg0059.tlg030	καπνός	3	exact	καπνός
tlg0059.tlg030	τρίζω	3	exact	τρίζω
tlg0059.tlg030	ἀνά	3	exact	ἀνά
tlg0059.tlg030	φοβερός	3	exact	φοβερός
tlg0059.tlg030	ἐλλόγιμος	3	exact	ἐλλόγιμος
tlg0059.tlg030	στερέω	3	exact	στερέω
tlg0059.tlg030	ἀνίστημι	3	exact	ἀνίστημι
tlg0059.tlg030	καρτερέω	3	exact	καρτερέω
tlg0059.tlg030	μάκαρ	3	exact	μάκαρ
tlg0059.tlg030	σιγή	3	exact	σιγή
tlg0059.tlg030	καθεύδω	3	exact	καθεύδω
tlg0059.tlg030	θεατέον	3	exact	θεατέον
tlg0059.tlg030	πυρή	3	exact	πυρή
tlg0059.tlg030	προσαναγκάζω	3	exact	προσαναγκάζω
tlg0059.tlg030	πατρῷος	3	exact	πατρῷος
tlg0059.tlg030	ἱερεύς	3	exact	ἱερεύς
tlg0059.tlg030	αἰδέομαι	3	exact	αἰδέομαι
tlg0059.tlg030	ἀγριαίνω	3	exact	ἀγριαίνω
tlg0059.tlg030	ἀνακαλέω	3	exact	ἀνακαλέω
tlg0059.tlg030	κωμῳδία	3	exact	κωμῳδία
tlg0059.tlg030	πολλαχοῦ	3	exact	πολλαχοῦ
tlg0059.tlg030	ἀποτυγχάνω	3	exact	ἀποτυγχάνω
tlg0059.tlg030	βροντή	3	exact	βροντή
tlg0059.tlg030	ἀπαγγέλλω	3	exact	ἀπαγγέλλω
tlg0059.tlg030	ἔμφρων	3	exact	ἔμφρων
tlg0059.tlg030	ἀγύμναστος	3	exact	ἀγύμναστος
tlg0059.tlg030	προσκυνέω	3	exact	προσκυνέω
tlg0059.tlg030	συμφωνέω	3	exact	συμφωνέω
tlg0059.tlg030	θρηνώδης	3	exact	θρηνώδης
tlg0059.tlg030	ἀργία	3	exact	ἀργία
tlg0059.tlg030	βάσις	3	exact	βάσις
tlg0059.tlg030	μῆκος	3	exact	μῆκος
tlg0059.tlg030	συναμφότεροι	3	exact	συναμφότεροι
tlg0059.tlg030	ἀσχημοσύνη	3	exact	ἀσχημοσύνη
tlg0059.tlg030	εὔρυθμος	3	exact	εὔρυθμος
tlg0059.tlg030	εὐάρμοστος	3	exact	εὐάρμοστος
tlg0059.tlg030	ὑποκορίζομαι	3	exact	ὑποκορίζομαι
tlg0059.tlg030	πλήρης	3	exact	πλήρης
tlg0059.tlg030	καταδέχομαι	3	exact	καταδέχομαι
tlg0059.tlg030	θέαμα	3	exact	θέαμα
tlg0059.tlg030	μανικός	3	exact	μανικός
tlg0059.tlg030	μηδέποτε	3	exact	μηδέποτε
tlg0059.tlg030	ἀσκητής	3	exact	ἀσκητής
tlg0059.tlg030	ἄσκησις	3	exact	ἄσκησις
tlg0059.tlg030	φυτεύω	3	exact	φυτεύω
tlg0059.tlg030	οὔποτε	3	exact	οὔποτε
tlg0059.tlg030	σκληρότης	3	exact	σκληρότης
tlg0059.tlg030	σίδηρος	3	exact	σίδηρος
tlg0059.tlg030	δυσκολία	3	exact	δυσκολία
tlg0059.tlg030	πάρεργον	3	exact	πάρεργον
tlg0059.tlg030	συναρμόζω	3	exact	συναρμόζω
tlg0059.tlg030	ἐπιστάτης	3	exact	ἐπιστάτης
tlg0059.tlg030	προθυμία	3	exact	προθυμία
tlg0059.tlg030	ἀληθεύω	3	exact	ἀληθεύω
tlg0059.tlg030	ὀδύνη	3	exact	ὀδύνη
tlg0059.tlg030	ἀποκριτέον	3	exact	ἀποκριτέον
tlg0059.tlg030	γοητεία	3	exact	γοητεία
tlg0059.tlg030	ἀκήρατος	3	exact	ἀκήρατος
tlg0059.tlg030	μνημεῖον	3	exact	μνημεῖον
tlg0059.tlg030	ἐκλογή	3	exact	ἐκλογή
tlg0059.tlg030	ἀκρίβεια	3	exact	ἀκρίβεια
tlg0059.tlg030	ὠθέω	3	exact	ὠθέω
tlg0059.tlg030	χάλκεος	3	exact	χάλκεος
tlg0059.tlg030	στρατοπεδεύω	3	exact	στρατοπεδεύω
tlg0059.tlg030	στέγω	3	exact	στέγω
tlg0059.tlg030	εὐλάβεια	3	exact	εὐλάβεια
tlg0059.tlg030	ἐπαίρω	3	exact	ἐπαίρω
tlg0059.tlg030	ταμιεῖον	3	exact	ταμιεῖον
tlg0059.tlg030	συσσίτιον	3	exact	συσσίτιον
tlg0059.tlg030	περιάπτω	3	exact	περιάπτω
tlg0059.tlg030	θέω	3	exact	θέω
tlg0059.tlg030	ἀποδημέω	3	exact	ἀποδημέω
tlg0059.tlg030	κεραμεύς	3	exact	κεραμεύς
tlg0059.tlg030	πανήγυρις	3	exact	πανήγυρις
tlg0059.tlg030	νεωτερισμός	3	exact	νεωτερισμός
tlg0059.tlg030	ἀμέλει	3	exact	ἀμέλει
tlg0059.tlg030	τριπλάσιος	3	exact	τριπλάσιος
tlg0059.tlg030	πολλαπλάσιος	3	exact	πολλαπλάσιος
tlg0059.tlg030	παρανομία	3	exact	παρανομία
tlg0059.tlg030	ἀνατρέπω	3	exact	ἀνατρέπω
tlg0059.tlg030	ἔννομος	3	exact	ἔννομος
tlg0059.tlg030	ὅποι	3	exact	ὅποι
tlg0059.tlg030	ἵλαος	3	exact	ἵλαος
tlg0059.tlg030	πάτριος	3	exact	πάτριος
tlg0059.tlg030	ὑπισχνέομαι	3	exact	ὑπισχνέομαι
tlg0059.tlg030	εὔβουλος	3	exact	εὔβουλος
tlg0059.tlg030	διαφεύγω	3	exact	διαφεύγω
tlg0059.tlg030	ἀφανίζω	3	exact	ἀφανίζω
tlg0059.tlg030	σκοτεινός	3	exact	σκοτεινός
tlg0059.tlg030	σκυτότομος	3	exact	σκυτότομος
tlg0059.tlg030	πολυπραγμοσύνη	3	exact	πολυπραγμοσύνη
tlg0059.tlg030	ἀγαπητός	3	exact	ἀγαπητός
tlg0059.tlg030	ἀποκάμνω	3	exact	ἀποκάμνω
tlg0059.tlg030	πήγνυμι	3	exact	πήγνυμι
tlg0059.tlg030	ἀριστερός	3	exact	ἀριστερός
tlg0059.tlg030	ψυχρός	3	exact	ψυχρός
tlg0059.tlg030	βρῶμα	3	exact	βρῶμα
tlg0059.tlg030	ὀρέγω	3	exact	ὀρέγω
tlg0059.tlg030	πλήρωσις	3	exact	πλήρωσις
tlg0059.tlg030	πραύνω	3	exact	πραύνω
tlg0059.tlg030	ἐνθυμέομαι	3	exact	ἐνθυμέομαι
tlg0059.tlg030	ἡμερόω	3	exact	ἡμερόω
tlg0059.tlg030	κοσμέω	3	exact	κοσμέω
tlg0059.tlg030	συνδέω	3	exact	συνδέω
tlg0059.tlg030	πλάνη	3	exact	πλάνη
tlg0059.tlg030	εὐεξία	3	exact	εὐεξία
tlg0059.tlg030	ἐπονομάζω	3	exact	ἐπονομάζω
tlg0059.tlg030	ὄκνος	3	exact	ὄκνος
tlg0059.tlg030	συμφυλάσσω	3	exact	συμφυλάσσω
tlg0059.tlg030	γελωτοποιέω	3	exact	γελωτοποιέω
tlg0059.tlg030	ἀνερωτάω	3	exact	ἀνερωτάω
tlg0059.tlg030	φαλακρός	3	exact	φαλακρός
tlg0059.tlg030	κομήτης	3	exact	κομήτης
tlg0059.tlg030	ἐπίσκεψις	3	exact	ἐπίσκεψις
tlg0059.tlg030	κατακλύζω	3	exact	κατακλύζω
tlg0059.tlg030	ὁμοῦ	3	exact	ὁμοῦ
tlg0059.tlg030	καίπερ	3	exact	καίπερ
tlg0059.tlg030	ἀκμάζω	3	exact	ἀκμάζω
tlg0059.tlg030	ὕμνος	3	exact	ὕμνος
tlg0059.tlg030	σπείρω	3	exact	σπείρω
tlg0059.tlg030	ἀκμή	3	exact	ἀκμή
tlg0059.tlg030	διασπάω	3	exact	διασπάω
tlg0059.tlg030	διαλύω	3	exact	διαλύω
tlg0059.tlg030	τροφεύς	3	exact	τροφεύς
tlg0059.tlg030	ἔργω	3	exact	ἔργω
tlg0059.tlg030	ἀγεννής	3	exact	ἀγεννής
tlg0059.tlg030	ἀκτέος	3	exact	ἀκτέος
tlg0059.tlg030	μειράκιον	3	exact	μειράκιον
tlg0059.tlg030	Ἑλληνικός	3	exact	Ἑλληνικός
tlg0059.tlg030	βαρβαρικός	3	exact	βαρβαρικός
tlg0059.tlg030	ἐμπίμπρημι	3	exact	ἐμπίμπρημι
tlg0059.tlg030	κείρω	3	exact	κείρω
tlg0059.tlg030	δυνάστης	3	exact	δυνάστης
tlg0059.tlg030	ἀποκλείω	3	exact	ἀποκλείω
tlg0059.tlg030	παῦλα	3	exact	παῦλα
tlg0059.tlg030	ἐντίθημι	3	exact	ἐντίθημι
tlg0059.tlg030	προδίδωμι	3	exact	προδίδωμι
tlg0059.tlg030	στέργω	3	exact	στέργω
tlg0059.tlg030	ὀνειρώσσω	3	exact	ὀνειρώσσω
tlg0059.tlg030	φθόνος	3	exact	φθόνος
tlg0059.tlg030	σκοτώδης	3	exact	σκοτώδης
tlg0059.tlg030	ἄκρον	3	exact	ἄκρον
tlg0059.tlg030	ὑπόκειμαι	3	exact	ὑπόκειμαι
tlg0059.tlg030	πλανάω	3	exact	πλανάω
tlg0059.tlg030	γραφή	3	exact	γραφή
tlg0059.tlg030	φθορά	3	exact	φθορά
tlg0059.tlg030	προσδέχομαι	3	exact	προσδέχομαι
tlg0059.tlg030	ῥέπω	3	exact	ῥέπω
tlg0059.tlg030	θεωρία	3	exact	θεωρία
tlg0059.tlg030	εὐμαθής	3	exact	εὐμαθής
tlg0059.tlg030	ἀνόνητος	3	exact	ἀνόνητος
tlg0059.tlg030	μνήμων	3	exact	μνήμων
tlg0059.tlg030	ἐρώτημα	3	exact	ἐρώτημα
tlg0059.tlg030	ἀθροίζω	3	exact	ἀθροίζω
tlg0059.tlg030	ἐκεῖθεν	3	exact	ἐκεῖθεν
tlg0059.tlg030	εὐμάθεια	3	exact	εὐμάθεια
tlg0059.tlg030	φθείρω	3	exact	φθείρω
tlg0059.tlg030	κατανοέω	3	exact	κατανοέω
tlg0059.tlg030	προσομιλέω	3	exact	προσομιλέω
tlg0059.tlg030	ἐρημία	3	exact	ἐρημία
tlg0059.tlg030	χαλινός	3	exact	χαλινός
tlg0059.tlg030	ἀντέχω	3	exact	ἀντέχω
tlg0059.tlg030	συμφύω	3	exact	συμφύω
tlg0059.tlg030	ἀποδειλιάω	3	exact	ἀποδειλιάω
tlg0059.tlg030	συντείνω	3	exact	συντείνω
tlg0059.tlg030	μόνιμος	3	exact	μόνιμος
tlg0059.tlg030	αἰσθητός	3	exact	αἰσθητός
tlg0059.tlg030	ἀνώτερος	3	exact	ἀνώτερος
tlg0059.tlg030	εἰκασία	3	exact	εἰκασία
tlg0059.tlg030	σπήλαιον	3	exact	σπήλαιον
tlg0059.tlg030	δεσμωτήριον	3	exact	δεσμωτήριον
tlg0059.tlg030	ἀφροσύνη	3	exact	ἀφροσύνη
tlg0059.tlg030	ἀναβλέπω	3	exact	ἀναβλέπω
tlg0059.tlg030	ἀνάβασις	3	exact	ἀνάβασις
tlg0059.tlg030	συνήθεια	3	exact	συνήθεια
tlg0059.tlg030	διαμιλλάομαι	3	exact	διαμιλλάομαι
tlg0059.tlg030	συνοίομαι	3	exact	συνοίομαι
tlg0059.tlg030	φώς	3	exact	φώς
tlg0059.tlg030	περιαγωγή	3	exact	περιαγωγή
tlg0059.tlg030	κόπτω	3	exact	κόπτω
tlg0059.tlg030	σμῆνος	3	exact	σμῆνος
tlg0059.tlg030	ὁλκός	3	exact	ὁλκός
tlg0059.tlg030	σκιαγραφέω	3	exact	σκιαγραφέω
tlg0059.tlg030	συννοέω	3	exact	συννοέω
tlg0059.tlg030	μόριον	3	exact	μόριον
tlg0059.tlg030	στρατηγία	3	exact	στρατηγία
tlg0059.tlg030	ἐπίπεδος	3	exact	ἐπίπεδος
tlg0059.tlg030	κύβος	3	exact	κύβος
tlg0059.tlg030	βάθος	3	exact	βάθος
tlg0059.tlg030	ἐνθένδε	3	exact	ἐνθένδε
tlg0059.tlg030	ποικίλλω	3	exact	ποικίλλω
tlg0059.tlg030	χωλός	3	exact	χωλός
tlg0059.tlg030	κολακεύω	3	exact	κολακεύω
tlg0059.tlg030	ἐξελέγχω	3	exact	ἐξελέγχω
tlg0059.tlg030	καταβάλλω	3	exact	καταβάλλω
tlg0059.tlg030	ἔλεος	3	exact	ἔλεος
tlg0059.tlg030	διαφανής	3	exact	διαφανής
tlg0059.tlg030	συνάπτω	3	exact	συνάπτω
tlg0059.tlg030	ἀπόστασις	3	exact	ἀπόστασις
tlg0059.tlg030	ἑκατόν	3	exact	ἑκατόν
tlg0059.tlg030	τιμοκρατικός	3	exact	τιμοκρατικός
tlg0059.tlg030	ἐλασσόω	3	exact	ἐλασσόω
tlg0059.tlg030	εὔνους	3	exact	εὔνους
tlg0059.tlg030	θρόνος	3	exact	θρόνος
tlg0059.tlg030	ἀκολασταίνω	3	exact	ἀκολασταίνω
tlg0059.tlg030	χρέος	3	exact	χρέος
tlg0059.tlg030	μέλι	3	exact	μέλι
tlg0059.tlg030	ἐνδίδωμι	3	exact	ἐνδίδωμι
tlg0059.tlg030	ἀστός	3	exact	ἀστός
tlg0059.tlg030	ἄγαν	3	exact	ἄγαν
tlg0059.tlg030	κατέρχομαι	3	exact	κατέρχομαι
tlg0059.tlg030	δορυφορέω	3	exact	δορυφορέω
tlg0059.tlg030	πατρίς	3	exact	πατρίς
tlg0059.tlg030	δεσπόζω	3	exact	δεσπόζω
tlg0059.tlg030	προσεύχομαι	2	exact	προσεύχομαι
tlg0059.tlg030	ἐπιχώριος	2	exact	ἐπιχώριος
tlg0059.tlg030	πέμπω	2	exact	πέμπω
tlg0059.tlg030	τρέχω	2	exact	τρέχω
tlg0059.tlg030	ἑσπέρα	2	exact	ἑσπέρα
tlg0059.tlg030	παννυχίς	2	exact	παννυχίς
tlg0059.tlg030	ὀλοφύρομαι	2	exact	ὀλοφύρομαι
tlg0059.tlg030	νεότης	2	exact	νεότης
tlg0059.tlg030	ποθέω	2	exact	ποθέω
tlg0059.tlg030	πότος	2	exact	πότος
tlg0059.tlg030	ἀποστερέω	2	exact	ἀποστερέω
tlg0059.tlg030	εὐφημέω	2	exact	εὐφημέω
tlg0059.tlg030	ἀσμενής	2	exact	ἀσμενής
tlg0059.tlg030	ἀποφεύγω	2	exact	ἀποφεύγω
tlg0059.tlg030	λυσσάω	2	exact	λυσσάω
tlg0059.tlg030	ὀνομαστός	2	exact	ὀνομαστός
tlg0059.tlg030	ἐπικτάομαι	2	exact	ἐπικτάομαι
tlg0059.tlg030	τέως	2	exact	τέως
tlg0059.tlg030	γνώμη	2	exact	γνώμη
tlg0059.tlg030	κληρονόμος	2	exact	κληρονόμος
tlg0059.tlg030	ἥδυσμα	2	exact	ἥδυσμα
tlg0059.tlg030	συμμαχέω	2	exact	συμμαχέω
tlg0059.tlg030	σκυτοτομικός	2	exact	σκυτοτομικός
tlg0059.tlg030	κοινώνημα	2	exact	κοινώνημα
tlg0059.tlg030	λίθος	2	exact	λίθος
tlg0059.tlg030	κιθαριστικός	2	exact	κιθαριστικός
tlg0059.tlg030	δρέπανον	2	exact	δρέπανον
tlg0059.tlg030	ἀσπίς	2	exact	ἀσπίς
tlg0059.tlg030	ὁπλιτικός	2	exact	ὁπλιτικός
tlg0059.tlg030	πυκτικός	2	exact	πυκτικός
tlg0059.tlg030	βούλευμα	2	exact	βούλευμα
tlg0059.tlg030	διαμαρτάνω	2	exact	διαμαρτάνω
tlg0059.tlg030	θερμότης	2	exact	θερμότης
tlg0059.tlg030	παρακάθημαι	2	exact	παρακάθημαι
tlg0059.tlg030	ὑποκατακλίνομαι	2	exact	ὑποκατακλίνομαι
tlg0059.tlg030	φιλοτιμέομαι	2	exact	φιλοτιμέομαι
tlg0059.tlg030	ὑπείκω	2	exact	ὑπείκω
tlg0059.tlg030	δώδεκα	2	exact	δώδεκα
tlg0059.tlg030	δίς	2	exact	δίς
tlg0059.tlg030	ἕξ	2	exact	ἕξ
tlg0059.tlg030	τρίς	2	exact	τρίς
tlg0059.tlg030	ἀποτίνω	2	exact	ἀποτίνω
tlg0059.tlg030	φιλονεικέω	2	exact	φιλονεικέω
tlg0059.tlg030	μάρτυς	2	exact	μάρτυς
tlg0059.tlg030	ἀκριβολογέομαι	2	exact	ἀκριβολογέομαι
tlg0059.tlg030	ἐπιβουλή	2	exact	ἐπιβουλή
tlg0059.tlg030	ἅδην	2	exact	ἅδην
tlg0059.tlg030	ἀπέραντος	2	exact	ἀπέραντος
tlg0059.tlg030	ἀβλαβής	2	exact	ἀβλαβής
tlg0059.tlg030	ἀκέραιος	2	exact	ἀκέραιος
tlg0059.tlg030	ἕωσπερ	2	exact	ἕωσπερ
tlg0059.tlg030	οὗπερ	2	exact	οὗπερ
tlg0059.tlg030	τίτθη	2	exact	τίτθη
tlg0059.tlg030	περιοράω	2	exact	περιοράω
tlg0059.tlg030	βουκόλος	2	exact	βουκόλος
tlg0059.tlg030	βοῦς	2	exact	βοῦς
tlg0059.tlg030	εὐηθικός	2	exact	εὐηθικός
tlg0059.tlg030	εἰσφορά	2	exact	εἰσφορά
tlg0059.tlg030	ἱερόσυλος	2	exact	ἱερόσυλος
tlg0059.tlg030	κακούργημα	2	exact	κακούργημα
tlg0059.tlg030	ἐλευθέριος	2	exact	ἐλευθέριος
tlg0059.tlg030	δεσποτικός	2	exact	δεσποτικός
tlg0059.tlg030	καταντλέω	2	exact	καταντλέω
tlg0059.tlg030	ἀθρόος	2	exact	ἀθρόος
tlg0059.tlg030	διαγωγή	2	exact	διαγωγή
tlg0059.tlg030	ζωή	2	exact	ζωή
tlg0059.tlg030	οὔτοι	2	exact	οὔτοι
tlg0059.tlg030	εὐεργετέω	2	exact	εὐεργετέω
tlg0059.tlg030	διακρίνω	2	exact	διακρίνω
tlg0059.tlg030	ἀνομολογέομαι	2	exact	ἀνομολογέομαι
tlg0059.tlg030	εὐήθεια	2	exact	εὐήθεια
tlg0059.tlg030	κακοήθεια	2	exact	κακοήθεια
tlg0059.tlg030	εὐβουλία	2	exact	εὐβουλία
tlg0059.tlg030	ἀποτέμνω	2	exact	ἀποτέμνω
tlg0059.tlg030	ἀποκνητέον	2	exact	ἀποκνητέον
tlg0059.tlg030	σκώπτω	2	exact	σκώπτω
tlg0059.tlg030	ἀστεῖος	2	exact	ἀστεῖος
tlg0059.tlg030	πόσις	2	exact	πόσις
tlg0059.tlg030	ἀνεπιστήμων	2	exact	ἀνεπιστήμων
tlg0059.tlg030	ἱδρώς	2	exact	ἱδρώς
tlg0059.tlg030	διασκοπέω	2	exact	διασκοπέω
tlg0059.tlg030	ὁμόνοια	2	exact	ὁμόνοια
tlg0059.tlg030	ὁμονοέω	2	exact	ὁμονοέω
tlg0059.tlg030	ἀποπληρόω	2	exact	ἀποπληρόω
tlg0059.tlg030	λίχνος	2	exact	λίχνος
tlg0059.tlg030	ἀδυναμία	2	exact	ἀδυναμία
tlg0059.tlg030	ἐπακολουθέω	2	exact	ἐπακολουθέω
tlg0059.tlg030	πλεονεξία	2	exact	πλεονεξία
tlg0059.tlg030	σύλλογος	2	exact	σύλλογος
tlg0059.tlg030	ἀδαμάντινος	2	exact	ἀδαμάντινος
tlg0059.tlg030	ἰσόθεος	2	exact	ἰσόθεος
tlg0059.tlg030	διαισθάνομαι	2	exact	διαισθάνομαι
tlg0059.tlg030	ἐκκαθαίρω	2	exact	ἐκκαθαίρω
tlg0059.tlg030	ἐπιμένω	2	exact	ἐπιμένω
tlg0059.tlg030	μαστιγόω	2	exact	μαστιγόω
tlg0059.tlg030	φρήν	2	exact	φρήν
tlg0059.tlg030	βλαστάνω	2	exact	βλαστάνω
tlg0059.tlg030	ἐκδίδωμι	2	exact	ἐκδίδωμι
tlg0059.tlg030	ἀνάθημα	2	exact	ἀνάθημα
tlg0059.tlg030	ἐπαμύνω	2	exact	ἐπαμύνω
tlg0059.tlg030	ἄφθονος	2	exact	ἄφθονος
tlg0059.tlg030	δρῦς	2	exact	δρῦς
tlg0059.tlg030	πυρός	2	exact	πυρός
tlg0059.tlg030	κριθή	2	exact	κριθή
tlg0059.tlg030	δένδρον	2	exact	δένδρον
tlg0059.tlg030	ἀποτείνω	2	exact	ἀποτείνω
tlg0059.tlg030	κατορύσσω	2	exact	κατορύσσω
tlg0059.tlg030	ὑπεροράω	2	exact	ὑπεροράω
tlg0059.tlg030	μάντις	2	exact	μάντις
tlg0059.tlg030	λεῖος	2	exact	λεῖος
tlg0059.tlg030	εὐχωλή	2	exact	εὐχωλή
tlg0059.tlg030	ἀγανός	2	exact	ἀγανός
tlg0059.tlg030	καθαρμός	2	exact	καθαρμός
tlg0059.tlg030	τελετή	2	exact	τελετή
tlg0059.tlg030	σκολιός	2	exact	σκολιός
tlg0059.tlg030	ἀπάτη	2	exact	ἀπάτη
tlg0059.tlg030	σκιαγραφία	2	exact	σκιαγραφία
tlg0059.tlg030	ἑταιρεία	2	exact	ἑταιρεία
tlg0059.tlg030	δικανικός	2	exact	δικανικός
tlg0059.tlg030	ἀναπείθω	2	exact	ἀναπείθω
tlg0059.tlg030	ἀζήμιος	2	exact	ἀζήμιος
tlg0059.tlg030	κίβδηλος	2	exact	κίβδηλος
tlg0059.tlg030	ὀργίζω	2	exact	ὀργίζω
tlg0059.tlg030	ἀνανδρία	2	exact	ἀνανδρία
tlg0059.tlg030	ὑμέτερος	2	exact	ὑμέτερος
tlg0059.tlg030	κακηγορέω	2	exact	κακηγορέω
tlg0059.tlg030	ἐπικουρέω	2	exact	ἐπικουρέω
tlg0059.tlg030	ζήτημα	2	exact	ζήτημα
tlg0059.tlg030	ἀναγιγνώσκω	2	exact	ἀναγιγνώσκω
tlg0059.tlg030	αὐτάρκης	2	exact	αὐτάρκης
tlg0059.tlg030	ἀγείρω	2	exact	ἀγείρω
tlg0059.tlg030	αὐτόσε	2	exact	αὐτόσε
tlg0059.tlg030	νομεύς	2	exact	νομεύς
tlg0059.tlg030	ἀρόω	2	exact	ἀρόω
tlg0059.tlg030	ἐξάγω	2	exact	ἐξάγω
tlg0059.tlg030	πωλέω	2	exact	πωλέω
tlg0059.tlg030	ἀλλάσσω	2	exact	ἀλλάσσω
tlg0059.tlg030	διακονία	2	exact	διακονία
tlg0059.tlg030	ὠνή	2	exact	ὠνή
tlg0059.tlg030	πρᾶσις	2	exact	πρᾶσις
tlg0059.tlg030	ἱδρύω	2	exact	ἱδρύω
tlg0059.tlg030	διαιτάω	2	exact	διαιτάω
tlg0059.tlg030	οἰκοδομέω	2	exact	οἰκοδομέω
tlg0059.tlg030	ἄλφιτον	2	exact	ἄλφιτον
tlg0059.tlg030	σκευάζω	2	exact	σκευάζω
tlg0059.tlg030	ἅλς	2	exact	ἅλς
tlg0059.tlg030	τυρός	2	exact	τυρός
tlg0059.tlg030	τράγημα	2	exact	τράγημα
tlg0059.tlg030	χορτάζω	2	exact	χορτάζω
tlg0059.tlg030	θυμίαμα	2	exact	θυμίαμα
tlg0059.tlg030	πέμμα	2	exact	πέμμα
tlg0059.tlg030	ὄγκος	2	exact	ὄγκος
tlg0059.tlg030	ὑπηρέτης	2	exact	ὑπηρέτης
tlg0059.tlg030	ῥαψῳδός	2	exact	ῥαψῳδός
tlg0059.tlg030	βόσκημα	2	exact	βόσκημα
tlg0059.tlg030	τεχνικός	2	exact	τεχνικός
tlg0059.tlg030	ἀείρω	2	exact	ἀείρω
tlg0059.tlg030	ἐλαφρός	2	exact	ἐλαφρός
tlg0059.tlg030	ἄμαχος	2	exact	ἄμαχος
tlg0059.tlg030	φθάνω	2	exact	φθάνω
tlg0059.tlg030	συνήθης	2	exact	συνήθης
tlg0059.tlg030	ἀγνώς	2	exact	ἀγνώς
tlg0059.tlg030	προσδοκάω	2	exact	προσδοκάω
tlg0059.tlg030	ἀφετέος	2	exact	ἀφετέος
tlg0059.tlg030	ἀπόρρητος	2	exact	ἀπόρρητος
tlg0059.tlg030	τηλικοῦτος	2	exact	τηλικοῦτος
tlg0059.tlg030	κυρέω	2	exact	κυρέω
tlg0059.tlg030	χθών	2	exact	χθών
tlg0059.tlg030	βροτός	2	exact	βροτός
tlg0059.tlg030	δῶμα	2	exact	δῶμα
tlg0059.tlg030	ἰαμβεῖος	2	exact	ἰαμβεῖος
tlg0059.tlg030	σύμφορος	2	exact	σύμφορος
tlg0059.tlg030	ἀποχράω	2	exact	ἀποχράω
tlg0059.tlg030	εἵλησις	2	exact	εἵλησις
tlg0059.tlg030	ἄνεμος	2	exact	ἄνεμος
tlg0059.tlg030	οἰκοδόμημα	2	exact	οἰκοδόμημα
tlg0059.tlg030	ἐνδέχομαι	2	exact	ἐνδέχομαι
tlg0059.tlg030	παντοῖος	2	exact	παντοῖος
tlg0059.tlg030	τελέθω	2	exact	τελέθω
tlg0059.tlg030	καταψεύδομαι	2	exact	καταψεύδομαι
tlg0059.tlg030	ἱέρεια	2	exact	ἱέρεια
tlg0059.tlg030	μυθολογία	2	exact	μυθολογία
tlg0059.tlg030	ἀψευδής	2	exact	ἀψευδής
tlg0059.tlg030	ἐνύπνιον	2	exact	ἐνύπνιον
tlg0059.tlg030	ἑός	2	exact	ἑός
tlg0059.tlg030	ἐξαλείφω	2	exact	ἐξαλείφω
tlg0059.tlg030	ἐπάρουρος	2	exact	ἐπάρουρος
tlg0059.tlg030	θητεύω	2	exact	θητεύω
tlg0059.tlg030	ἄκληρος	2	exact	ἄκληρος
tlg0059.tlg030	ἀνάσσω	2	exact	ἀνάσσω
tlg0059.tlg030	πόποι	2	exact	πόποι
tlg0059.tlg030	πνέω	2	exact	πνέω
tlg0059.tlg030	πότμος	2	exact	πότμος
tlg0059.tlg030	νυκτερίς	2	exact	νυκτερίς
tlg0059.tlg030	διαγράφω	2	exact	διαγράφω
tlg0059.tlg030	θεά	2	exact	θεά
tlg0059.tlg030	ὕπτιος	2	exact	ὕπτιος
tlg0059.tlg030	κόνις	2	exact	κόνις
tlg0059.tlg030	κλαίω	2	exact	κλαίω
tlg0059.tlg030	ὤμοι	2	exact	ὤμοι
tlg0059.tlg030	αἴ	2	exact	αἴ
tlg0059.tlg030	παιδοτρίβης	2	exact	παιδοτρίβης
tlg0059.tlg030	τελέω	2	exact	τελέω
tlg0059.tlg030	οἰνοχόος	2	exact	οἰνοχόος
tlg0059.tlg030	δέπας	2	exact	δέπας
tlg0059.tlg030	ἐγκράτεια	2	exact	ἐγκράτεια
tlg0059.tlg030	λιμός	2	exact	λιμός
tlg0059.tlg030	ἐφέπω	2	exact	ἐφέπω
tlg0059.tlg030	χαμαί	2	exact	χαμαί
tlg0059.tlg030	τλάω	2	exact	τλάω
tlg0059.tlg030	Φοῖνιξ	2	exact	Φοῖνιξ
tlg0059.tlg030	τίνω	2	exact	τίνω
tlg0059.tlg030	σφαγή	2	exact	σφαγή
tlg0059.tlg030	ἁρπαγή	2	exact	ἁρπαγή
tlg0059.tlg030	ἐξίτηλος	2	exact	ἐξίτηλος
tlg0059.tlg030	εὐχέρεια	2	exact	εὐχέρεια
tlg0059.tlg030	προσστάζω	2	exact	προσστάζω
tlg0059.tlg030	μυθόλογος	2	exact	μυθόλογος
tlg0059.tlg030	ἀσαφής	2	exact	ἀσαφής
tlg0059.tlg030	κατεύχομαι	2	exact	κατεύχομαι
tlg0059.tlg030	λαός	2	exact	λαός
tlg0059.tlg030	στέμμα	2	exact	στέμμα
tlg0059.tlg030	γηράσκω	2	exact	γηράσκω
tlg0059.tlg030	ἐρεθίζω	2	exact	ἐρεθίζω
tlg0059.tlg030	σῶς	2	exact	σῶς
tlg0059.tlg030	ἐρίζω	2	exact	ἐρίζω
tlg0059.tlg030	πένθος	2	exact	πένθος
tlg0059.tlg030	ὠδίνω	2	exact	ὠδίνω
tlg0059.tlg030	κωμῳδέω	2	exact	κωμῳδέω
tlg0059.tlg030	τριήρης	2	exact	τριήρης
tlg0059.tlg030	μυκάομαι	2	exact	μυκάομαι
tlg0059.tlg030	ψόφος	2	exact	ψόφος
tlg0059.tlg030	συγκεράννυμι	2	exact	συγκεράννυμι
tlg0059.tlg030	διπλόος	2	exact	διπλόος
tlg0059.tlg030	ἀποπέμπω	2	exact	ἀποπέμπω
tlg0059.tlg030	καταχέω	2	exact	καταχέω
tlg0059.tlg030	διαπεραίνω	2	exact	διαπεραίνω
tlg0059.tlg030	μαλακία	2	exact	μαλακία
tlg0059.tlg030	διδαχή	2	exact	διδαχή
tlg0059.tlg030	μεταπείθω	2	exact	μεταπείθω
tlg0059.tlg030	πολύχορδος	2	exact	πολύχορδος
tlg0059.tlg030	αὐλοποιός	2	exact	αὐλοποιός
tlg0059.tlg030	αὐλητής	2	exact	αὐλητής
tlg0059.tlg030	παναρμόνιος	2	exact	παναρμόνιος
tlg0059.tlg030	διακαθαίρω	2	exact	διακαθαίρω
tlg0059.tlg030	ἀναβάλλω	2	exact	ἀναβάλλω
tlg0059.tlg030	ἄρρυθμος	2	exact	ἄρρυθμος
tlg0059.tlg030	εὐαρμοστία	2	exact	εὐαρμοστία
tlg0059.tlg030	εὐρυθμία	2	exact	εὐρυθμία
tlg0059.tlg030	ὑφαντικός	2	exact	ὑφαντικός
tlg0059.tlg030	βοτάνη	2	exact	βοτάνη
tlg0059.tlg030	δρέπω	2	exact	δρέπω
tlg0059.tlg030	οἰκειότης	2	exact	οἰκειότης
tlg0059.tlg030	κάτοπτρον	2	exact	κάτοπτρον
tlg0059.tlg030	ἐμφαίνω	2	exact	ἐμφαίνω
tlg0059.tlg030	κοινωνητέον	2	exact	κοινωνητέον
tlg0059.tlg030	ἀπειροκαλία	2	exact	ἀπειροκαλία
tlg0059.tlg030	μακρολογέω	2	exact	μακρολογέω
tlg0059.tlg030	μεθύσκω	2	exact	μεθύσκω
tlg0059.tlg030	σφαλερός	2	exact	σφαλερός
tlg0059.tlg030	ἄγρυπνος	2	exact	ἄγρυπνος
tlg0059.tlg030	ἀγγεῖον	2	exact	ἀγγεῖον
tlg0059.tlg030	εὐπάθεια	2	exact	εὐπάθεια
tlg0059.tlg030	σεμνύνω	2	exact	σεμνύνω
tlg0059.tlg030	ἐπακτός	2	exact	ἐπακτός
tlg0059.tlg030	καλλωπίζω	2	exact	καλλωπίζω
tlg0059.tlg030	ἀποστρέφω	2	exact	ἀποστρέφω
tlg0059.tlg030	ἐπέτειος	2	exact	ἐπέτειος
tlg0059.tlg030	ῥεῦμα	2	exact	ῥεῦμα
tlg0059.tlg030	τιτρώσκω	2	exact	τιτρώσκω
tlg0059.tlg030	ἀποκναίω	2	exact	ἀποκναίω
tlg0059.tlg030	καταδείκνυμι	2	exact	καταδείκνυμι
tlg0059.tlg030	καῦσις	2	exact	καῦσις
tlg0059.tlg030	ἐμβαίνω	2	exact	ἐμβαίνω
tlg0059.tlg030	ἀβίωτος	2	exact	ἀβίωτος
tlg0059.tlg030	ἐμπόδιος	2	exact	ἐμπόδιος
tlg0059.tlg030	περισσός	2	exact	περισσός
tlg0059.tlg030	οἰκονομία	2	exact	οἰκονομία
tlg0059.tlg030	δοκιμάζω	2	exact	δοκιμάζω
tlg0059.tlg030	μήποτε	2	exact	μήποτε
tlg0059.tlg030	πάσσω	2	exact	πάσσω
tlg0059.tlg030	παραχρῆμα	2	exact	παραχρῆμα
tlg0059.tlg030	αἰσχροκερδής	2	exact	αἰσχροκερδής
tlg0059.tlg030	δικαστικός	2	exact	δικαστικός
tlg0059.tlg030	ἀνίατος	2	exact	ἀνίατος
tlg0059.tlg030	ἀγριότης	2	exact	ἀγριότης
tlg0059.tlg030	καταυλέω	2	exact	καταυλέω
tlg0059.tlg030	τήκω	2	exact	τήκω
tlg0059.tlg030	ἄθυμος	2	exact	ἄθυμος
tlg0059.tlg030	γεωργικός	2	exact	γεωργικός
tlg0059.tlg030	μεταδοξάζω	2	exact	μεταδοξάζω
tlg0059.tlg030	δέον	2	exact	δέον
tlg0059.tlg030	τόλμα	2	exact	τόλμα
tlg0059.tlg030	σκευή	2	exact	σκευή
tlg0059.tlg030	γηγενής	2	exact	γηγενής
tlg0059.tlg030	ἐτός	2	exact	ἐτός
tlg0059.tlg030	χρησμός	2	exact	χρησμός
tlg0059.tlg030	φήμη	2	exact	φήμη
tlg0059.tlg030	ὁπλίζω	2	exact	ὁπλίζω
tlg0059.tlg030	μιαίνω	2	exact	μιαίνω
tlg0059.tlg030	φρουρέω	2	exact	φρουρέω
tlg0059.tlg030	κατηγορία	2	exact	κατηγορία
tlg0059.tlg030	ἀμφιάζω	2	exact	ἀμφιάζω
tlg0059.tlg030	κεραμεύω	2	exact	κεραμεύω
tlg0059.tlg030	νουθετέω	2	exact	νουθετέω
tlg0059.tlg030	χυτρεύς	2	exact	χυτρεύς
tlg0059.tlg030	παραδύομαι	2	exact	παραδύομαι
tlg0059.tlg030	τρυφή	2	exact	τρυφή
tlg0059.tlg030	πύκτης	2	exact	πύκτης
tlg0059.tlg030	πίων	2	exact	πίων
tlg0059.tlg030	πνῖγος	2	exact	πνῖγος
tlg0059.tlg030	πρεσβεία	2	exact	πρεσβεία
tlg0059.tlg030	ἰσχνός	2	exact	ἰσχνός
tlg0059.tlg030	συναθροίζω	2	exact	συναθροίζω
tlg0059.tlg030	ἀφορίζω	2	exact	ἀφορίζω
tlg0059.tlg030	παίδευσις	2	exact	παίδευσις
tlg0059.tlg030	νεωτερίζω	2	exact	νεωτερίζω
tlg0059.tlg030	εἰσδέχομαι	2	exact	εἰσδέχομαι
tlg0059.tlg030	συνέπομαι	2	exact	συνέπομαι
tlg0059.tlg030	σχηματισμός	2	exact	σχηματισμός
tlg0059.tlg030	αἰκία	2	exact	αἰκία
tlg0059.tlg030	νομοθεσία	2	exact	νομοθεσία
tlg0059.tlg030	θήκη	2	exact	θήκη
tlg0059.tlg030	ἐξηγητής	2	exact	ἐξηγητής
tlg0059.tlg030	συλλαμβάνω	2	exact	συλλαμβάνω
tlg0059.tlg030	ὑπόλοιπος	2	exact	ὑπόλοιπος
tlg0059.tlg030	ὑπολείπω	2	exact	ὑπολείπω
tlg0059.tlg030	κατάδηλος	2	exact	κατάδηλος
tlg0059.tlg030	προσρητέος	2	exact	προσρητέος
tlg0059.tlg030	ξύλινος	2	exact	ξύλινος
tlg0059.tlg030	στρατεύω	2	exact	στρατεύω
tlg0059.tlg030	δευσοποιός	2	exact	δευσοποιός
tlg0059.tlg030	βαφή	2	exact	βαφή
tlg0059.tlg030	ἰού	2	exact	ἰού
tlg0059.tlg030	ἀγγέλλω	2	exact	ἀγγέλλω
tlg0059.tlg030	κυλινδέω	2	exact	κυλινδέω
tlg0059.tlg030	δύσκριτος	2	exact	δύσκριτος
tlg0059.tlg030	ἐνάμιλλος	2	exact	ἐνάμιλλος
tlg0059.tlg030	βουλευτικός	2	exact	βουλευτικός
tlg0059.tlg030	πάγιος	2	exact	πάγιος
tlg0059.tlg030	ἐπανέρχομαι	2	exact	ἐπανέρχομαι
tlg0059.tlg030	σκέμμα	2	exact	σκέμμα
tlg0059.tlg030	γέννησις	2	exact	γέννησις
tlg0059.tlg030	κομψεύω	2	exact	κομψεύω
tlg0059.tlg030	περιφερής	2	exact	περιφερής
tlg0059.tlg030	ἀποκλίνω	2	exact	ἀποκλίνω
tlg0059.tlg030	ἀπαρνέομαι	2	exact	ἀπαρνέομαι
tlg0059.tlg030	ἐπορέγω	2	exact	ἐπορέγω
tlg0059.tlg030	ἀπελαύνω	2	exact	ἀπελαύνω
tlg0059.tlg030	πεῖνα	2	exact	πεῖνα
tlg0059.tlg030	θορυβέω	2	exact	θορυβέω
tlg0059.tlg030	βραδύς	2	exact	βραδύς
tlg0059.tlg030	ὁμοφυής	2	exact	ὁμοφυής
tlg0059.tlg030	ἀποτρέπω	2	exact	ἀποτρέπω
tlg0059.tlg030	παρακαλύπτω	2	exact	παρακαλύπτω
tlg0059.tlg030	ῥιγόω	2	exact	ῥιγόω
tlg0059.tlg030	ἄρτιος	2	exact	ἄρτιος
tlg0059.tlg030	ὀψέ	2	exact	ὀψέ
tlg0059.tlg030	τηρέω	2	exact	τηρέω
tlg0059.tlg030	ἀρχικός	2	exact	ἀρχικός
tlg0059.tlg030	βιωτός	2	exact	βιωτός
tlg0059.tlg030	πόσος	2	exact	πόσος
tlg0059.tlg030	διχή	2	exact	διχή
tlg0059.tlg030	βασιλεία	2	exact	βασιλεία
tlg0059.tlg030	ὦμος	2	exact	ὦμος
tlg0059.tlg030	κατακούω	2	exact	κατακούω
tlg0059.tlg030	ψῆφος	2	exact	ψῆφος
tlg0059.tlg030	ἀπιστία	2	exact	ἀπιστία
tlg0059.tlg030	ὀφλισκάνω	2	exact	ὀφλισκάνω
tlg0059.tlg030	ἀπατεών	2	exact	ἀπατεών
tlg0059.tlg030	ἀγέλη	2	exact	ἀγέλη
tlg0059.tlg030	συνθηρεύω	2	exact	συνθηρεύω
tlg0059.tlg030	μάταιος	2	exact	μάταιος
tlg0059.tlg030	σκοπός	2	exact	σκοπός
tlg0059.tlg030	ἐρῆμος	2	exact	ἐρῆμος
tlg0059.tlg030	προοράω	2	exact	προοράω
tlg0059.tlg030	ἄντομαι	2	exact	ἄντομαι
tlg0059.tlg030	ἐναντίωσις	2	exact	ἐναντίωσις
tlg0059.tlg030	ἀντιλογία	2	exact	ἀντιλογία
tlg0059.tlg030	ἐριστικός	2	exact	ἐριστικός
tlg0059.tlg030	τοιγάρ	2	exact	τοιγάρ
tlg0059.tlg030	ὀχεύω	2	exact	ὀχεύω
tlg0059.tlg030	ἡσσάομαι	2	exact	ἡσσάομαι
tlg0059.tlg030	ἐκλεκτέος	2	exact	ἐκλεκτέος
tlg0059.tlg030	σύστασις	2	exact	σύστασις
tlg0059.tlg030	διατάσσω	2	exact	διατάσσω
tlg0059.tlg030	ἔμφυτος	2	exact	ἔμφυτος
tlg0059.tlg030	μεῖξις	2	exact	μεῖξις
tlg0059.tlg030	ὄρνις	2	exact	ὄρνις
tlg0059.tlg030	παιδοποιία	2	exact	παιδοποιία
tlg0059.tlg030	νύμφη	2	exact	νύμφη
tlg0059.tlg030	σηκός	2	exact	σηκός
tlg0059.tlg030	ἀνάπηρος	2	exact	ἀνάπηρος
tlg0059.tlg030	ῥᾳστώνη	2	exact	ῥᾳστώνη
tlg0059.tlg030	τριάκοντα	2	exact	τριάκοντα
tlg0059.tlg030	δρόμος	2	exact	δρόμος
tlg0059.tlg030	ἐκφέρω	2	exact	ἐκφέρω
tlg0059.tlg030	στοχάζομαι	2	exact	στοχάζομαι
tlg0059.tlg030	σύνταξις	2	exact	σύνταξις
tlg0059.tlg030	συνάρχω	2	exact	συνάρχω
tlg0059.tlg030	κτῆμα	2	exact	κτῆμα
tlg0059.tlg030	ἧλιξ	2	exact	ἧλιξ
tlg0059.tlg030	κολακεία	2	exact	κολακεία
tlg0059.tlg030	δανείζω	2	exact	δανείζω
tlg0059.tlg030	ταμιεύω	2	exact	ταμιεύω
tlg0059.tlg030	παραπίπτω	2	exact	παραπίπτω
tlg0059.tlg030	μειρακιώδης	2	exact	μειρακιώδης
tlg0059.tlg030	θεωρός	2	exact	θεωρός
tlg0059.tlg030	καταφαίνω	2	exact	καταφαίνω
tlg0059.tlg030	ἀποβάλλω	2	exact	ἀποβάλλω
tlg0059.tlg030	ἀριστεύω	2	exact	ἀριστεύω
tlg0059.tlg030	νῶτον	2	exact	νῶτον
tlg0059.tlg030	Αἴας	2	exact	Αἴας
tlg0059.tlg030	εὔνοια	2	exact	εὔνοια
tlg0059.tlg030	μηδέτερος	2	exact	μηδέτερος
tlg0059.tlg030	ὀθνεῖος	2	exact	ὀθνεῖος
tlg0059.tlg030	φιλόπολις	2	exact	φιλόπολις
tlg0059.tlg030	διατείνω	2	exact	διατείνω
tlg0059.tlg030	ἁμός	2	exact	ἁμός
tlg0059.tlg030	ἄγε	2	exact	ἄγε
tlg0059.tlg030	δάκνω	2	exact	δάκνω
tlg0059.tlg030	ἐπίχαρις	2	exact	ἐπίχαρις
tlg0059.tlg030	ἔμμετρος	2	exact	ἔμμετρος
tlg0059.tlg030	ἀνδρικός	2	exact	ἀνδρικός
tlg0059.tlg030	στρατηγέω	2	exact	στρατηγέω
tlg0059.tlg030	διατριβή	2	exact	διατριβή
tlg0059.tlg030	σπάνιος	2	exact	σπάνιος
tlg0059.tlg030	ἀσάφεια	2	exact	ἀσάφεια
tlg0059.tlg030	ἐπαμφοτερίζω	2	exact	ἐπαμφοτερίζω
tlg0059.tlg030	πλημμελέω	2	exact	πλημμελέω
tlg0059.tlg030	φιλόδοξος	2	exact	φιλόδοξος
tlg0059.tlg030	ὑστερέω	2	exact	ὑστερέω
tlg0059.tlg030	ῥέω	2	exact	ῥέω
tlg0059.tlg030	μικρολογία	2	exact	μικρολογία
tlg0059.tlg030	ἀμετρία	2	exact	ἀμετρία
tlg0059.tlg030	ἐμμετρία	2	exact	ἐμμετρία
tlg0059.tlg030	εὔχαρις	2	exact	εὔχαρις
tlg0059.tlg030	αὐτοφυής	2	exact	αὐτοφυής
tlg0059.tlg030	γλίσχρος	2	exact	γλίσχρος
tlg0059.tlg030	ναυτικός	2	exact	ναυτικός
tlg0059.tlg030	κυβέρνησις	2	exact	κυβέρνησις
tlg0059.tlg030	διδακτός	2	exact	διδακτός
tlg0059.tlg030	κατατέμνω	2	exact	κατατέμνω
tlg0059.tlg030	συμποδίζω	2	exact	συμποδίζω
tlg0059.tlg030	ἐξετάζω	2	exact	ἐξετάζω
tlg0059.tlg030	διάθεσις	2	exact	διάθεσις
tlg0059.tlg030	ὠδίς	2	exact	ὠδίς
tlg0059.tlg030	διαφθορά	2	exact	διαφθορά
tlg0059.tlg030	ἀποσπάω	2	exact	ἀποσπάω
tlg0059.tlg030	συγγένεια	2	exact	συγγένεια
tlg0059.tlg030	σπέρμα	2	exact	σπέρμα
tlg0059.tlg030	ἔγγειος	2	exact	ἔγγειος
tlg0059.tlg030	θέατρον	2	exact	θέατρον
tlg0059.tlg030	παιδευτής	2	exact	παιδευτής
tlg0059.tlg030	ἀτιμία	2	exact	ἀτιμία
tlg0059.tlg030	προσφερής	2	exact	προσφερής
tlg0059.tlg030	εὐειδής	2	exact	εὐειδής
tlg0059.tlg030	ὑψηλός	2	exact	ὑψηλός
tlg0059.tlg030	ὀρφανός	2	exact	ὀρφανός
tlg0059.tlg030	ἐπεισέρχομαι	2	exact	ἐπεισέρχομαι
tlg0059.tlg030	βαναυσία	2	exact	βαναυσία
tlg0059.tlg030	ἀνομία	2	exact	ἀνομία
tlg0059.tlg030	ἐπαιτιάομαι	2	exact	ἐπαιτιάομαι
tlg0059.tlg030	ξενικός	2	exact	ξενικός
tlg0059.tlg030	ἀκροατής	2	exact	ἀκροατής
tlg0059.tlg030	ἀποσβέννυμι	2	exact	ἀποσβέννυμι
tlg0059.tlg030	πεῖρα	2	exact	πεῖρα
tlg0059.tlg030	θαῦμα	2	exact	θαῦμα
tlg0059.tlg030	δυναστεύω	2	exact	δυναστεύω
tlg0059.tlg030	κατήκοος	2	exact	κατήκοος
tlg0059.tlg030	δυναστεία	2	exact	δυναστεία
tlg0059.tlg030	ὑπογράφω	2	exact	ὑπογράφω
tlg0059.tlg030	ἑκατέρωσε	2	exact	ἑκατέρωσε
tlg0059.tlg030	ἐπιτελέω	2	exact	ἐπιτελέω
tlg0059.tlg030	ἐπίλοιπος	2	exact	ἐπίλοιπος
tlg0059.tlg030	δυσκίνητος	2	exact	δυσκίνητος
tlg0059.tlg030	διαπονέω	2	exact	διαπονέω
tlg0059.tlg030	βασανιστέος	2	exact	βασανιστέος
tlg0059.tlg030	ὑπογραφή	2	exact	ὑπογραφή
tlg0059.tlg030	ἀπεργασία	2	exact	ἀπεργασία
tlg0059.tlg030	ἀπομαντεύομαι	2	exact	ἀπομαντεύομαι
tlg0059.tlg030	σκοτόω	2	exact	σκοτόω
tlg0059.tlg030	ἀσχημονέω	2	exact	ἀσχημονέω
tlg0059.tlg030	ἀόρατος	2	exact	ἀόρατος
tlg0059.tlg030	ζυγόν	2	exact	ζυγόν
tlg0059.tlg030	νυκτερινός	2	exact	νυκτερινός
tlg0059.tlg030	καταλάμπω	2	exact	καταλάμπω
tlg0059.tlg030	ἀπερείδω	2	exact	ἀπερείδω
tlg0059.tlg030	ἐπέκεινα	2	exact	ἐπέκεινα
tlg0059.tlg030	ὑπερέχω	2	exact	ὑπερέχω
tlg0059.tlg030	γραμμή	2	exact	γραμμή
tlg0059.tlg030	ἄνισος	2	exact	ἄνισος
tlg0059.tlg030	σκευαστός	2	exact	σκευαστός
tlg0059.tlg030	ἀνυπόθετος	2	exact	ἀνυπόθετος
tlg0059.tlg030	κατάγειος	2	exact	κατάγειος
tlg0059.tlg030	αὐχήν	2	exact	αὐχήν
tlg0059.tlg030	ἐπάνω	2	exact	ἐπάνω
tlg0059.tlg030	ἀκίνητος	2	exact	ἀκίνητος
tlg0059.tlg030	μαρμαρυγή	2	exact	μαρμαρυγή
tlg0059.tlg030	ὀδυνάω	2	exact	ὀδυνάω
tlg0059.tlg030	αὐγή	2	exact	αὐγή
tlg0059.tlg030	ἐπιτροπεύω	2	exact	ἐπιτροπεύω
tlg0059.tlg030	ἀγωνίζομαι	2	exact	ἀγωνίζομαι
tlg0059.tlg030	ἀπαίδευτος	2	exact	ἀπαίδευτος
tlg0059.tlg030	νῆσος	2	exact	νῆσος
tlg0059.tlg030	καταχράω	2	exact	καταχράω
tlg0059.tlg030	σύνδεσμος	2	exact	σύνδεσμος
tlg0059.tlg030	συνεθίζω	2	exact	συνεθίζω
tlg0059.tlg030	ἐπάνοδος	2	exact	ἐπάνοδος
tlg0059.tlg030	στρατηγός	2	exact	στρατηγός
tlg0059.tlg030	ἀγωγός	2	exact	ἀγωγός
tlg0059.tlg030	λεπτός	2	exact	λεπτός
tlg0059.tlg030	ἐγερτικός	2	exact	ἐγερτικός
tlg0059.tlg030	ἐναντίωμα	2	exact	ἐναντίωμα
tlg0059.tlg030	ὑπερφυής	2	exact	ὑπερφυής
tlg0059.tlg030	σχηματίζω	2	exact	σχηματίζω
tlg0059.tlg030	ναυτιλία	2	exact	ναυτιλία
tlg0059.tlg030	αὐτόθεν	2	exact	αὐτόθεν
tlg0059.tlg030	ζητητικός	2	exact	ζητητικός
tlg0059.tlg030	συνεχής	2	exact	συνεχής
tlg0059.tlg030	ποίκιλμα	2	exact	ποίκιλμα
tlg0059.tlg030	γραφεύς	2	exact	γραφεύς
tlg0059.tlg030	συμμετρία	2	exact	συμμετρία
tlg0059.tlg030	πρόβλημα	2	exact	πρόβλημα
tlg0059.tlg030	γείτων	2	exact	γείτων
tlg0059.tlg030	πληγή	2	exact	πληγή
tlg0059.tlg030	σύνθεσις	2	exact	σύνθεσις
tlg0059.tlg030	ἀμυδρός	2	exact	ἀμυδρός
tlg0059.tlg030	προαιρέω	2	exact	προαιρέω
tlg0059.tlg030	φιλόπονος	2	exact	φιλόπονος
tlg0059.tlg030	φιλοπονία	2	exact	φιλοπονία
tlg0059.tlg030	ἄπονος	2	exact	ἄπονος
tlg0059.tlg030	φιλογυμναστής	2	exact	φιλογυμναστής
tlg0059.tlg030	φιλόθηρος	2	exact	φιλόθηρος
tlg0059.tlg030	Σόλων	2	exact	Σόλων
tlg0059.tlg030	προκρίνω	2	exact	προκρίνω
tlg0059.tlg030	πειθαρχέω	2	exact	πειθαρχέω
tlg0059.tlg030	πλησίος	2	exact	πλησίος
tlg0059.tlg030	σύντονος	2	exact	σύντονος
tlg0059.tlg030	παρακινέω	2	exact	παρακινέω
tlg0059.tlg030	Λακωνικός	2	exact	Λακωνικός
tlg0059.tlg030	τιμοκρατία	2	exact	τιμοκρατία
tlg0059.tlg030	ἀφορία	2	exact	ἀφορία
tlg0059.tlg030	ῥητός	2	exact	ῥητός
tlg0059.tlg030	πεμπάς	2	exact	πεμπάς
tlg0059.tlg030	εὐτυχής	2	exact	εὐτυχής
tlg0059.tlg030	ἀνομοιότης	2	exact	ἀνομοιότης
tlg0059.tlg030	χειροτεχνία	2	exact	χειροτεχνία
tlg0059.tlg030	μικτός	2	exact	μικτός
tlg0059.tlg030	ἄνανδρος	2	exact	ἄνανδρος
tlg0059.tlg030	ἄρδω	2	exact	ἄρδω
tlg0059.tlg030	ἀναλωτής	2	exact	ἀναλωτής
tlg0059.tlg030	κηρίον	2	exact	κηρίον
tlg0059.tlg030	κεντρόω	2	exact	κεντρόω
tlg0059.tlg030	ἔνθεν	2	exact	ἔνθεν
tlg0059.tlg030	ὁμονοητικός	2	exact	ὁμονοητικός
tlg0059.tlg030	εὐδοξία	2	exact	εὐδοξία
tlg0059.tlg030	παραμελέω	2	exact	παραμελέω
tlg0059.tlg030	ἄσθμα	2	exact	ἄσθμα
tlg0059.tlg030	φυγάς	2	exact	φυγάς
tlg0059.tlg030	ἀγροικία	2	exact	ἀγροικία
tlg0059.tlg030	ἀσωτία	2	exact	ἀσωτία
tlg0059.tlg030	ἀναίδεια	2	exact	ἀναίδεια
tlg0059.tlg030	τιμητέος	2	exact	τιμητέος
tlg0059.tlg030	ἔπειμι	2	exact	ἔπειμι
tlg0059.tlg030	μιαρός	2	exact	μιαρός
tlg0059.tlg030	μέτοικος	2	exact	μέτοικος
tlg0059.tlg030	φοιτητής	2	exact	φοιτητής
tlg0059.tlg030	θωπεύω	2	exact	θωπεύω
tlg0059.tlg030	τριχῆ	2	exact	τριχῆ
tlg0059.tlg030	βῆμα	2	exact	βῆμα
tlg0059.tlg030	βομβέω	2	exact	βομβέω
tlg0059.tlg030	βλίττω	2	exact	βλίττω
tlg0059.tlg030	ἀπράγμων	2	exact	ἀπράγμων
tlg0059.tlg030	μιαιφονέω	2	exact	μιαιφονέω
tlg0059.tlg030	μείρομαι	2	exact	μείρομαι
tlg0059.tlg030	προβαίνω	2	exact	προβαίνω
tlg0059.tlg030	μισθόω	2	exact	μισθόω
tlg0059.tlg030	ἀναλόω	2	exact	ἀναλόω
tlg0059.tlg030	συμπότης	2	exact	συμπότης
tlg0059.tlg030	ἐξελαύνω	2	exact	ἐξελαύνω
tlg0059.tlg030	ἄκαιρος	2	exact	ἄκαιρος
tlg0059.tlg030	πλησμονή	2	exact	πλησμονή
tlg0059.tlg030	κοιμάω	2	exact	κοιμάω
tlg0059.tlg030	οἰστράω	2	exact	οἰστράω
tlg0059.tlg030	βοάω	2	exact	βοάω
tlg0059.tlg030	σφοδρός	2	exact	σφοδρός
tlg0059.tlg030	ὡραῖος	2	exact	ὡραῖος
tlg0059.tlg030	δωροδοκέω	2	exact	δωροδοκέω
tlg0059.tlg030	καταβιόω	2	exact	καταβιόω
tlg0059.tlg030	δυστυχής	2	exact	δυστυχής
tlg0059.tlg030	ἀνδράποδον	2	exact	ἀνδράποδον
tlg0059.tlg030	τιμωρία	2	exact	τιμωρία
tlg0059.tlg030	ἀκράτωρ	2	exact	ἀκράτωρ
tlg0059.tlg030	ἄλυπος	2	exact	ἄλυπος
tlg0059.tlg030	ἀνιαρός	2	exact	ἀνιαρός
tlg0059.tlg030	ἀλγεινός	2	exact	ἀλγεινός
tlg0059.tlg030	πολυκέφαλος	2	exact	πολυκέφαλος
tlg0059.tlg030	περιπλάσσω	2	exact	περιπλάσσω
tlg0059.tlg030	πολυειδής	2	exact	πολυειδής
tlg0059.tlg030	πίθηκος	2	exact	πίθηκος
tlg0059.tlg030	μαθητής	2	exact	μαθητής
tlg0059.tlg030	ἡνία	2	exact	ἡνία
tlg0059.tlg030	κοῖλος	2	exact	κοῖλος
tlg0059.tlg030	ἀγανακτητικός	2	exact	ἀγανακτητικός
tlg0059.tlg030	πάνδεινος	2	exact	πάνδεινος
tlg0059.tlg030	ἀκροάομαι	2	exact	ἀκροάομαι
tlg0059.tlg030	ἐλεεινός	2	exact	ἐλεεινός
tlg0059.tlg030	σύμφυτος	2	exact	σύμφυτος
tlg0059.tlg030	ζωτικός	2	exact	ζωτικός
tlg0059.tlg030	ὄστρεον	2	exact	ὄστρεον
tlg0059.tlg030	νικητήριος	2	exact	νικητήριος
tlg0059.tlg030	ἀναβιόω	2	exact	ἀναβιόω
tlg0059.tlg030	χάσμα	2	exact	χάσμα
tlg0059.tlg030	λειμών	2	exact	λειμών
tlg0059.tlg030	χιλιέτης	2	exact	χιλιέτης
tlg0059.tlg030	δεκαπλάσιος	2	exact	δεκαπλάσιος
tlg0059.tlg030	εὐεργεσία	2	exact	εὐεργεσία
tlg0059.tlg030	στόμιον	2	exact	στόμιον
tlg0059.tlg030	φθέγμα	2	exact	φθέγμα
tlg0059.tlg030	ἔνθα	2	exact	ἔνθα
tlg0059.tlg030	ἑπτά	2	exact	ἑπτά
tlg0059.tlg030	ἠλακάτη	2	exact	ἠλακάτη
tlg0059.tlg030	διαμπερές	2	exact	διαμπερές
tlg0059.tlg030	ἔγκειμαι	2	exact	ἔγκειμαι
tlg0059.tlg030	χεῖλος	2	exact	χεῖλος
tlg0059.tlg030	κύκνος	2	exact	κύκνος
tlg0059.tlg030	χθές	1	exact	χθές
tlg0059.tlg030	ἵημι	1	exact	ἵημι
tlg0059.tlg030	λαμπάς	1	exact	λαμπάς
tlg0059.tlg030	λαμπάδιον	1	exact	λαμπάδιον
tlg0059.tlg030	διαδίδωμι	1	exact	διαδίδωμι
tlg0059.tlg030	ἐξανίστημι	1	exact	ἐξανίστημι
tlg0059.tlg030	δεῖπνον	1	exact	δεῖπνον
tlg0059.tlg030	προσκεφάλαιον	1	exact	προσκεφάλαιον
tlg0059.tlg030	αὐλή	1	exact	αὐλή
tlg0059.tlg030	καθέζομαι	1	exact	καθέζομαι
tlg0059.tlg030	θαμίζω	1	exact	θαμίζω
tlg0059.tlg030	ἀπομαραίνομαι	1	exact	ἀπομαραίνομαι
tlg0059.tlg030	οὐδός	1	exact	οὐδός
tlg0059.tlg030	προπηλάκισις	1	exact	προπηλάκισις
tlg0059.tlg030	πεπονθέω	1	exact	πεπονθέω
tlg0059.tlg030	χαλάω	1	exact	χαλάω
tlg0059.tlg030	παραμύθιον	1	exact	παραμύθιον
tlg0059.tlg030	πάππης	1	exact	πάππης
tlg0059.tlg030	ὁμώνυμος	1	exact	ὁμώνυμος
tlg0059.tlg030	διπλός	1	exact	διπλός
tlg0059.tlg030	φροντίς	1	exact	φροντίς
tlg0059.tlg030	ὑποψία	1	exact	ὑποψία
tlg0059.tlg030	δειμαίνω	1	exact	δειμαίνω
tlg0059.tlg030	ἀτάλλω	1	exact	ἀτάλλω
tlg0059.tlg030	ἀπόδοσις	1	exact	ἀπόδοσις
tlg0059.tlg030	αἰνίζομαι	1	exact	αἰνίζομαι
tlg0059.tlg030	μαγειρικός	1	exact	μαγειρικός
tlg0059.tlg030	προσπολεμέω	1	exact	προσπολεμέω
tlg0059.tlg030	πολεμόω	1	exact	πολεμόω
tlg0059.tlg030	πεσσός	1	exact	πεσσός
tlg0059.tlg030	πλίνθος	1	exact	πλίνθος
tlg0059.tlg030	κροῦμα	1	exact	κροῦμα
tlg0059.tlg030	πλοῖον	1	exact	πλοῖον
tlg0059.tlg030	ναυπηγός	1	exact	ναυπηγός
tlg0059.tlg030	χρῆσις	1	exact	χρῆσις
tlg0059.tlg030	πατάσσω	1	exact	πατάσσω
tlg0059.tlg030	φώρ	1	exact	φώρ
tlg0059.tlg030	καίνυμαι	1	exact	καίνυμαι
tlg0059.tlg030	κλεπτοσύνη	1	exact	κλεπτοσύνη
tlg0059.tlg030	ἄφιππος	1	exact	ἄφιππος
tlg0059.tlg030	ψύχω	1	exact	ψύχω
tlg0059.tlg030	ξηρότης	1	exact	ξηρότης
tlg0059.tlg030	ὑγραίνω	1	exact	ὑγραίνω
tlg0059.tlg030	Βίας	1	exact	Βίας
tlg0059.tlg030	διακούω	1	exact	διακούω
tlg0059.tlg030	διαπαύω	1	exact	διαπαύω
tlg0059.tlg030	συστρέφω	1	exact	συστρέφω
tlg0059.tlg030	διαρπάζω	1	exact	διαρπάζω
tlg0059.tlg030	διαπτοέω	1	exact	διαπτοέω
tlg0059.tlg030	ὕθλος	1	exact	ὕθλος
tlg0059.tlg030	ἄφωνος	1	exact	ἄφωνος
tlg0059.tlg030	ἐξαγριαίνω	1	exact	ἐξαγριαίνω
tlg0059.tlg030	εὕρεσις	1	exact	εὕρεσις
tlg0059.tlg030	ἀνακαγχάζω	1	exact	ἀνακαγχάζω
tlg0059.tlg030	σαρδάνιος	1	exact	σαρδάνιος
tlg0059.tlg030	εἰρωνεία	1	exact	εἰρωνεία
tlg0059.tlg030	εἰρωνεύομαι	1	exact	εἰρωνεύομαι
tlg0059.tlg030	ἑξάκις	1	exact	ἑξάκις
tlg0059.tlg030	τετράκις	1	exact	τετράκις
tlg0059.tlg030	φλυαρέω	1	exact	φλυαρέω
tlg0059.tlg030	παγκρατιαστής	1	exact	παγκρατιαστής
tlg0059.tlg030	βόειος	1	exact	βόειος
tlg0059.tlg030	βδελυρός	1	exact	βδελυρός
tlg0059.tlg030	ἀριστοκρατέομαι	1	exact	ἀριστοκρατέομαι
tlg0059.tlg030	παρανομέω	1	exact	παρανομέω
tlg0059.tlg030	προσθήκη	1	exact	προσθήκη
tlg0059.tlg030	μαρτυρέω	1	exact	μαρτυρέω
tlg0059.tlg030	συκοφάντης	1	exact	συκοφάντης
tlg0059.tlg030	λογιστής	1	exact	λογιστής
tlg0059.tlg030	γραμματιστής	1	exact	γραμματιστής
tlg0059.tlg030	ξυρέω	1	exact	ξυρέω
tlg0059.tlg030	ὑπολογιστέον	1	exact	ὑπολογιστέον
tlg0059.tlg030	συνομολογέω	1	exact	συνομολογέω
tlg0059.tlg030	κορυζάω	1	exact	κορυζάω
tlg0059.tlg030	ἀπομύσσω	1	exact	ἀπομύσσω
tlg0059.tlg030	παχύνω	1	exact	παχύνω
tlg0059.tlg030	διάλυσις	1	exact	διάλυσις
tlg0059.tlg030	ζημιόω	1	exact	ζημιόω
tlg0059.tlg030	ἀνδραποδιστής	1	exact	ἀνδραποδιστής
tlg0059.tlg030	τοιχωρύχος	1	exact	τοιχωρύχος
tlg0059.tlg030	βαλανεύς	1	exact	βαλανεύς
tlg0059.tlg030	πιαίνω	1	exact	πιαίνω
tlg0059.tlg030	δαιτυμών	1	exact	δαιτυμών
tlg0059.tlg030	ἄρνυμαι	1	exact	ἄρνυμαι
tlg0059.tlg030	προίξ	1	exact	προίξ
tlg0059.tlg030	ἀνορθόω	1	exact	ἀνορθόω
tlg0059.tlg030	φιλάργυρος	1	exact	φιλάργυρος
tlg0059.tlg030	εὐπαθέω	1	exact	εὐπαθέω
tlg0059.tlg030	βαλλάντιον	1	exact	βαλλάντιον
tlg0059.tlg030	ἐπίτασις	1	exact	ἐπίτασις
tlg0059.tlg030	ἐρυθριάω	1	exact	ἐρυθριάω
tlg0059.tlg030	δημηγορέω	1	exact	δημηγορέω
tlg0059.tlg030	κατανεύω	1	exact	κατανεύω
tlg0059.tlg030	λῃστής	1	exact	λῃστής
tlg0059.tlg030	ἀπέχθομαι	1	exact	ἀπέχθομαι
tlg0059.tlg030	μάχαιρα	1	exact	μάχαιρα
tlg0059.tlg030	ἄμπελος	1	exact	ἄμπελος
tlg0059.tlg030	κλῆμα	1	exact	κλῆμα
tlg0059.tlg030	σμίλη	1	exact	σμίλη
tlg0059.tlg030	τυφλότης	1	exact	τυφλότης
tlg0059.tlg030	ἀποδέω	1	exact	ἀποδέω
tlg0059.tlg030	ἀπογεύω	1	exact	ἀπογεύω
tlg0059.tlg030	διάλογος	1	exact	διάλογος
tlg0059.tlg030	ἀπόρρησις	1	exact	ἀπόρρησις
tlg0059.tlg030	ἰάτρευσις	1	exact	ἰάτρευσις
tlg0059.tlg030	ὄφις	1	exact	ὄφις
tlg0059.tlg030	διαθρυλέω	1	exact	διαθρυλέω
tlg0059.tlg030	συνθήκη	1	exact	συνθήκη
tlg0059.tlg030	ἐπίταγμα	1	exact	ἐπίταγμα
tlg0059.tlg030	ἀρρωστία	1	exact	ἀρρωστία
tlg0059.tlg030	αὐτόφωρος	1	exact	αὐτόφωρος
tlg0059.tlg030	περιαιρέω	1	exact	περιαιρέω
tlg0059.tlg030	ἀφανής	1	exact	ἀφανής
tlg0059.tlg030	ἐπιψηλαφάω	1	exact	ἐπιψηλαφάω
tlg0059.tlg030	ἀποπειράομαι	1	exact	ἀποπειράομαι
tlg0059.tlg030	μοιχεύω	1	exact	μοιχεύω
tlg0059.tlg030	διάστασις	1	exact	διάστασις
tlg0059.tlg030	ἱστάω	1	exact	ἱστάω
tlg0059.tlg030	ποιητέος	1	exact	ποιητέος
tlg0059.tlg030	τέγγω	1	exact	τέγγω
tlg0059.tlg030	κακοδοξία	1	exact	κακοδοξία
tlg0059.tlg030	δέομαι	1	exact	δέομαι
tlg0059.tlg030	βαθύς	1	exact	βαθύς
tlg0059.tlg030	αὖλαξ	1	exact	αὖλαξ
tlg0059.tlg030	κεδνός	1	exact	κεδνός
tlg0059.tlg030	περιγίγνομαι	1	exact	περιγίγνομαι
tlg0059.tlg030	ἀνατίθημι	1	exact	ἀνατίθημι
tlg0059.tlg030	καταπαλαίω	1	exact	καταπαλαίω
tlg0059.tlg030	βάλανος	1	exact	βάλανος
tlg0059.tlg030	μέλισσα	1	exact	μέλισσα
tlg0059.tlg030	εἰροπόκος	1	exact	εἰροπόκος
tlg0059.tlg030	ὄις	1	exact	ὄις
tlg0059.tlg030	μαλλός	1	exact	μαλλός
tlg0059.tlg030	ἀμύμων	1	exact	ἀμύμων
tlg0059.tlg030	θεουδής	1	exact	θεουδής
tlg0059.tlg030	εὐδικία	1	exact	εὐδικία
tlg0059.tlg030	βρίθω	1	exact	βρίθω
tlg0059.tlg030	ἔμπεδος	1	exact	ἔμπεδος
tlg0059.tlg030	μῆλον	1	exact	μῆλον
tlg0059.tlg030	συμπόσιον	1	exact	συμπόσιον
tlg0059.tlg030	αἰώνιος	1	exact	αἰώνιος
tlg0059.tlg030	κατόπισθεν	1	exact	κατόπισθεν
tlg0059.tlg030	εὔορκος	1	exact	εὔορκος
tlg0059.tlg030	πηλός	1	exact	πηλός
tlg0059.tlg030	κόσκινον	1	exact	κόσκινον
tlg0059.tlg030	τιμώρημα	1	exact	τιμώρημα
tlg0059.tlg030	δυστυχία	1	exact	δυστυχία
tlg0059.tlg030	ἀγύρτης	1	exact	ἀγύρτης
tlg0059.tlg030	ἀκέομαι	1	exact	ἀκέομαι
tlg0059.tlg030	πημαίνω	1	exact	πημαίνω
tlg0059.tlg030	ἐπαγωγή	1	exact	ἐπαγωγή
tlg0059.tlg030	εὐπέτεια	1	exact	εὐπέτεια
tlg0059.tlg030	κακότης	1	exact	κακότης
tlg0059.tlg030	ἰλαδόν	1	exact	ἰλαδόν
tlg0059.tlg030	ἐγγύθι	1	exact	ἐγγύθι
tlg0059.tlg030	ναίω	1	exact	ναίω
tlg0059.tlg030	προπάροιθε	1	exact	προπάροιθε
tlg0059.tlg030	παραγωγή	1	exact	παραγωγή
tlg0059.tlg030	μαρτύρομαι	1	exact	μαρτύρομαι
tlg0059.tlg030	λιστός	1	exact	λιστός
tlg0059.tlg030	λοιβή	1	exact	λοιβή
tlg0059.tlg030	κνῖσα	1	exact	κνῖσα
tlg0059.tlg030	παρατρωπάω	1	exact	παρατρωπάω
tlg0059.tlg030	βίβλος	1	exact	βίβλος
tlg0059.tlg030	ὅμαδος	1	exact	ὅμαδος
tlg0059.tlg030	θυηπολέω	1	exact	θυηπολέω
tlg0059.tlg030	περιφράσσω	1	exact	περιφράσσω
tlg0059.tlg030	διαβιόω	1	exact	διαβιόω
tlg0059.tlg030	τρεπτέον	1	exact	τρεπτέον
tlg0059.tlg030	πρόθυρον	1	exact	πρόθυρον
tlg0059.tlg030	ἀλώπηξ	1	exact	ἀλώπηξ
tlg0059.tlg030	ἐξόπιθεν	1	exact	ἐξόπιθεν
tlg0059.tlg030	συνωμοσία	1	exact	συνωμοσία
tlg0059.tlg030	δημηγορικός	1	exact	δημηγορικός
tlg0059.tlg030	γενεαλογέω	1	exact	γενεαλογέω
tlg0059.tlg030	θυτέον	1	exact	θυτέον
tlg0059.tlg030	λύσιος	1	exact	λύσιος
tlg0059.tlg030	σύνοικος	1	exact	σύνοικος
tlg0059.tlg030	ἑκατέρωθεν	1	exact	ἑκατέρωθεν
tlg0059.tlg030	γόνιμος	1	exact	γόνιμος
tlg0059.tlg030	ἥδομαι	1	exact	ἥδομαι
tlg0059.tlg030	ἐλεγεῖον	1	exact	ἐλεγεῖον
tlg0059.tlg030	κλεινός	1	exact	κλεινός
tlg0059.tlg030	ἐμπνέω	1	exact	ἐμπνέω
tlg0059.tlg030	διερευνάω	1	exact	διερευνάω
tlg0059.tlg030	ἕρμαιον	1	exact	ἕρμαιον
tlg0059.tlg030	συνοικία	1	exact	συνοικία
tlg0059.tlg030	χρεώ	1	exact	χρεώ
tlg0059.tlg030	ἐσθής	1	exact	ἐσθής
tlg0059.tlg030	κατατίθημι	1	exact	κατατίθημι
tlg0059.tlg030	τετραπλάσιος	1	exact	τετραπλάσιος
tlg0059.tlg030	ἄροτρον	1	exact	ἄροτρον
tlg0059.tlg030	σμινύη	1	exact	σμινύη
tlg0059.tlg030	πολίχνιον	1	exact	πολίχνιον
tlg0059.tlg030	ὑποζύγιον	1	exact	ὑποζύγιον
tlg0059.tlg030	δέρμα	1	exact	δέρμα
tlg0059.tlg030	ἄπειμι	1	exact	ἄπειμι
tlg0059.tlg030	ἐμπορία	1	exact	ἐμπορία
tlg0059.tlg030	σύμβολον	1	exact	σύμβολον
tlg0059.tlg030	ἀλλαγή	1	exact	ἀλλαγή
tlg0059.tlg030	ἀχρεῖος	1	exact	ἀχρεῖος
tlg0059.tlg030	πλανήτης	1	exact	πλανήτης
tlg0059.tlg030	ἀξιοκοινώνητος	1	exact	ἀξιοκοινώνητος
tlg0059.tlg030	πλήρωμα	1	exact	πλήρωμα
tlg0059.tlg030	ἀνυπόδητος	1	exact	ἀνυπόδητος
tlg0059.tlg030	ἀμφιέννυμι	1	exact	ἀμφιέννυμι
tlg0059.tlg030	ὑποδέω	1	exact	ὑποδέω
tlg0059.tlg030	ἄλευρον	1	exact	ἄλευρον
tlg0059.tlg030	πέσσω	1	exact	πέσσω
tlg0059.tlg030	μάσσω	1	exact	μάσσω
tlg0059.tlg030	μᾶζα	1	exact	μᾶζα
tlg0059.tlg030	ἄρτος	1	exact	ἄρτος
tlg0059.tlg030	κάλαμος	1	exact	κάλαμος
tlg0059.tlg030	φύλλον	1	exact	φύλλον
tlg0059.tlg030	στιβάς	1	exact	στιβάς
tlg0059.tlg030	σμῖλαξ	1	exact	σμῖλαξ
tlg0059.tlg030	μυρσίνη	1	exact	μυρσίνη
tlg0059.tlg030	ἐπιπίνω	1	exact	ἐπιπίνω
tlg0059.tlg030	ἑστιόομαι	1	exact	ἑστιόομαι
tlg0059.tlg030	ἐλαία	1	exact	ἐλαία
tlg0059.tlg030	βολβός	1	exact	βολβός
tlg0059.tlg030	λάχανον	1	exact	λάχανον
tlg0059.tlg030	ἕψω	1	exact	ἕψω
tlg0059.tlg030	παραθέω	1	exact	παραθέω
tlg0059.tlg030	σῦκον	1	exact	σῦκον
tlg0059.tlg030	ἐρέβινθος	1	exact	ἐρέβινθος
tlg0059.tlg030	κύαμος	1	exact	κύαμος
tlg0059.tlg030	μύρτον	1	exact	μύρτον
tlg0059.tlg030	φηγός	1	exact	φηγός
tlg0059.tlg030	σποδίζω	1	exact	σποδίζω
tlg0059.tlg030	ὑποπίνω	1	exact	ὑποπίνω
tlg0059.tlg030	γηραιός	1	exact	γηραιός
tlg0059.tlg030	ταλαιπωρέω	1	exact	ταλαιπωρέω
tlg0059.tlg030	δειπνέω	1	exact	δειπνέω
tlg0059.tlg030	φλεγμαίνω	1	exact	φλεγμαίνω
tlg0059.tlg030	ζωγραφία	1	exact	ζωγραφία
tlg0059.tlg030	κινητέος	1	exact	κινητέος
tlg0059.tlg030	ἐλέφας	1	exact	ἐλέφας
tlg0059.tlg030	κτητέος	1	exact	κτητέος
tlg0059.tlg030	θηρευτής	1	exact	θηρευτής
tlg0059.tlg030	χορευτής	1	exact	χορευτής
tlg0059.tlg030	ἐργολάβος	1	exact	ἐργολάβος
tlg0059.tlg030	τιτθός	1	exact	τιτθός
tlg0059.tlg030	κομμώτρια	1	exact	κομμώτρια
tlg0059.tlg030	ὀψοποιός	1	exact	ὀψοποιός
tlg0059.tlg030	μάγειρος	1	exact	μάγειρος
tlg0059.tlg030	συβώτης	1	exact	συβώτης
tlg0059.tlg030	διαμαχέω	1	exact	διαμαχέω
tlg0059.tlg030	ἀγωνιστής	1	exact	ἀγωνιστής
tlg0059.tlg030	ἀποδειλιατέον	1	exact	ἀποδειλιατέον
tlg0059.tlg030	παρείκω	1	exact	παρείκω
tlg0059.tlg030	εὐγενής	1	exact	εὐγενής
tlg0059.tlg030	ἀνίκητος	1	exact	ἀνίκητος
tlg0059.tlg030	ἄφοβος	1	exact	ἄφοβος
tlg0059.tlg030	ἀήσσητος	1	exact	ἀήσσητος
tlg0059.tlg030	προπάσχω	1	exact	προπάσχω
tlg0059.tlg030	σύνεσις	1	exact	σύνεσις
tlg0059.tlg030	ἐνσημαίνομαι	1	exact	ἐνσημαίνομαι
tlg0059.tlg030	χοῖρος	1	exact	χοῖρος
tlg0059.tlg030	θῦμα	1	exact	θῦμα
tlg0059.tlg030	λογοποιέω	1	exact	λογοποιέω
tlg0059.tlg030	θεομαχία	1	exact	θεομαχία
tlg0059.tlg030	δυσέκνιπτος	1	exact	δυσέκνιπτος
tlg0059.tlg030	ἐπιτρεπτέον	1	exact	ἐπιτρεπτέον
tlg0059.tlg030	εὐπραγία	1	exact	εὐπραγία
tlg0059.tlg030	αἰτιατέον	1	exact	αἰτιατέον
tlg0059.tlg030	δοιοί	1	exact	δοιοί
tlg0059.tlg030	πίθος	1	exact	πίθος
tlg0059.tlg030	οὖδας	1	exact	οὖδας
tlg0059.tlg030	κήρα	1	exact	κήρα
tlg0059.tlg030	βούβρωστις	1	exact	βούβρωστις
tlg0059.tlg030	δῖος	1	exact	δῖος
tlg0059.tlg030	ταμίας	1	exact	ταμίας
tlg0059.tlg030	τεύχω	1	exact	τεύχω
tlg0059.tlg030	σπονδή	1	exact	σπονδή
tlg0059.tlg030	σύγχυσις	1	exact	σύγχυσις
tlg0059.tlg030	κακόω	1	exact	κακόω
tlg0059.tlg030	παμπήδην	1	exact	παμπήδην
tlg0059.tlg030	ἐξευρετέος	1	exact	ἐξευρετέος
tlg0059.tlg030	κόλασις	1	exact	κόλασις
tlg0059.tlg030	διαμαχετέον	1	exact	διαμαχετέον
tlg0059.tlg030	σύμψηφος	1	exact	σύμψηφος
tlg0059.tlg030	ἀμφίεσμα	1	exact	ἀμφίεσμα
tlg0059.tlg030	ἀλλοδαπός	1	exact	ἀλλοδαπός
tlg0059.tlg030	ἐπιστρωφάω	1	exact	ἐπιστρωφάω
tlg0059.tlg030	Πρωτεύς	1	exact	Πρωτεύς
tlg0059.tlg030	βιόδωρος	1	exact	βιόδωρος
tlg0059.tlg030	ἰνδάλλομαι	1	exact	ἰνδάλλομαι
tlg0059.tlg030	βλασφημέω	1	exact	βλασφημέω
tlg0059.tlg030	ἀποτροπή	1	exact	ἀποτροπή
tlg0059.tlg030	δαιμόνιον	1	exact	δαιμόνιον
tlg0059.tlg030	φαντασία	1	exact	φαντασία
tlg0059.tlg030	ἐνδατέομαι	1	exact	ἐνδατέομαι
tlg0059.tlg030	εὐπαιδία	1	exact	εὐπαιδία
tlg0059.tlg030	μακραίων	1	exact	μακραίων
tlg0059.tlg030	ἐπευφημέω	1	exact	ἐπευφημέω
tlg0059.tlg030	εὐθυμέω	1	exact	εὐθυμέω
tlg0059.tlg030	μαντικός	1	exact	μαντικός
tlg0059.tlg030	βρύον	1	exact	βρύον
tlg0059.tlg030	θοίνη	1	exact	θοίνη
tlg0059.tlg030	κτείνω	1	exact	κτείνω
tlg0059.tlg030	θεοσεβής	1	exact	θεοσεβής
tlg0059.tlg030	ἧσσα	1	exact	ἧσσα
tlg0059.tlg030	μάχιμος	1	exact	μάχιμος
tlg0059.tlg030	βίοτος	1	exact	βίοτος
tlg0059.tlg030	νέκυς	1	exact	νέκυς
tlg0059.tlg030	οἰκίον	1	exact	οἰκίον
tlg0059.tlg030	σμερδαλέος	1	exact	σμερδαλέος
tlg0059.tlg030	εὐρώεις	1	exact	εὐρώεις
tlg0059.tlg030	στυγέω	1	exact	στυγέω
tlg0059.tlg030	δόμος	1	exact	δόμος
tlg0059.tlg030	πάμπαν	1	exact	πάμπαν
tlg0059.tlg030	οἶος	1	exact	οἶος
tlg0059.tlg030	ῥέθος	1	exact	ῥέθος
tlg0059.tlg030	βαίνω	1	exact	βαίνω
tlg0059.tlg030	γοάω	1	exact	γοάω
tlg0059.tlg030	λιπάω	1	exact	λιπάω
tlg0059.tlg030	ἀνδρότης	1	exact	ἀνδρότης
tlg0059.tlg030	ἥβη	1	exact	ἥβη
tlg0059.tlg030	μυχός	1	exact	μυχός
tlg0059.tlg030	ἄντρον	1	exact	ἄντρον
tlg0059.tlg030	ποτάομαι	1	exact	ποτάομαι
tlg0059.tlg030	ἀποπίπτω	1	exact	ἀποπίπτω
tlg0059.tlg030	ὁρμαθός	1	exact	ὁρμαθός
tlg0059.tlg030	παραιτέομαι	1	exact	παραιτέομαι
tlg0059.tlg030	φρίσσω	1	exact	φρίσσω
tlg0059.tlg030	φρίκη	1	exact	φρίκη
tlg0059.tlg030	οἶκτος	1	exact	οἶκτος
tlg0059.tlg030	πλευρά	1	exact	πλευρά
tlg0059.tlg030	αὖτε	1	exact	αὖτε
tlg0059.tlg030	πρηνής	1	exact	πρηνής
tlg0059.tlg030	ἀλύω	1	exact	ἀλύω
tlg0059.tlg030	θίς	1	exact	θίς
tlg0059.tlg030	ἀτρύγετος	1	exact	ἀτρύγετος
tlg0059.tlg030	αἰθαλόεις	1	exact	αἰθαλόεις
tlg0059.tlg030	χέω	1	exact	χέω
tlg0059.tlg030	λιτανεύω	1	exact	λιτανεύω
tlg0059.tlg030	κυλίνδω	1	exact	κυλίνδω
tlg0059.tlg030	κόπρος	1	exact	κόπρος
tlg0059.tlg030	ἐξονομακλήδην	1	exact	ἐξονομακλήδην
tlg0059.tlg030	δυσαριστοτόκεια	1	exact	δυσαριστοτόκεια
tlg0059.tlg030	ἦτορ	1	exact	ἦτορ
tlg0059.tlg030	δαμάζω	1	exact	δαμάζω
tlg0059.tlg030	φιλόγελως	1	exact	φιλόγελως
tlg0059.tlg030	ἄσβεστος	1	exact	ἄσβεστος
tlg0059.tlg030	ἐνόρνυμι	1	exact	ἐνόρνυμι
tlg0059.tlg030	ποιπνύω	1	exact	ποιπνύω
tlg0059.tlg030	συνναύτης	1	exact	συνναύτης
tlg0059.tlg030	ἰατήρ	1	exact	ἰατήρ
tlg0059.tlg030	δόρυ	1	exact	δόρυ
tlg0059.tlg030	ὀλέθριος	1	exact	ὀλέθριος
tlg0059.tlg030	νεανίης	1	exact	νεανίης
tlg0059.tlg030	τέττα	1	exact	τέττα
tlg0059.tlg030	σιωπή	1	exact	σιωπή
tlg0059.tlg030	ἧμαι	1	exact	ἧμαι
tlg0059.tlg030	ἐπιπείθομαι	1	exact	ἐπιπείθομαι
tlg0059.tlg030	μένος	1	exact	μένος
tlg0059.tlg030	σημάντωρ	1	exact	σημάντωρ
tlg0059.tlg030	οἰνοβαρής	1	exact	οἰνοβαρής
tlg0059.tlg030	ἔλαφος	1	exact	ἔλαφος
tlg0059.tlg030	νεανίευμα	1	exact	νεανίευμα
tlg0059.tlg030	μέθυ	1	exact	μέθυ
tlg0059.tlg030	κρατήρ	1	exact	κρατήρ
tlg0059.tlg030	ἀφύσσω	1	exact	ἀφύσσω
tlg0059.tlg030	φορέω	1	exact	φορέω
tlg0059.tlg030	ἐγχέω	1	exact	ἐγχέω
tlg0059.tlg030	οἰκτρός	1	exact	οἰκτρός
tlg0059.tlg030	δωμάτιον	1	exact	δωμάτιον
tlg0059.tlg030	τοκεύς	1	exact	τοκεύς
tlg0059.tlg030	Ἄρης	1	exact	Ἄρης
tlg0059.tlg030	καρτερία	1	exact	καρτερία
tlg0059.tlg030	στῆθος	1	exact	στῆθος
tlg0059.tlg030	ἐνίπτω	1	exact	ἐνίπτω
tlg0059.tlg030	κύντερος	1	exact	κύντερος
tlg0059.tlg030	δωροδόκος	1	exact	δωροδόκος
tlg0059.tlg030	αἰδοῖος	1	exact	αἰδοῖος
tlg0059.tlg030	ἐπαινετέον	1	exact	ἐπαινετέον
tlg0059.tlg030	μῆνις	1	exact	μῆνις
tlg0059.tlg030	ὀλοός	1	exact	ὀλοός
tlg0059.tlg030	ἀπειθής	1	exact	ἀπειθής
tlg0059.tlg030	θρίξ	1	exact	θρίξ
tlg0059.tlg030	κόμη	1	exact	κόμη
tlg0059.tlg030	ὀπάζω	1	exact	ὀπάζω
tlg0059.tlg030	ἕλξις	1	exact	ἕλξις
tlg0059.tlg030	σῆμα	1	exact	σῆμα
tlg0059.tlg030	ζωγρέω	1	exact	ζωγρέω
tlg0059.tlg030	Χείρων	1	exact	Χείρων
tlg0059.tlg030	φιλοχρηματία	1	exact	φιλοχρηματία
tlg0059.tlg030	ὑπερηφανία	1	exact	ὑπερηφανία
tlg0059.tlg030	ἀσεβής	1	exact	ἀσεβής
tlg0059.tlg030	πάγος	1	exact	πάγος
tlg0059.tlg030	βωμός	1	exact	βωμός
tlg0059.tlg030	αἰθήρ	1	exact	αἰθήρ
tlg0059.tlg030	παυστέον	1	exact	παυστέον
tlg0059.tlg030	λογοποιός	1	exact	λογοποιός
tlg0059.tlg030	ἀπεράω	1	exact	ἀπεράω
tlg0059.tlg030	κοσμήτωρ	1	exact	κοσμήτωρ
tlg0059.tlg030	μηδαμοῦ	1	exact	μηδαμοῦ
tlg0059.tlg030	λύτρον	1	exact	λύτρον
tlg0059.tlg030	ἱκέτης	1	exact	ἱκέτης
tlg0059.tlg030	ἄποινα	1	exact	ἄποινα
tlg0059.tlg030	σέβω	1	exact	σέβω
tlg0059.tlg030	συναινέω	1	exact	συναινέω
tlg0059.tlg030	ἐντέλλω	1	exact	ἐντέλλω
tlg0059.tlg030	σκῆπτρον	1	exact	σκῆπτρον
tlg0059.tlg030	ἐπαρκέω	1	exact	ἐπαρκέω
tlg0059.tlg030	Ἄργος	1	exact	Ἄργος
tlg0059.tlg030	ἀποχωρέω	1	exact	ἀποχωρέω
tlg0059.tlg030	ἐπωνυμία	1	exact	ἐπωνυμία
tlg0059.tlg030	οἰκοδόμησις	1	exact	οἰκοδόμησις
tlg0059.tlg030	δωρέω	1	exact	δωρέω
tlg0059.tlg030	δάκρυον	1	exact	δάκρυον
tlg0059.tlg030	βέλος	1	exact	βέλος
tlg0059.tlg030	ἀμοιβαῖος	1	exact	ἀμοιβαῖος
tlg0059.tlg030	ἀπαγγελία	1	exact	ἀπαγγελία
tlg0059.tlg030	διθύραμβος	1	exact	διθύραμβος
tlg0059.tlg030	κωμῳδός	1	exact	κωμῳδός
tlg0059.tlg030	τραγῳδός	1	exact	τραγῳδός
tlg0059.tlg030	κατακερματίζω	1	exact	κατακερματίζω
tlg0059.tlg030	ἀφομοίωμα	1	exact	ἀφομοίωμα
tlg0059.tlg030	μεγαλαυχέω	1	exact	μεγαλαυχέω
tlg0059.tlg030	αἰσχρολογέω	1	exact	αἰσχρολογέω
tlg0059.tlg030	νήφω	1	exact	νήφω
tlg0059.tlg030	γνωστέος	1	exact	γνωστέος
tlg0059.tlg030	χαλκεύω	1	exact	χαλκεύω
tlg0059.tlg030	χρεμετίζω	1	exact	χρεμετίζω
tlg0059.tlg030	ταῦρος	1	exact	ταῦρος
tlg0059.tlg030	ψοφέω	1	exact	ψοφέω
tlg0059.tlg030	κτυπέω	1	exact	κτυπέω
tlg0059.tlg030	ἐκμάσσω	1	exact	ἐκμάσσω
tlg0059.tlg030	ἐνίστημι	1	exact	ἐνίστημι
tlg0059.tlg030	χάλαζα	1	exact	χάλαζα
tlg0059.tlg030	ἄξων	1	exact	ἄξων
tlg0059.tlg030	τροχιλία	1	exact	τροχιλία
tlg0059.tlg030	σάλπιγξ	1	exact	σάλπιγξ
tlg0059.tlg030	σῦριγξ	1	exact	σῦριγξ
tlg0059.tlg030	ὄρνεον	1	exact	ὄρνεον
tlg0059.tlg030	πολλαπλόος	1	exact	πολλαπλόος
tlg0059.tlg030	στέφω	1	exact	στέφω
tlg0059.tlg030	αὐστηρός	1	exact	αὐστηρός
tlg0059.tlg030	ἐπιγελάω	1	exact	ἐπιγελάω
tlg0059.tlg030	σύγκειμαι	1	exact	σύγκειμαι
tlg0059.tlg030	μιξολυδιστί	1	exact	μιξολυδιστί
tlg0059.tlg030	ἀπρεπής	1	exact	ἀπρεπής
tlg0059.tlg030	συμποτικός	1	exact	συμποτικός
tlg0059.tlg030	Ἰαστί	1	exact	Ἰαστί
tlg0059.tlg030	Λυδιστί	1	exact	Λυδιστί
tlg0059.tlg030	χαλαρός	1	exact	χαλαρός
tlg0059.tlg030	Δωριστί	1	exact	Δωριστί
tlg0059.tlg030	Φρυγιστί	1	exact	Φρυγιστί
tlg0059.tlg030	πρεπόντως	1	exact	πρεπόντως
tlg0059.tlg030	προσῳδία	1	exact	προσῳδία
tlg0059.tlg030	εἰρηνικός	1	exact	εἰρηνικός
tlg0059.tlg030	νουθέτησις	1	exact	νουθέτησις
tlg0059.tlg030	ὑπερήφανος	1	exact	ὑπερήφανος
tlg0059.tlg030	δυστυχέω	1	exact	δυστυχέω
tlg0059.tlg030	εὐτυχέω	1	exact	εὐτυχέω
tlg0059.tlg030	κιθάρα	1	exact	κιθάρα
tlg0059.tlg030	πλέκω	1	exact	πλέκω
tlg0059.tlg030	ἐνόπλιος	1	exact	ἐνόπλιος
tlg0059.tlg030	ἡρῷον	1	exact	ἡρῷον
tlg0059.tlg030	διακοσμέω	1	exact	διακοσμέω
tlg0059.tlg030	ἴαμβος	1	exact	ἴαμβος
tlg0059.tlg030	τροχαῖος	1	exact	τροχαῖος
tlg0059.tlg030	βραχύτης	1	exact	βραχύτης
tlg0059.tlg030	εὐλογία	1	exact	εὐλογία
tlg0059.tlg030	διωκτέος	1	exact	διωκτέος
tlg0059.tlg030	οἰκοδομία	1	exact	οἰκοδομία
tlg0059.tlg030	ἀναρμοστία	1	exact	ἀναρμοστία
tlg0059.tlg030	κακολογία	1	exact	κακολογία
tlg0059.tlg030	προσαναγκαστέον	1	exact	προσαναγκαστέον
tlg0059.tlg030	κακοήθης	1	exact	κακοήθης
tlg0059.tlg030	ἄσχημος	1	exact	ἄσχημος
tlg0059.tlg030	ἐατέος	1	exact	ἐατέος
tlg0059.tlg030	ἰχνεύω	1	exact	ἰχνεύω
tlg0059.tlg030	προσβάλλω	1	exact	προσβάλλω
tlg0059.tlg030	αὔρα	1	exact	αὔρα
tlg0059.tlg030	στοιχεῖον	1	exact	στοιχεῖον
tlg0059.tlg030	γραμματικός	1	exact	γραμματικός
tlg0059.tlg030	ἐλευθεριότης	1	exact	ἐλευθεριότης
tlg0059.tlg030	ἐράσμιος	1	exact	ἐράσμιος
tlg0059.tlg030	ἀσύμφωνος	1	exact	ἀσύμφωνος
tlg0059.tlg030	ἔκφρων	1	exact	ἔκφρων
tlg0059.tlg030	ἀμουσία	1	exact	ἀμουσία
tlg0059.tlg030	ὑπέχω	1	exact	ὑπέχω
tlg0059.tlg030	θρεπτέος	1	exact	θρεπτέος
tlg0059.tlg030	ὑφηγέομαι	1	exact	ὑφηγέομαι
tlg0059.tlg030	ὑπνώδης	1	exact	ὑπνώδης
tlg0059.tlg030	ἀκροσφαλής	1	exact	ἀκροσφαλής
tlg0059.tlg030	ἑφθός	1	exact	ἑφθός
tlg0059.tlg030	ὀπτός	1	exact	ὀπτός
tlg0059.tlg030	συμπεριφέρω	1	exact	συμπεριφέρω
tlg0059.tlg030	αἰνέω	1	exact	αἰνέω
tlg0059.tlg030	Κορίνθιος	1	exact	Κορίνθιος
tlg0059.tlg030	σίτησις	1	exact	σίτησις
tlg0059.tlg030	μελοποιία	1	exact	μελοποιία
tlg0059.tlg030	ἁπλότης	1	exact	ἁπλότης
tlg0059.tlg030	πληθύω	1	exact	πληθύω
tlg0059.tlg030	ἰατρεῖον	1	exact	ἰατρεῖον
tlg0059.tlg030	ἀνοίγνυμι	1	exact	ἀνοίγνυμι
tlg0059.tlg030	κατατρίβω	1	exact	κατατρίβω
tlg0059.tlg030	στροφή	1	exact	στροφή
tlg0059.tlg030	διέξοδος	1	exact	διέξοδος
tlg0059.tlg030	λυγίζω	1	exact	λυγίζω
tlg0059.tlg030	νυστάζω	1	exact	νυστάζω
tlg0059.tlg030	ἐπιπίπτω	1	exact	ἐπιπίπτω
tlg0059.tlg030	λίμνη	1	exact	λίμνη
tlg0059.tlg030	φῦσα	1	exact	φῦσα
tlg0059.tlg030	κατάρροος	1	exact	κατάρροος
tlg0059.tlg030	Πράμνειος	1	exact	Πράμνειος
tlg0059.tlg030	ἐπιπάσσω	1	exact	ἐπιπάσσω
tlg0059.tlg030	φλεγματώδης	1	exact	φλεγματώδης
tlg0059.tlg030	ἐπιτιμάω	1	exact	ἐπιτιμάω
tlg0059.tlg030	παρακολουθέω	1	exact	παρακολουθέω
tlg0059.tlg030	ἀσχολία	1	exact	ἀσχολία
tlg0059.tlg030	δυσθανατέω	1	exact	δυσθανατέω
tlg0059.tlg030	ἐξεμέω	1	exact	ἐξεμέω
tlg0059.tlg030	πιλίδιον	1	exact	πιλίδιον
tlg0059.tlg030	ὑποφέρω	1	exact	ὑποφέρω
tlg0059.tlg030	μελετητέος	1	exact	μελετητέος
tlg0059.tlg030	πρόσεξις	1	exact	πρόσεξις
tlg0059.tlg030	παρακέλευμα	1	exact	παρακέλευμα
tlg0059.tlg030	ἐμποδίζω	1	exact	ἐμποδίζω
tlg0059.tlg030	ἑδραῖος	1	exact	ἑδραῖος
tlg0059.tlg030	δύσκολος	1	exact	δύσκολος
tlg0059.tlg030	ἐννόησις	1	exact	ἐννόησις
tlg0059.tlg030	διάτασις	1	exact	διάτασις
tlg0059.tlg030	ἴλιγγος	1	exact	ἴλιγγος
tlg0059.tlg030	ἀπαντλέω	1	exact	ἀπαντλέω
tlg0059.tlg030	ἐπιχέω	1	exact	ἐπιχέω
tlg0059.tlg030	ἐκμυζάω	1	exact	ἐκμυζάω
tlg0059.tlg030	ἤπιος	1	exact	ἤπιος
tlg0059.tlg030	κυκεών	1	exact	κυκεών
tlg0059.tlg030	κεραυνόω	1	exact	κεραυνόω
tlg0059.tlg030	εὐεξαπάτητος	1	exact	εὐεξαπάτητος
tlg0059.tlg030	ὁμοιοπαθής	1	exact	ὁμοιοπαθής
tlg0059.tlg030	τῷ	1	exact	τῷ
tlg0059.tlg030	ὀψιμαθής	1	exact	ὀψιμαθής
tlg0059.tlg030	καχύποπτος	1	exact	καχύποπτος
tlg0059.tlg030	πάνουργος	1	exact	πάνουργος
tlg0059.tlg030	ἐξευλαβέομαι	1	exact	ἐξευλαβέομαι
tlg0059.tlg030	ἀβέλτερος	1	exact	ἀβέλτερος
tlg0059.tlg030	πλεονάκις	1	exact	πλεονάκις
tlg0059.tlg030	ἡμερότης	1	exact	ἡμερότης
tlg0059.tlg030	μινυρίζω	1	exact	μινυρίζω
tlg0059.tlg030	γανόω	1	exact	γανόω
tlg0059.tlg030	μαλάσσω	1	exact	μαλάσσω
tlg0059.tlg030	ἀνιάω	1	exact	ἀνιάω
tlg0059.tlg030	λείβω	1	exact	λείβω
tlg0059.tlg030	ἐκτήκω	1	exact	ἐκτήκω
tlg0059.tlg030	ἐκτέμνω	1	exact	ἐκτέμνω
tlg0059.tlg030	νεῦρον	1	exact	νεῦρον
tlg0059.tlg030	μαλθακός	1	exact	μαλθακός
tlg0059.tlg030	αἰχμητής	1	exact	αἰχμητής
tlg0059.tlg030	ὀξύρροπος	1	exact	ὀξύρροπος
tlg0059.tlg030	κατασβέννυμι	1	exact	κατασβέννυμι
tlg0059.tlg030	ἀκράχολος	1	exact	ἀκράχολος
tlg0059.tlg030	ὀργίλος	1	exact	ὀργίλος
tlg0059.tlg030	μετίσχω	1	exact	μετίσχω
tlg0059.tlg030	κωφός	1	exact	κωφός
tlg0059.tlg030	μισόλογος	1	exact	μισόλογος
tlg0059.tlg030	σκαιότης	1	exact	σκαιότης
tlg0059.tlg030	ἀχαριστία	1	exact	ἀχαριστία
tlg0059.tlg030	χορεία	1	exact	χορεία
tlg0059.tlg030	θήρα	1	exact	θήρα
tlg0059.tlg030	κυνηγέσιον	1	exact	κυνηγέσιον
tlg0059.tlg030	γυμνικός	1	exact	γυμνικός
tlg0059.tlg030	διαιρετέον	1	exact	διαιρετέον
tlg0059.tlg030	κηδεμών	1	exact	κηδεμών
tlg0059.tlg030	ἐκβολή	1	exact	ἐκβολή
tlg0059.tlg030	μεταμανθάνω	1	exact	μεταμανθάνω
tlg0059.tlg030	στερίσκω	1	exact	στερίσκω
tlg0059.tlg030	δυσεξαπάτητος	1	exact	δυσεξαπάτητος
tlg0059.tlg030	ἅμιλλα	1	exact	ἅμιλλα
tlg0059.tlg030	πῶλος	1	exact	πῶλος
tlg0059.tlg030	κομιστέος	1	exact	κομιστέος
tlg0059.tlg030	μεταβλητέον	1	exact	μεταβλητέον
tlg0059.tlg030	καταστατέον	1	exact	καταστατέον
tlg0059.tlg030	τάφος	1	exact	τάφος
tlg0059.tlg030	Φοινικικός	1	exact	Φοινικικός
tlg0059.tlg030	ὄνειρος	1	exact	ὄνειρος
tlg0059.tlg030	ὑπάργυρος	1	exact	ὑπάργυρος
tlg0059.tlg030	ἐπικουρία	1	exact	ἐπικουρία
tlg0059.tlg030	προάγω	1	exact	προάγω
tlg0059.tlg030	ἀπαμύνω	1	exact	ἀπαμύνω
tlg0059.tlg030	ποίμνη	1	exact	ποίμνη
tlg0059.tlg030	εὐνή	1	exact	εὐνή
tlg0059.tlg030	στρατιωτικός	1	exact	στρατιωτικός
tlg0059.tlg030	περίειμι	1	exact	περίειμι
tlg0059.tlg030	ὄροφος	1	exact	ὄροφος
tlg0059.tlg030	οἰκονόμος	1	exact	οἰκονόμος
tlg0059.tlg030	ξενοδοκέω	1	exact	ξενοδοκέω
tlg0059.tlg030	οἶμος	1	exact	οἶμος
tlg0059.tlg030	ἐναλείφω	1	exact	ἐναλείφω
tlg0059.tlg030	ξυστίς	1	exact	ξυστίς
tlg0059.tlg030	διαπίνω	1	exact	διαπίνω
tlg0059.tlg030	τροχός	1	exact	τροχός
tlg0059.tlg030	παρατίθημι	1	exact	παρατίθημι
tlg0059.tlg030	νευρορράφος	1	exact	νευρορράφος
tlg0059.tlg030	ἄρδην	1	exact	ἄρδην
tlg0059.tlg030	ἑστιάτωρ	1	exact	ἑστιάτωρ
tlg0059.tlg030	ἀμελής	1	exact	ἀμελής
tlg0059.tlg030	ὑποφεύγω	1	exact	ὑποφεύγω
tlg0059.tlg030	ἀναστρέφω	1	exact	ἀναστρέφω
tlg0059.tlg030	κρούω	1	exact	κρούω
tlg0059.tlg030	χειρόω	1	exact	χειρόω
tlg0059.tlg030	συμπολεμέω	1	exact	συμπολεμέω
tlg0059.tlg030	χίλιοι	1	exact	χίλιοι
tlg0059.tlg030	ἡλίκος	1	exact	ἡλίκος
tlg0059.tlg030	πρόσταγμα	1	exact	πρόσταγμα
tlg0059.tlg030	ἐπιμιμνήσκομαι	1	exact	ἐπιμιμνήσκομαι
tlg0059.tlg030	ἅπαξ	1	exact	ἅπαξ
tlg0059.tlg030	ἀνθεκτέον	1	exact	ἀνθεκτέον
tlg0059.tlg030	ἐπιμελητής	1	exact	ἐπιμελητής
tlg0059.tlg030	ἐπιφρονέω	1	exact	ἐπιφρονέω
tlg0059.tlg030	ἀμφιπέλομαι	1	exact	ἀμφιπέλομαι
tlg0059.tlg030	ᾆσμα	1	exact	ᾆσμα
tlg0059.tlg030	φυλακτήριον	1	exact	φυλακτήριον
tlg0059.tlg030	εἰσοικίζω	1	exact	εἰσοικίζω
tlg0059.tlg030	ὑπορρέω	1	exact	ὑπορρέω
tlg0059.tlg030	ἀσέλγεια	1	exact	ἀσέλγεια
tlg0059.tlg030	εὐνομία	1	exact	εὐνομία
tlg0059.tlg030	κατάκλισις	1	exact	κατάκλισις
tlg0059.tlg030	ὑπανάστασις	1	exact	ὑπανάστασις
tlg0059.tlg030	κουρά	1	exact	κουρά
tlg0059.tlg030	ἀμπεχόνη	1	exact	ἀμπεχόνη
tlg0059.tlg030	ὑπόδεσις	1	exact	ὑπόδεσις
tlg0059.tlg030	ἀγοραῖος	1	exact	ἀγοραῖος
tlg0059.tlg030	χειροτεχνικός	1	exact	χειροτεχνικός
tlg0059.tlg030	λοιδορία	1	exact	λοιδορία
tlg0059.tlg030	λῆξις	1	exact	λῆξις
tlg0059.tlg030	λιμήν	1	exact	λιμήν
tlg0059.tlg030	ἀγορανομικός	1	exact	ἀγορανομικός
tlg0059.tlg030	ἀστυνομικός	1	exact	ἀστυνομικός
tlg0059.tlg030	ἀφροδισιάζω	1	exact	ἀφροδισιάζω
tlg0059.tlg030	περίαπτος	1	exact	περίαπτος
tlg0059.tlg030	προαγορεύω	1	exact	προαγορεύω
tlg0059.tlg030	ὑποτρέχω	1	exact	ὑποτρέχω
tlg0059.tlg030	προγιγνώσκω	1	exact	προγιγνώσκω
tlg0059.tlg030	βούλησις	1	exact	βούλησις
tlg0059.tlg030	τετράπηχυς	1	exact	τετράπηχυς
tlg0059.tlg030	πέρας	1	exact	πέρας
tlg0059.tlg030	νομοθέτημα	1	exact	νομοθέτημα
tlg0059.tlg030	ἵδρυσις	1	exact	ἵδρυσις
tlg0059.tlg030	μεταλαγχάνω	1	exact	μεταλαγχάνω
tlg0059.tlg030	ἀποχρώντως	1	exact	ἀποχρώντως
tlg0059.tlg030	βαφεύς	1	exact	βαφεύς
tlg0059.tlg030	ἁλουργός	1	exact	ἁλουργός
tlg0059.tlg030	προπαρασκευάζω	1	exact	προπαρασκευάζω
tlg0059.tlg030	προθεραπεύω	1	exact	προθεραπεύω
tlg0059.tlg030	ἔκπλυτος	1	exact	ἔκπλυτος
tlg0059.tlg030	ἐκπλύνω	1	exact	ἐκπλύνω
tlg0059.tlg030	ἐκκλύζω	1	exact	ἐκκλύζω
tlg0059.tlg030	κονία	1	exact	κονία
tlg0059.tlg030	ἀνδραποδώδης	1	exact	ἀνδραποδώδης
tlg0059.tlg030	προσέοικα	1	exact	προσέοικα
tlg0059.tlg030	συνᾴδω	1	exact	συνᾴδω
tlg0059.tlg030	κυνηγέτης	1	exact	κυνηγέτης
tlg0059.tlg030	θάμνος	1	exact	θάμνος
tlg0059.tlg030	περιίστημι	1	exact	περιίστημι
tlg0059.tlg030	δύσβατος	1	exact	δύσβατος
tlg0059.tlg030	ἐπίσκιος	1	exact	ἐπίσκιος
tlg0059.tlg030	βλακικός	1	exact	βλακικός
tlg0059.tlg030	ὁμοδοξία	1	exact	ὁμοδοξία
tlg0059.tlg030	μεταλλάσσω	1	exact	μεταλλάσσω
tlg0059.tlg030	ἐκτελέω	1	exact	ἐκτελέω
tlg0059.tlg030	ἐπαναφέρω	1	exact	ἐπαναφέρω
tlg0059.tlg030	τρίβω	1	exact	τρίβω
tlg0059.tlg030	πυρεῖον	1	exact	πυρεῖον
tlg0059.tlg030	ἐκλάμπω	1	exact	ἐκλάμπω
tlg0059.tlg030	Σκυθικός	1	exact	Σκυθικός
tlg0059.tlg030	χαριεντίζομαι	1	exact	χαριεντίζομαι
tlg0059.tlg030	στρόβιλος	1	exact	στρόβιλος
tlg0059.tlg030	εὐθυωρία	1	exact	εὐθυωρία
tlg0059.tlg030	ἐγκλίνω	1	exact	ἐγκλίνω
tlg0059.tlg030	μηκύνω	1	exact	μηκύνω
tlg0059.tlg030	ἀβουλέω	1	exact	ἀβουλέω
tlg0059.tlg030	προσπαρέχω	1	exact	προσπαρέχω
tlg0059.tlg030	ψυχρότης	1	exact	ψυχρότης
tlg0059.tlg030	παρουσία	1	exact	παρουσία
tlg0059.tlg030	ἄσκεπτος	1	exact	ἄσκεπτος
tlg0059.tlg030	ἀνθέλκω	1	exact	ἀνθέλκω
tlg0059.tlg030	τοξότης	1	exact	τοξότης
tlg0059.tlg030	τόξον	1	exact	τόξον
tlg0059.tlg030	προσέλκω	1	exact	προσέλκω
tlg0059.tlg030	πτοέω	1	exact	πτοέω
tlg0059.tlg030	βόρειος	1	exact	βόρειος
tlg0059.tlg030	δήμιος	1	exact	δήμιος
tlg0059.tlg030	διέλκω	1	exact	διέλκω
tlg0059.tlg030	προστρέχω	1	exact	προστρέχω
tlg0059.tlg030	ἰδού	1	exact	ἰδού
tlg0059.tlg030	κακοδαίμων	1	exact	κακοδαίμων
tlg0059.tlg030	ἀντιπράσσω	1	exact	ἀντιπράσσω
tlg0059.tlg030	ζέω	1	exact	ζέω
tlg0059.tlg030	διανέω	1	exact	διανέω
tlg0059.tlg030	προμήθεια	1	exact	προμήθεια
tlg0059.tlg030	κρᾶσις	1	exact	κρᾶσις
tlg0059.tlg030	ὁμοδοξέω	1	exact	ὁμοδοξέω
tlg0059.tlg030	ἀπαμβλύνω	1	exact	ἀπαμβλύνω
tlg0059.tlg030	παρακαταθήκη	1	exact	παρακαταθήκη
tlg0059.tlg030	ἱεροσυλία	1	exact	ἱεροσυλία
tlg0059.tlg030	κλοπή	1	exact	κλοπή
tlg0059.tlg030	προδοσία	1	exact	προδοσία
tlg0059.tlg030	μοιχεία	1	exact	μοιχεία
tlg0059.tlg030	ἀθεραπευσία	1	exact	ἀθεραπευσία
tlg0059.tlg030	τεκταίνομαι	1	exact	τεκταίνομαι
tlg0059.tlg030	νεάτη	1	exact	νεάτη
tlg0059.tlg030	ὑπάτη	1	exact	ὑπάτη
tlg0059.tlg030	συμβόλαιος	1	exact	συμβόλαιος
tlg0059.tlg030	συναπεργάζομαι	1	exact	συναπεργάζομαι
tlg0059.tlg030	ἐπανάστασις	1	exact	ἐπανάστασις
tlg0059.tlg030	αἶσχος	1	exact	αἶσχος
tlg0059.tlg030	σκοπιά	1	exact	σκοπιά
tlg0059.tlg030	ἀπωτέρω	1	exact	ἀπωτέρω
tlg0059.tlg030	ἐκτείνω	1	exact	ἐκτείνω
tlg0059.tlg030	προσκύπτω	1	exact	προσκύπτω
tlg0059.tlg030	ἐκκλέπτω	1	exact	ἐκκλέπτω
tlg0059.tlg030	παιδοποιέω	1	exact	παιδοποιέω
tlg0059.tlg030	ἑσμός	1	exact	ἑσμός
tlg0059.tlg030	ἐπεγείρω	1	exact	ἐπεγείρω
tlg0059.tlg030	χρυσοχοέω	1	exact	χρυσοχοέω
tlg0059.tlg030	ἀγνώμων	1	exact	ἀγνώμων
tlg0059.tlg030	δύσνους	1	exact	δύσνους
tlg0059.tlg030	παραθαρσύνω	1	exact	παραθαρσύνω
tlg0059.tlg030	παραμυθία	1	exact	παραμυθία
tlg0059.tlg030	θαρσαλέος	1	exact	θαρσαλέος
tlg0059.tlg030	συνεπισπάω	1	exact	συνεπισπάω
tlg0059.tlg030	φονεύς	1	exact	φονεύς
tlg0059.tlg030	κινδύνευμα	1	exact	κινδύνευμα
tlg0059.tlg030	πλημμελής	1	exact	πλημμελής
tlg0059.tlg030	ἀνάπαλιν	1	exact	ἀνάπαλιν
tlg0059.tlg030	δρᾶμα	1	exact	δρᾶμα
tlg0059.tlg030	φύς	1	exact	φύς
tlg0059.tlg030	οἰκουρέω	1	exact	οἰκουρέω
tlg0059.tlg030	διδακτέον	1	exact	διδακτέον
tlg0059.tlg030	παλαίστρα	1	exact	παλαίστρα
tlg0059.tlg030	ῥυσός	1	exact	ῥυσός
tlg0059.tlg030	φιλογυμναστέω	1	exact	φιλογυμναστέω
tlg0059.tlg030	φοβητέος	1	exact	φοβητέος
tlg0059.tlg030	σκῶμμα	1	exact	σκῶμμα
tlg0059.tlg030	σχέσις	1	exact	σχέσις
tlg0059.tlg030	ὄχησις	1	exact	ὄχησις
tlg0059.tlg030	ἀποδύω	1	exact	ἀποδύω
tlg0059.tlg030	συγκαλύπτω	1	exact	συγκαλύπτω
tlg0059.tlg030	ἐκρέω	1	exact	ἐκρέω
tlg0059.tlg030	ἀνομολογητέον	1	exact	ἀνομολογητέον
tlg0059.tlg030	φιλοπαίσμων	1	exact	φιλοπαίσμων
tlg0059.tlg030	σπουδαστικός	1	exact	σπουδαστικός
tlg0059.tlg030	πολιορκέω	1	exact	πολιορκέω
tlg0059.tlg030	κατοίκισις	1	exact	κατοίκισις
tlg0059.tlg030	ἑρμηνεύω	1	exact	ἑρμηνεύω
tlg0059.tlg030	κολυμβήθρα	1	exact	κολυμβήθρα
tlg0059.tlg030	πέλαγος	1	exact	πέλαγος
tlg0059.tlg030	νέω	1	exact	νέω
tlg0059.tlg030	δελφίς	1	exact	δελφίς
tlg0059.tlg030	ἔξοδος	1	exact	ἔξοδος
tlg0059.tlg030	ἀντιλογικός	1	exact	ἀντιλογικός
tlg0059.tlg030	διάλεκτος	1	exact	διάλεκτος
tlg0059.tlg030	ἀλλοίωσις	1	exact	ἀλλοίωσις
tlg0059.tlg030	ὁμοίωσις	1	exact	ὁμοίωσις
tlg0059.tlg030	ἀφυής	1	exact	ἀφυής
tlg0059.tlg030	εὑρετικός	1	exact	εὑρετικός
tlg0059.tlg030	πόπανον	1	exact	πόπανον
tlg0059.tlg030	διασπείρω	1	exact	διασπείρω
tlg0059.tlg030	ἀπόλεμος	1	exact	ἀπόλεμος
tlg0059.tlg030	ἄριστον	1	exact	ἄριστον
tlg0059.tlg030	φυλακίς	1	exact	φυλακίς
tlg0059.tlg030	ἑορτάζω	1	exact	ἑορτάζω
tlg0059.tlg030	μαλθακίζομαι	1	exact	μαλθακίζομαι
tlg0059.tlg030	συνδιασκοπέω	1	exact	συνδιασκοπέω
tlg0059.tlg030	ἐπιτήκω	1	exact	ἐπιτήκω
tlg0059.tlg030	ἀναμίσγω	1	exact	ἀναμίσγω
tlg0059.tlg030	ἄτακτος	1	exact	ἄτακτος
tlg0059.tlg030	θηρευτικός	1	exact	θηρευτικός
tlg0059.tlg030	γεραιός	1	exact	γεραιός
tlg0059.tlg030	ὑπακούω	1	exact	ὑπακούω
tlg0059.tlg030	φαρμακεύω	1	exact	φαρμακεύω
tlg0059.tlg030	πλειστάκις	1	exact	πλειστάκις
tlg0059.tlg030	νομοθετητέος	1	exact	νομοθετητέος
tlg0059.tlg030	σύνερξις	1	exact	σύνερξις
tlg0059.tlg030	συγκοίμησις	1	exact	συγκοίμησις
tlg0059.tlg030	κατακρύπτω	1	exact	κατακρύπτω
tlg0059.tlg030	σπαργέω	1	exact	σπαργέω
tlg0059.tlg030	γάλα	1	exact	γάλα
tlg0059.tlg030	θηλάζω	1	exact	θηλάζω
tlg0059.tlg030	ἀγρυπνία	1	exact	ἀγρυπνία
tlg0059.tlg030	εἴκοσι	1	exact	εἴκοσι
tlg0059.tlg030	φιτύω	1	exact	φιτύω
tlg0059.tlg030	ἀκράτεια	1	exact	ἀκράτεια
tlg0059.tlg030	συνέρδω	1	exact	συνέρδω
tlg0059.tlg030	ἀνέγγυος	1	exact	ἀνέγγυος
tlg0059.tlg030	ἀνίερος	1	exact	ἀνίερος
tlg0059.tlg030	κύημα	1	exact	κύημα
tlg0059.tlg030	δέκατος	1	exact	δέκατος
tlg0059.tlg030	προσαναιρέω	1	exact	προσαναιρέω
tlg0059.tlg030	ἀναρμοστέω	1	exact	ἀναρμοστέω
tlg0059.tlg030	περιαλγής	1	exact	περιαλγής
tlg0059.tlg030	περιχαρής	1	exact	περιχαρής
tlg0059.tlg030	συναλγέω	1	exact	συναλγέω
tlg0059.tlg030	ῥαίζω	1	exact	ῥαίζω
tlg0059.tlg030	συνήδομαι	1	exact	συνήδομαι
tlg0059.tlg030	συλλυπέω	1	exact	συλλυπέω
tlg0059.tlg030	εὔνομος	1	exact	εὔνομος
tlg0059.tlg030	ὁμολόγημα	1	exact	ὁμολόγημα
tlg0059.tlg030	μισθοδότης	1	exact	μισθοδότης
tlg0059.tlg030	κηδεμονία	1	exact	κηδεμονία
tlg0059.tlg030	συνακολουθέω	1	exact	συνακολουθέω
tlg0059.tlg030	οἰκουμένη	1	exact	οἰκουμένη
tlg0059.tlg030	ὁμοπαθής	1	exact	ὁμοπαθής
tlg0059.tlg030	ἔγκλημα	1	exact	ἔγκλημα
tlg0059.tlg030	διχοστατέω	1	exact	διχοστατέω
tlg0059.tlg030	ἀπρέπεια	1	exact	ἀπρέπεια
tlg0059.tlg030	παιδοτροφία	1	exact	παιδοτροφία
tlg0059.tlg030	ἐξαρνέομαι	1	exact	ἐξαρνέομαι
tlg0059.tlg030	μακαριστός	1	exact	μακαριστός
tlg0059.tlg030	ἀναδέω	1	exact	ἀναδέω
tlg0059.tlg030	ταφή	1	exact	ταφή
tlg0059.tlg030	οἰκειόω	1	exact	οἰκειόω
tlg0059.tlg030	σύμβουλος	1	exact	σύμβουλος
tlg0059.tlg030	ἁδρός	1	exact	ἁδρός
tlg0059.tlg030	ἐπιμελής	1	exact	ἐπιμελής
tlg0059.tlg030	κινδυνευτέος	1	exact	κινδυνευτέος
tlg0059.tlg030	κατορθόω	1	exact	κατορθόω
tlg0059.tlg030	προσμηχανάομαι	1	exact	προσμηχανάομαι
tlg0059.tlg030	ἀσφάλεια	1	exact	ἀσφάλεια
tlg0059.tlg030	ἐπικίνδυνος	1	exact	ἐπικίνδυνος
tlg0059.tlg030	πτερόω	1	exact	πτερόω
tlg0059.tlg030	ἱππεύω	1	exact	ἱππεύω
tlg0059.tlg030	μαχητικός	1	exact	μαχητικός
tlg0059.tlg030	ποδώκης	1	exact	ποδώκης
tlg0059.tlg030	εὐήνιος	1	exact	εὐήνιος
tlg0059.tlg030	κάκη	1	exact	κάκη
tlg0059.tlg030	ἄγρα	1	exact	ἄγρα
tlg0059.tlg030	δεξιόομαι	1	exact	δεξιόομαι
tlg0059.tlg030	διηνεκής	1	exact	διηνεκής
tlg0059.tlg030	γεραίρω	1	exact	γεραίρω
tlg0059.tlg030	ἡβάω	1	exact	ἡβάω
tlg0059.tlg030	ἰδέ	1	exact	ἰδέ
tlg0059.tlg030	ἁγνός	1	exact	ἁγνός
tlg0059.tlg030	ἐπιχθόνιος	1	exact	ἐπιχθόνιος
tlg0059.tlg030	ἀλεξίκακος	1	exact	ἀλεξίκακος
tlg0059.tlg030	μέροψ	1	exact	μέροψ
tlg0059.tlg030	διαπυνθάνομαι	1	exact	διαπυνθάνομαι
tlg0059.tlg030	ἀνδραποδισμός	1	exact	ἀνδραποδισμός
tlg0059.tlg030	σκυλεύω	1	exact	σκυλεύω
tlg0059.tlg030	κυπτάζω	1	exact	κυπτάζω
tlg0059.tlg030	συλάω	1	exact	συλάω
tlg0059.tlg030	ἀποπέτομαι	1	exact	ἀποπέτομαι
tlg0059.tlg030	ἀναίρεσις	1	exact	ἀναίρεσις
tlg0059.tlg030	διακώλυσις	1	exact	διακώλυσις
tlg0059.tlg030	ἀναθέω	1	exact	ἀναθέω
tlg0059.tlg030	μίασμα	1	exact	μίασμα
tlg0059.tlg030	τμῆσις	1	exact	τμῆσις
tlg0059.tlg030	ἔμπρησις	1	exact	ἔμπρησις
tlg0059.tlg030	ἀλιτηριώδης	1	exact	ἀλιτηριώδης
tlg0059.tlg030	φιλέλλην	1	exact	φιλέλλην
tlg0059.tlg030	σωφρονίζω	1	exact	σωφρονίζω
tlg0059.tlg030	σωφρονιστής	1	exact	σωφρονιστής
tlg0059.tlg030	συστρατεύω	1	exact	συστρατεύω
tlg0059.tlg030	καταδρομή	1	exact	καταδρομή
tlg0059.tlg030	στραγγεύομαι	1	exact	στραγγεύομαι
tlg0059.tlg030	τρικυμία	1	exact	τρικυμία
tlg0059.tlg030	παράδοξος	1	exact	παράδοξος
tlg0059.tlg030	μεταπίπτω	1	exact	μεταπίπτω
tlg0059.tlg030	προσεικάζω	1	exact	προσεικάζω
tlg0059.tlg030	ἐκγελάω	1	exact	ἐκγελάω
tlg0059.tlg030	ἀδοξία	1	exact	ἀδοξία
tlg0059.tlg030	παρατυγχάνω	1	exact	παρατυγχάνω
tlg0059.tlg030	τωθάζω	1	exact	τωθάζω
tlg0059.tlg030	διάδηλος	1	exact	διάδηλος
tlg0059.tlg030	ἡγεμονεύω	1	exact	ἡγεμονεύω
tlg0059.tlg030	ἀμνημονέω	1	exact	ἀμνημονέω
tlg0059.tlg030	σιμός	1	exact	σιμός
tlg0059.tlg030	γρυπός	1	exact	γρυπός
tlg0059.tlg030	ὠχρότης	1	exact	ὠχρότης
tlg0059.tlg030	προφασίζομαι	1	exact	προφασίζομαι
tlg0059.tlg030	ἀνθέω	1	exact	ἀνθέω
tlg0059.tlg030	φίλοινος	1	exact	φίλοινος
tlg0059.tlg030	μήπω	1	exact	μήπω
tlg0059.tlg030	δυσχερής	1	exact	δυσχερής
tlg0059.tlg030	ἐπακούω	1	exact	ἐπακούω
tlg0059.tlg030	περιθέω	1	exact	περιθέω
tlg0059.tlg030	κώμη	1	exact	κώμη
tlg0059.tlg030	μαθητικός	1	exact	μαθητικός
tlg0059.tlg030	φιλότεχνος	1	exact	φιλότεχνος
tlg0059.tlg030	πρακτικός	1	exact	πρακτικός
tlg0059.tlg030	ἐπικρύπτω	1	exact	ἐπικρύπτω
tlg0059.tlg030	πλεοναχός	1	exact	πλεοναχός
tlg0059.tlg030	ἄγνωστος	1	exact	ἄγνωστος
tlg0059.tlg030	ἀγνωσία	1	exact	ἀγνωσία
tlg0059.tlg030	αἴνιγμα	1	exact	αἴνιγμα
tlg0059.tlg030	εὐνοῦχος	1	exact	εὐνοῦχος
tlg0059.tlg030	βολή	1	exact	βολή
tlg0059.tlg030	αἰνίσσομαι	1	exact	αἰνίσσομαι
tlg0059.tlg030	προομολογέω	1	exact	προομολογέω
tlg0059.tlg030	πλανητός	1	exact	πλανητός
tlg0059.tlg030	ἀναφέρω	1	exact	ἀναφέρω
tlg0059.tlg030	προέχω	1	exact	προέχω
tlg0059.tlg030	φιλοψευδής	1	exact	φιλοψευδής
tlg0059.tlg030	ἀποχετεύω	1	exact	ἀποχετεύω
tlg0059.tlg030	ἐκλείπω	1	exact	ἐκλείπω
tlg0059.tlg030	πεπλασμένως	1	exact	πεπλασμένως
tlg0059.tlg030	δυσκοινώνητος	1	exact	δυσκοινώνητος
tlg0059.tlg030	ἀνύω	1	exact	ἀνύω
tlg0059.tlg030	λήθη	1	exact	λήθη
tlg0059.tlg030	ἐπιλήσμων	1	exact	ἐπιλήσμων
tlg0059.tlg030	ἐγκρίνω	1	exact	ἐγκρίνω
tlg0059.tlg030	μνημονικός	1	exact	μνημονικός
tlg0059.tlg030	ἀσχήμων	1	exact	ἀσχήμων
tlg0059.tlg030	εὐάγωγος	1	exact	εὐάγωγος
tlg0059.tlg030	σφάλμα	1	exact	σφάλμα
tlg0059.tlg030	πεσσεύω	1	exact	πεσσεύω
tlg0059.tlg030	πεσσεία	1	exact	πεσσεία
tlg0059.tlg030	ἐνδιατρίβω	1	exact	ἐνδιατρίβω
tlg0059.tlg030	ἀλλόκοτος	1	exact	ἀλλόκοτος
tlg0059.tlg030	τραγέλαφος	1	exact	τραγέλαφος
tlg0059.tlg030	ὑπόκωφος	1	exact	ὑπόκωφος
tlg0059.tlg030	περιχέω	1	exact	περιχέω
tlg0059.tlg030	πηδάλιον	1	exact	πηδάλιον
tlg0059.tlg030	ἀδολέσχης	1	exact	ἀδολέσχης
tlg0059.tlg030	πλωτήρ	1	exact	πλωτήρ
tlg0059.tlg030	μετεωρολέσχης	1	exact	μετεωρολέσχης
tlg0059.tlg030	ἐγκαλέω	1	exact	ἐγκαλέω
tlg0059.tlg030	ἀμβλύνω	1	exact	ἀμβλύνω
tlg0059.tlg030	ἀπολήγω	1	exact	ἀπολήγω
tlg0059.tlg030	ῥώννυμι	1	exact	ῥώννυμι
tlg0059.tlg030	εὔδηλος	1	exact	εὔδηλος
tlg0059.tlg030	παιδαγωγία	1	exact	παιδαγωγία
tlg0059.tlg030	πότε	1	exact	πότε
tlg0059.tlg030	συγκαθέζομαι	1	exact	συγκαθέζομαι
tlg0059.tlg030	ἐκκλησία	1	exact	ἐκκλησία
tlg0059.tlg030	ὑπερβαλλόντως	1	exact	ὑπερβαλλόντως
tlg0059.tlg030	ἐκβοάω	1	exact	ἐκβοάω
tlg0059.tlg030	κροτέω	1	exact	κροτέω
tlg0059.tlg030	ἐπηχέω	1	exact	ἐπηχέω
tlg0059.tlg030	ῥόος	1	exact	ῥόος
tlg0059.tlg030	ἀντίτεχνος	1	exact	ἀντίτεχνος
tlg0059.tlg030	τριβή	1	exact	τριβή
tlg0059.tlg030	διδασκαλία	1	exact	διδασκαλία
tlg0059.tlg030	προκαταλαμβάνω	1	exact	προκαταλαμβάνω
tlg0059.tlg030	ἐξαίρω	1	exact	ἐξαίρω
tlg0059.tlg030	κτητός	1	exact	κτητός
tlg0059.tlg030	εἰσακούω	1	exact	εἰσακούω
tlg0059.tlg030	κάμπτω	1	exact	κάμπτω
tlg0059.tlg030	ἀνθρώπιον	1	exact	ἀνθρώπιον
tlg0059.tlg030	πρόσχημα	1	exact	πρόσχημα
tlg0059.tlg030	εἱργμός	1	exact	εἱργμός
tlg0059.tlg030	ἐκπηδάω	1	exact	ἐκπηδάω
tlg0059.tlg030	τεχνίον	1	exact	τεχνίον
tlg0059.tlg030	ἀξίωμα	1	exact	ἀξίωμα
tlg0059.tlg030	συγκλάω	1	exact	συγκλάω
tlg0059.tlg030	βαλανεῖον	1	exact	βαλανεῖον
tlg0059.tlg030	λούω	1	exact	λούω
tlg0059.tlg030	διανόημα	1	exact	διανόημα
tlg0059.tlg030	σόφισμα	1	exact	σόφισμα
tlg0059.tlg030	φυγή	1	exact	φυγή
tlg0059.tlg030	ἀπείργω	1	exact	ἀπείργω
tlg0059.tlg030	συναδικέω	1	exact	συναδικέω
tlg0059.tlg030	προαπόλλυμαι	1	exact	προαπόλλυμαι
tlg0059.tlg030	κονιορτός	1	exact	κονιορτός
tlg0059.tlg030	ζάλη	1	exact	ζάλη
tlg0059.tlg030	καταπίμπλημι	1	exact	καταπίμπλημι
tlg0059.tlg030	ἐπισφαλής	1	exact	ἐπισφαλής
tlg0059.tlg030	παρακινδυνευτικός	1	exact	παρακινδυνευτικός
tlg0059.tlg030	ἐξάπτω	1	exact	ἐξάπτω
tlg0059.tlg030	ἀνδρόω	1	exact	ἀνδρόω
tlg0059.tlg030	ὑπηρεσία	1	exact	ὑπηρεσία
tlg0059.tlg030	ἄφετος	1	exact	ἄφετος
tlg0059.tlg030	ἐξεπίτηδες	1	exact	ἐξεπίτηδες
tlg0059.tlg030	παρισόομαι	1	exact	παρισόομαι
tlg0059.tlg030	ἐπήκοος	1	exact	ἐπήκοος
tlg0059.tlg030	συντεταμένως	1	exact	συντεταμένως
tlg0059.tlg030	περιβάλλω	1	exact	περιβάλλω
tlg0059.tlg030	βασίλεια	1	exact	βασίλεια
tlg0059.tlg030	ἐπίπνοια	1	exact	ἐπίπνοια
tlg0059.tlg030	ἔποψις	1	exact	ἔποψις
tlg0059.tlg030	φιλομάθεια	1	exact	φιλομάθεια
tlg0059.tlg030	ἐπιτήδευσις	1	exact	ἐπιτήδευσις
tlg0059.tlg030	ἐπεισκωμάζω	1	exact	ἐπεισκωμάζω
tlg0059.tlg030	δυσμένεια	1	exact	δυσμένεια
tlg0059.tlg030	διαγραφή	1	exact	διαγραφή
tlg0059.tlg030	πίναξ	1	exact	πίναξ
tlg0059.tlg030	ἀνδρείκελος	1	exact	ἀνδρείκελος
tlg0059.tlg030	θεοειδής	1	exact	θεοειδής
tlg0059.tlg030	θεοείκελος	1	exact	θεοείκελος
tlg0059.tlg030	ἐγγράφω	1	exact	ἐγγράφω
tlg0059.tlg030	δυσχέρεια	1	exact	δυσχέρεια
tlg0059.tlg030	παιδογονία	1	exact	παιδογονία
tlg0059.tlg030	ἐπίφθονος	1	exact	ἐπίφθονος
tlg0059.tlg030	παρεξέρχομαι	1	exact	παρεξέρχομαι
tlg0059.tlg030	ἀποτολμάω	1	exact	ἀποτολμάω
tlg0059.tlg030	ἀγχίνοος	1	exact	ἀγχίνοος
tlg0059.tlg030	βεβαιότης	1	exact	βεβαιότης
tlg0059.tlg030	ὀξύτης	1	exact	ὀξύτης
tlg0059.tlg030	ἐξοίχομαι	1	exact	ἐξοίχομαι
tlg0059.tlg030	εὐμετάβολος	1	exact	εὐμετάβολος
tlg0059.tlg030	χάσμη	1	exact	χάσμη
tlg0059.tlg030	συμβιβάζω	1	exact	συμβιβάζω
tlg0059.tlg030	ἐλλιπής	1	exact	ἐλλιπής
tlg0059.tlg030	ἀρεσκόντως	1	exact	ἀρεσκόντως
tlg0059.tlg030	ῥαθυμία	1	exact	ῥαθυμία
tlg0059.tlg030	περιιτέον	1	exact	περιιτέον
tlg0059.tlg030	ἐγχειρίζω	1	exact	ἐγχειρίζω
tlg0059.tlg030	ἐφικνέομαι	1	exact	ἐφικνέομαι
tlg0059.tlg030	πολυτελής	1	exact	πολυτελής
tlg0059.tlg030	σύζευξις	1	exact	σύζευξις
tlg0059.tlg030	ζεύγνυμι	1	exact	ζεύγνυμι
tlg0059.tlg030	ἐπίρρυτος	1	exact	ἐπίρρυτος
tlg0059.tlg030	ἀνάλογος	1	exact	ἀνάλογος
tlg0059.tlg030	ἡμερινός	1	exact	ἡμερινός
tlg0059.tlg030	φέγγος	1	exact	φέγγος
tlg0059.tlg030	ὑπερβολή	1	exact	ὑπερβολή
tlg0059.tlg030	σοφίζω	1	exact	σοφίζω
tlg0059.tlg030	δίχα	1	exact	δίχα
tlg0059.tlg030	τμητέον	1	exact	τμητέον
tlg0059.tlg030	γωνία	1	exact	γωνία
tlg0059.tlg030	ὁμολογουμένως	1	exact	ὁμολογουμένως
tlg0059.tlg030	τετράγωνος	1	exact	τετράγωνος
tlg0059.tlg030	διάμετρος	1	exact	διάμετρος
tlg0059.tlg030	ἐπίβασις	1	exact	ἐπίβασις
tlg0059.tlg030	ἀναπετάννυμι	1	exact	ἀναπετάννυμι
tlg0059.tlg030	εἴσοδος	1	exact	εἴσοδος
tlg0059.tlg030	σκέλος	1	exact	σκέλος
tlg0059.tlg030	καίω	1	exact	καίω
tlg0059.tlg030	παροικοδομέω	1	exact	παροικοδομέω
tlg0059.tlg030	θαυματοποιός	1	exact	θαυματοποιός
tlg0059.tlg030	λίθινος	1	exact	λίθινος
tlg0059.tlg030	ἠχώ	1	exact	ἠχώ
tlg0059.tlg030	ἴασις	1	exact	ἴασις
tlg0059.tlg030	βαδίζω	1	exact	βαδίζω
tlg0059.tlg030	ἐξέλκω	1	exact	ἐξέλκω
tlg0059.tlg030	σελήνη	1	exact	σελήνη
tlg0059.tlg030	ἐνδυναστεύω	1	exact	ἐνδυναστεύω
tlg0059.tlg030	θᾶκος	1	exact	θᾶκος
tlg0059.tlg030	καθίζω	1	exact	καθίζω
tlg0059.tlg030	ἀνάπλεος	1	exact	ἀνάπλεος
tlg0059.tlg030	ἄνοδος	1	exact	ἄνοδος
tlg0059.tlg030	συλλογιστέος	1	exact	συλλογιστέος
tlg0059.tlg030	ἐπείγω	1	exact	ἐπείγω
tlg0059.tlg030	ἄγαλμα	1	exact	ἄγαλμα
tlg0059.tlg030	ἀήθεια	1	exact	ἀήθεια
tlg0059.tlg030	ἐπαγγέλλω	1	exact	ἐπαγγέλλω
tlg0059.tlg030	ἀνύσιμος	1	exact	ἀνύσιμος
tlg0059.tlg030	διαμηχανάομαι	1	exact	διαμηχανάομαι
tlg0059.tlg030	ψυχάριον	1	exact	ψυχάριον
tlg0059.tlg030	περικόπτω	1	exact	περικόπτω
tlg0059.tlg030	μολυβδίς	1	exact	μολυβδίς
tlg0059.tlg030	προσφυής	1	exact	προσφυής
tlg0059.tlg030	περιστρέφω	1	exact	περιστρέφω
tlg0059.tlg030	ἀποικίζω	1	exact	ἀποικίζω
tlg0059.tlg030	καταμένω	1	exact	καταμένω
tlg0059.tlg030	τροφεῖα	1	exact	τροφεῖα
tlg0059.tlg030	συνοίκησις	1	exact	συνοίκησις
tlg0059.tlg030	σκιαμαχέω	1	exact	σκιαμαχέω
tlg0059.tlg030	τρόφιμος	1	exact	τρόφιμος
tlg0059.tlg030	συμπονέω	1	exact	συμπονέω
tlg0059.tlg030	ἀντεραστής	1	exact	ἀντεραστής
tlg0059.tlg030	ὄστρακον	1	exact	ὄστρακον
tlg0059.tlg030	περιστροφή	1	exact	περιστροφή
tlg0059.tlg030	τευτάζω	1	exact	τευτάζω
tlg0059.tlg030	φθίσις	1	exact	φθίσις
tlg0059.tlg030	μυθώδης	1	exact	μυθώδης
tlg0059.tlg030	βάναυσος	1	exact	βάναυσος
tlg0059.tlg030	μέτοχος	1	exact	μέτοχος
tlg0059.tlg030	παγγέλοιος	1	exact	παγγέλοιος
tlg0059.tlg030	ἐξαριθμέω	1	exact	ἐξαριθμέω
tlg0059.tlg030	ἀναρίθμητος	1	exact	ἀναρίθμητος
tlg0059.tlg030	ἑλκτικός	1	exact	ἑλκτικός
tlg0059.tlg030	συνθεατής	1	exact	συνθεατής
tlg0059.tlg030	παχύς	1	exact	παχύς
tlg0059.tlg030	ἐπέρομαι	1	exact	ἐπέρομαι
tlg0059.tlg030	μικρότης	1	exact	μικρότης
tlg0059.tlg030	πάχος	1	exact	πάχος
tlg0059.tlg030	λεπτότης	1	exact	λεπτότης
tlg0059.tlg030	μαλακότης	1	exact	μαλακότης
tlg0059.tlg030	ἁφή	1	exact	ἁφή
tlg0059.tlg030	ἑρμηνεία	1	exact	ἑρμηνεία
tlg0059.tlg030	εἰσαγγέλλω	1	exact	εἰσαγγέλλω
tlg0059.tlg030	ἀχώριστος	1	exact	ἀχώριστος
tlg0059.tlg030	ἐπικρίνω	1	exact	ἐπικρίνω
tlg0059.tlg030	ἔννοια	1	exact	ἔννοια
tlg0059.tlg030	ἀριθμητικός	1	exact	ἀριθμητικός
tlg0059.tlg030	ἐξαναδύομαι	1	exact	ἐξαναδύομαι
tlg0059.tlg030	ἀνθάπτομαι	1	exact	ἀνθάπτομαι
tlg0059.tlg030	καπηλεύω	1	exact	καπηλεύω
tlg0059.tlg030	ἁπτός	1	exact	ἁπτός
tlg0059.tlg030	κερματίζω	1	exact	κερματίζω
tlg0059.tlg030	πολλαπλασιόω	1	exact	πολλαπλασιόω
tlg0059.tlg030	ἐπιδίδωμι	1	exact	ἐπιδίδωμι
tlg0059.tlg030	στρατοπέδευσις	1	exact	στρατοπέδευσις
tlg0059.tlg030	κατάληψις	1	exact	κατάληψις
tlg0059.tlg030	χωρίον	1	exact	χωρίον
tlg0059.tlg030	συναγωγή	1	exact	συναγωγή
tlg0059.tlg030	ἔκτασις	1	exact	ἔκτασις
tlg0059.tlg030	πρόειμι	1	exact	πρόειμι
tlg0059.tlg030	τετραγωνίζω	1	exact	τετραγωνίζω
tlg0059.tlg030	παρατείνω	1	exact	παρατείνω
tlg0059.tlg030	διομολογητέος	1	exact	διομολογητέος
tlg0059.tlg030	ἀπεργαστικός	1	exact	ἀπεργαστικός
tlg0059.tlg030	προστακτέον	1	exact	προστακτέον
tlg0059.tlg030	εὐαίσθητος	1	exact	εὐαίσθητος
tlg0059.tlg030	ἀναζωπυρέω	1	exact	ἀναζωπυρέω
tlg0059.tlg030	τυφλόω	1	exact	τυφλόω
tlg0059.tlg030	μεγαλοφρονέω	1	exact	μεγαλοφρονέω
tlg0059.tlg030	ἔντονος	1	exact	ἔντονος
tlg0059.tlg030	ἐκφανής	1	exact	ἐκφανής
tlg0059.tlg030	κολούω	1	exact	κολούω
tlg0059.tlg030	ἀναχωρέω	1	exact	ἀναχωρέω
tlg0059.tlg030	σπεύδω	1	exact	σπεύδω
tlg0059.tlg030	βραδύνω	1	exact	βραδύνω
tlg0059.tlg030	ὀροφή	1	exact	ὀροφή
tlg0059.tlg030	ἀνακύπτω	1	exact	ἀνακύπτω
tlg0059.tlg030	χάσκω	1	exact	χάσκω
tlg0059.tlg030	συμμύω	1	exact	συμμύω
tlg0059.tlg030	τάχος	1	exact	τάχος
tlg0059.tlg030	βραδυτής	1	exact	βραδυτής
tlg0059.tlg030	ληπτός	1	exact	ληπτός
tlg0059.tlg030	Δαίδαλος	1	exact	Δαίδαλος
tlg0059.tlg030	ἐκπονέω	1	exact	ἐκπονέω
tlg0059.tlg030	διάγραμμα	1	exact	διάγραμμα
tlg0059.tlg030	διπλασίων	1	exact	διπλασίων
tlg0059.tlg030	ἀστρονομικός	1	exact	ἀστρονομικός
tlg0059.tlg030	παραλλάσσω	1	exact	παραλλάσσω
tlg0059.tlg030	ἀστρονομέω	1	exact	ἀστρονομέω
tlg0059.tlg030	προφανής	1	exact	προφανής
tlg0059.tlg030	ἐναρμόνιος	1	exact	ἐναρμόνιος
tlg0059.tlg030	ἐξήκω	1	exact	ἐξήκω
tlg0059.tlg030	ἀφήκω	1	exact	ἀφήκω
tlg0059.tlg030	ἀναμετρέω	1	exact	ἀναμετρέω
tlg0059.tlg030	ἀνήνυτος	1	exact	ἀνήνυτος
tlg0059.tlg030	ἀστρονόμος	1	exact	ἀστρονόμος
tlg0059.tlg030	πύκνωμα	1	exact	πύκνωμα
tlg0059.tlg030	θηρεύω	1	exact	θηρεύω
tlg0059.tlg030	ἠχή	1	exact	ἠχή
tlg0059.tlg030	διάστημα	1	exact	διάστημα
tlg0059.tlg030	κόλλοψ	1	exact	κόλλοψ
tlg0059.tlg030	πλῆκτρον	1	exact	πλῆκτρον
tlg0059.tlg030	ἀλαζονεία	1	exact	ἀλαζονεία
tlg0059.tlg030	μεταδιώκω	1	exact	μεταδιώκω
tlg0059.tlg030	σωματοειδής	1	exact	σωματοειδής
tlg0059.tlg030	ἐπανιτέον	1	exact	ἐπανιτέον
tlg0059.tlg030	ἀνάπαυλα	1	exact	ἀνάπαυλα
tlg0059.tlg030	συμπλέκω	1	exact	συμπλέκω
tlg0059.tlg030	βόρβορος	1	exact	βόρβορος
tlg0059.tlg030	συνέριθος	1	exact	συνέριθος
tlg0059.tlg030	ἀναλογία	1	exact	ἀναλογία
tlg0059.tlg030	διαίρεσις	1	exact	διαίρεσις
tlg0059.tlg030	πολλαπλασίων	1	exact	πολλαπλασίων
tlg0059.tlg030	ἔλεγχος	1	exact	ἔλεγχος
tlg0059.tlg030	ἀπτώς	1	exact	ἀπτώς
tlg0059.tlg030	διαπορεύω	1	exact	διαπορεύω
tlg0059.tlg030	ὀνειροπολέω	1	exact	ὀνειροπολέω
tlg0059.tlg030	ὑπνώσσω	1	exact	ὑπνώσσω
tlg0059.tlg030	ἐξεγείρω	1	exact	ἐξεγείρω
tlg0059.tlg030	θριγκός	1	exact	θριγκός
tlg0059.tlg030	διανομή	1	exact	διανομή
tlg0059.tlg030	βλοσυρός	1	exact	βλοσυρός
tlg0059.tlg030	πρόσφορος	1	exact	πρόσφορος
tlg0059.tlg030	διαστέλλω	1	exact	διαστέλλω
tlg0059.tlg030	δριμύτης	1	exact	δριμύτης
tlg0059.tlg030	ἄρρατος	1	exact	ἄρρατος
tlg0059.tlg030	φιλοπονέω	1	exact	φιλοπονέω
tlg0059.tlg030	ἀμαθαίνω	1	exact	ἀμαθαίνω
tlg0059.tlg030	ὕειος	1	exact	ὕειος
tlg0059.tlg030	μολύνω	1	exact	μολύνω
tlg0059.tlg030	ἀρτίφρων	1	exact	ἀρτίφρων
tlg0059.tlg030	ἐντείνω	1	exact	ἐντείνω
tlg0059.tlg030	προπαιδεύω	1	exact	προπαιδεύω
tlg0059.tlg030	προβάλλω	1	exact	προβάλλω
tlg0059.tlg030	ἐπανάγκης	1	exact	ἐπανάγκης
tlg0059.tlg030	ἔμμονος	1	exact	ἔμμονος
tlg0059.tlg030	ἐντρεχής	1	exact	ἐντρεχής
tlg0059.tlg030	κόπος	1	exact	κόπος
tlg0059.tlg030	βάσανος	1	exact	βάσανος
tlg0059.tlg030	χύδην	1	exact	χύδην
tlg0059.tlg030	συνακτέον	1	exact	συνακτέον
tlg0059.tlg030	σύνοψις	1	exact	σύνοψις
tlg0059.tlg030	πρόκριτος	1	exact	πρόκριτος
tlg0059.tlg030	ὑποβολιμαῖος	1	exact	ὑποβολιμαῖος
tlg0059.tlg030	ὑποβάλλω	1	exact	ὑποβάλλω
tlg0059.tlg030	ὑποβολή	1	exact	ὑποβολή
tlg0059.tlg030	ἀπαρακάλυπτος	1	exact	ἀπαρακάλυπτος
tlg0059.tlg030	ἐκτρέφω	1	exact	ἐκτρέφω
tlg0059.tlg030	πειθαρχία	1	exact	πειθαρχία
tlg0059.tlg030	προσχωρέω	1	exact	προσχωρέω
tlg0059.tlg030	τριακονταετής	1	exact	τριακονταετής
tlg0059.tlg030	μειρακίσκος	1	exact	μειρακίσκος
tlg0059.tlg030	σπαράσσω	1	exact	σπαράσσω
tlg0059.tlg030	στάσιμος	1	exact	στάσιμος
tlg0059.tlg030	μετάληψις	1	exact	μετάληψις
tlg0059.tlg030	ἐνδελεχής	1	exact	ἐνδελεχής
tlg0059.tlg030	πεντεκαίδεκα	1	exact	πεντεκαίδεκα
tlg0059.tlg030	πεντηκοντούτης	1	exact	πεντηκοντούτης
tlg0059.tlg030	ἀνακλίνω	1	exact	ἀνακλίνω
tlg0059.tlg030	συναναιρέω	1	exact	συναναιρέω
tlg0059.tlg030	ἀνδριαντοποιός	1	exact	ἀνδριαντοποιός
tlg0059.tlg030	διασκευωρέω	1	exact	διασκευωρέω
tlg0059.tlg030	δεκέτης	1	exact	δεκέτης
tlg0059.tlg030	ἐκπέμπω	1	exact	ἐκπέμπω
tlg0059.tlg030	γονή	1	exact	γονή
tlg0059.tlg030	ἐκτρέπω	1	exact	ἐκτρέπω
tlg0059.tlg030	παλαιστής	1	exact	παλαιστής
tlg0059.tlg030	λαβή	1	exact	λαβή
tlg0059.tlg030	Κρητικός	1	exact	Κρητικός
tlg0059.tlg030	ὠνητός	1	exact	ὠνητός
tlg0059.tlg030	ἐφέλκω	1	exact	ἐφέλκω
tlg0059.tlg030	ἀντιτίθημι	1	exact	ἀντιτίθημι
tlg0059.tlg030	προφαίνω	1	exact	προφαίνω
tlg0059.tlg030	ἐρεσχηλέω	1	exact	ἐρεσχηλέω
tlg0059.tlg030	ἐπίγειος	1	exact	ἐπίγειος
tlg0059.tlg030	περιτροπή	1	exact	περιτροπή
tlg0059.tlg030	γεννητός	1	exact	γεννητός
tlg0059.tlg030	περιλαμβάνω	1	exact	περιλαμβάνω
tlg0059.tlg030	αὔξησις	1	exact	αὔξησις
tlg0059.tlg030	ἀνομοιόω	1	exact	ἀνομοιόω
tlg0059.tlg030	φθίω	1	exact	φθίω
tlg0059.tlg030	προσήγορος	1	exact	προσήγορος
tlg0059.tlg030	ἐπίτριτος	1	exact	ἐπίτριτος
tlg0059.tlg030	πυθμήν	1	exact	πυθμήν
tlg0059.tlg030	συζεύγνυμι	1	exact	συζεύγνυμι
tlg0059.tlg030	ἰσάκις	1	exact	ἰσάκις
tlg0059.tlg030	τοσαυτάκις	1	exact	τοσαυτάκις
tlg0059.tlg030	προμήκης	1	exact	προμήκης
tlg0059.tlg030	διάμετρον	1	exact	διάμετρον
tlg0059.tlg030	ἄρρητος	1	exact	ἄρρητος
tlg0059.tlg030	τριάς	1	exact	τριάς
tlg0059.tlg030	συνοικίζω	1	exact	συνοικίζω
tlg0059.tlg030	ἀνωμαλία	1	exact	ἀνωμαλία
tlg0059.tlg030	γενεά	1	exact	γενεά
tlg0059.tlg030	κατανέμω	1	exact	κατανέμω
tlg0059.tlg030	ἰδιόομαι	1	exact	ἰδιόομαι
tlg0059.tlg030	περίοικος	1	exact	περίοικος
tlg0059.tlg030	μετάβασις	1	exact	μετάβασις
tlg0059.tlg030	ὅστε	1	exact	ὅστε
tlg0059.tlg030	ἀτενής	1	exact	ἀτενής
tlg0059.tlg030	δόλος	1	exact	δόλος
tlg0059.tlg030	θησαυρός	1	exact	θησαυρός
tlg0059.tlg030	κρύπτω	1	exact	κρύπτω
tlg0059.tlg030	περίβολος	1	exact	περίβολος
tlg0059.tlg030	νεοσσιά	1	exact	νεοσσιά
tlg0059.tlg030	δαπανάω	1	exact	δαπανάω
tlg0059.tlg030	αὐθάδης	1	exact	αὐθάδης
tlg0059.tlg030	φιλόμουσος	1	exact	φιλόμουσος
tlg0059.tlg030	ῥητορικός	1	exact	ῥητορικός
tlg0059.tlg030	φίλαρχος	1	exact	φίλαρχος
tlg0059.tlg030	ἐνοικέω	1	exact	ἐνοικέω
tlg0059.tlg030	ῥᾴθυμος	1	exact	ῥᾴθυμος
tlg0059.tlg030	λίαν	1	exact	λίαν
tlg0059.tlg030	ἠλίθιος	1	exact	ἠλίθιος
tlg0059.tlg030	ὑψηλόφρων	1	exact	ὑψηλόφρων
tlg0059.tlg030	ζῆλος	1	exact	ζῆλος
tlg0059.tlg030	πλάστιγξ	1	exact	πλάστιγξ
tlg0059.tlg030	ναυτίλλομαι	1	exact	ναυτίλλομαι
tlg0059.tlg030	γεωργέω	1	exact	γεωργέω
tlg0059.tlg030	ἱππεύς	1	exact	ἱππεύς
tlg0059.tlg030	ὁπλίτης	1	exact	ὁπλίτης
tlg0059.tlg030	ὑπέρπλουτος	1	exact	ὑπέρπλουτος
tlg0059.tlg030	πτηνός	1	exact	πτηνός
tlg0059.tlg030	πεζός	1	exact	πεζός
tlg0059.tlg030	πταίω	1	exact	πταίω
tlg0059.tlg030	ἕρμα	1	exact	ἕρμα
tlg0059.tlg030	ἐκχέω	1	exact	ἐκχέω
tlg0059.tlg030	ταπεινόω	1	exact	ταπεινόω
tlg0059.tlg030	ἐγκαθίζω	1	exact	ἐγκαθίζω
tlg0059.tlg030	τιάρα	1	exact	τιάρα
tlg0059.tlg030	στρεπτός	1	exact	στρεπτός
tlg0059.tlg030	ἀκινάκης	1	exact	ἀκινάκης
tlg0059.tlg030	παραζώννυμι	1	exact	παραζώννυμι
tlg0059.tlg030	παρακαθίζω	1	exact	παρακαθίζω
tlg0059.tlg030	ἐργάτης	1	exact	ἐργάτης
tlg0059.tlg030	ἀνάλωμα	1	exact	ἀνάλωμα
tlg0059.tlg030	αὐχμηρός	1	exact	αὐχμηρός
tlg0059.tlg030	περιουσία	1	exact	περιουσία
tlg0059.tlg030	πτωχικός	1	exact	πτωχικός
tlg0059.tlg030	ἐπιτρόπευσις	1	exact	ἐπιτρόπευσις
tlg0059.tlg030	τρέμω	1	exact	τρέμω
tlg0059.tlg030	ἀνταγωνιστής	1	exact	ἀνταγωνιστής
tlg0059.tlg030	συμπαρακαλέω	1	exact	συμπαρακαλέω
tlg0059.tlg030	ἐξοπλίζω	1	exact	ἐξοπλίζω
tlg0059.tlg030	ἐγκύπτω	1	exact	ἐγκύπτω
tlg0059.tlg030	ἐνίημι	1	exact	ἐνίημι
tlg0059.tlg030	ἀναιδής	1	exact	ἀναιδής
tlg0059.tlg030	σύμπλους	1	exact	σύμπλους
tlg0059.tlg030	συστρατιώτης	1	exact	συστρατιώτης
tlg0059.tlg030	ἡλιόομαι	1	exact	ἡλιόομαι
tlg0059.tlg030	παρατάσσω	1	exact	παρατάσσω
tlg0059.tlg030	σκιατροφέω	1	exact	σκιατροφέω
tlg0059.tlg030	σάρξ	1	exact	σάρξ
tlg0059.tlg030	ῥοπή	1	exact	ῥοπή
tlg0059.tlg030	προσλαμβάνω	1	exact	προσλαμβάνω
tlg0059.tlg030	ὑπεξέρχομαι	1	exact	ὑπεξέρχομαι
tlg0059.tlg030	παρρησία	1	exact	παρρησία
tlg0059.tlg030	παντοπώλιον	1	exact	παντοπώλιον
tlg0059.tlg030	παραυτίκα	1	exact	παραυτίκα
tlg0059.tlg030	πραότης	1	exact	πραότης
tlg0059.tlg030	καταφρόνησις	1	exact	καταφρόνησις
tlg0059.tlg030	καταπατέω	1	exact	καταπατέω
tlg0059.tlg030	ἄναρχος	1	exact	ἄναρχος
tlg0059.tlg030	ἰσότης	1	exact	ἰσότης
tlg0059.tlg030	ἔδεσμα	1	exact	ἔδεσμα
tlg0059.tlg030	αἴθων	1	exact	αἴθων
tlg0059.tlg030	θήρ	1	exact	θήρ
tlg0059.tlg030	κακίζω	1	exact	κακίζω
tlg0059.tlg030	ἀντίστασις	1	exact	ἀντίστασις
tlg0059.tlg030	ὑποχωρέω	1	exact	ὑποχωρέω
tlg0059.tlg030	κατακοσμέω	1	exact	κατακοσμέω
tlg0059.tlg030	ὑποτρέφω	1	exact	ὑποτρέφω
tlg0059.tlg030	ἀκρόπολις	1	exact	ἀκρόπολις
tlg0059.tlg030	φρουρός	1	exact	φρουρός
tlg0059.tlg030	ἀνατρέχω	1	exact	ἀνατρέχω
tlg0059.tlg030	Λωτοφάγοι	1	exact	Λωτοφάγοι
tlg0059.tlg030	κατοικέω	1	exact	κατοικέω
tlg0059.tlg030	κλείω	1	exact	κλείω
tlg0059.tlg030	πύλη	1	exact	πύλη
tlg0059.tlg030	ἠλιθιότης	1	exact	ἠλιθιότης
tlg0059.tlg030	μετριότης	1	exact	μετριότης
tlg0059.tlg030	ὑπερορίζω	1	exact	ὑπερορίζω
tlg0059.tlg030	κενόω	1	exact	κενόω
tlg0059.tlg030	κατάγω	1	exact	κατάγω
tlg0059.tlg030	ἐλευθέρωσις	1	exact	ἐλευθέρωσις
tlg0059.tlg030	φρούριον	1	exact	φρούριον
tlg0059.tlg030	διαζάω	1	exact	διαζάω
tlg0059.tlg030	ὑδροποτέω	1	exact	ὑδροποτέω
tlg0059.tlg030	κατισχναίνω	1	exact	κατισχναίνω
tlg0059.tlg030	ἀναπηδάω	1	exact	ἀναπηδάω
tlg0059.tlg030	καταλύω	1	exact	καταλύω
tlg0059.tlg030	προστατέω	1	exact	προστατέω
tlg0059.tlg030	ἐθελόδουλος	1	exact	ἐθελόδουλος
tlg0059.tlg030	ἐξισόω	1	exact	ἐξισόω
tlg0059.tlg030	ὀλιγωρέω	1	exact	ὀλιγωρέω
tlg0059.tlg030	συγκαθίημι	1	exact	συγκαθίημι
tlg0059.tlg030	εὐτραπελία	1	exact	εὐτραπελία
tlg0059.tlg030	χαριεντισμός	1	exact	χαριεντισμός
tlg0059.tlg030	ἰσονομία	1	exact	ἰσονομία
tlg0059.tlg030	δέσποινα	1	exact	δέσποινα
tlg0059.tlg030	ὄνος	1	exact	ὄνος
tlg0059.tlg030	ἀπαντάω	1	exact	ἀπαντάω
tlg0059.tlg030	ἐξίστημι	1	exact	ἐξίστημι
tlg0059.tlg030	ἄγραφος	1	exact	ἄγραφος
tlg0059.tlg030	ἀνταποδίδωμι	1	exact	ἀνταποδίδωμι
tlg0059.tlg030	δαπανηρός	1	exact	δαπανηρός
tlg0059.tlg030	φλέγμα	1	exact	φλέγμα
tlg0059.tlg030	χολή	1	exact	χολή
tlg0059.tlg030	μελιττουργός	1	exact	μελιττουργός
tlg0059.tlg030	εὐκρινής	1	exact	εὐκρινής
tlg0059.tlg030	προσίζω	1	exact	προσίζω
tlg0059.tlg030	αὐτουργός	1	exact	αὐτουργός
tlg0059.tlg030	κεντέω	1	exact	κεντέω
tlg0059.tlg030	εἰσαγγελία	1	exact	εἰσαγγελία
tlg0059.tlg030	προστατικός	1	exact	προστατικός
tlg0059.tlg030	ῥίζα	1	exact	ῥίζα
tlg0059.tlg030	σπλάγχνον	1	exact	σπλάγχνον
tlg0059.tlg030	ἱερεῖον	1	exact	ἱερεῖον
tlg0059.tlg030	ἐμφύλιος	1	exact	ἐμφύλιος
tlg0059.tlg030	γλῶσσα	1	exact	γλῶσσα
tlg0059.tlg030	ἀνδρηλατέω	1	exact	ἀνδρηλατέω
tlg0059.tlg030	ὑποσημαίνω	1	exact	ὑποσημαίνω
tlg0059.tlg030	ἀποκοπή	1	exact	ἀποκοπή
tlg0059.tlg030	ἀναδασμός	1	exact	ἀναδασμός
tlg0059.tlg030	αἴτημα	1	exact	αἴτημα
tlg0059.tlg030	πολυθρύλητος	1	exact	πολυθρύλητος
tlg0059.tlg030	μισόδημος	1	exact	μισόδημος
tlg0059.tlg030	πολυψήφις	1	exact	πολυψήφις
tlg0059.tlg030	μεγαλωστί	1	exact	μεγαλωστί
tlg0059.tlg030	προσγελάω	1	exact	προσγελάω
tlg0059.tlg030	περιτυγχάνω	1	exact	περιτυγχάνω
tlg0059.tlg030	καταλλάσσω	1	exact	καταλλάσσω
tlg0059.tlg030	συγκαθίστημι	1	exact	συγκαθίστημι
tlg0059.tlg030	παρρησιάζομαι	1	exact	παρρησιάζομαι
tlg0059.tlg030	ὑπεξαιρέω	1	exact	ὑπεξαιρέω
tlg0059.tlg030	μεγαλόφρων	1	exact	μεγαλόφρων
tlg0059.tlg030	μεταπέμπω	1	exact	μεταπέμπω
tlg0059.tlg030	ὑμνητής	1	exact	ὑμνητής
tlg0059.tlg030	πιθανός	1	exact	πιθανός
tlg0059.tlg030	προσέτι	1	exact	προσέτι
tlg0059.tlg030	σύγκλυς	1	exact	σύγκλυς
tlg0059.tlg030	ὀχληρός	1	exact	ὀχληρός
tlg0059.tlg030	πατραλοίας	1	exact	πατραλοίας
tlg0059.tlg030	δεσποτεία	1	exact	δεσποτεία
tlg0059.tlg030	πικρός	1	exact	πικρός
tlg0059.tlg030	εὕδω	1	exact	εὕδω
tlg0059.tlg030	σκιρτάω	1	exact	σκιρτάω
tlg0059.tlg030	αἰσχύνη	1	exact	αἰσχύνη
tlg0059.tlg030	ἀναισχυντία	1	exact	ἀναισχυντία
tlg0059.tlg030	σύννοια	1	exact	σύννοια
tlg0059.tlg030	ἔνδεια	1	exact	ἔνδεια
tlg0059.tlg030	ἡσυχάω	1	exact	ἡσυχάω
tlg0059.tlg030	ἀναπαύω	1	exact	ἀναπαύω
tlg0059.tlg030	ὀιστός	1	exact	ὀιστός
tlg0059.tlg030	ἐνύπνιος	1	exact	ἐνύπνιος
tlg0059.tlg030	ἄνομος	1	exact	ἄνομος
tlg0059.tlg030	ἔνδηλος	1	exact	ἔνδηλος
tlg0059.tlg030	καλλωπισμός	1	exact	καλλωπισμός
tlg0059.tlg030	φειδωλία	1	exact	φειδωλία
tlg0059.tlg030	ἀμφοτέρωσε	1	exact	ἀμφοτέρωσε
tlg0059.tlg030	παραβοηθέω	1	exact	παραβοηθέω
tlg0059.tlg030	ὑπόπτερος	1	exact	ὑπόπτερος
tlg0059.tlg030	στέφανος	1	exact	στέφανος
tlg0059.tlg030	πόθος	1	exact	πόθος
tlg0059.tlg030	ἐπαισχύνομαι	1	exact	ἐπαισχύνομαι
tlg0059.tlg030	ὑποκινέω	1	exact	ὑποκινέω
tlg0059.tlg030	μεθυστικός	1	exact	μεθυστικός
tlg0059.tlg030	μελαγχολικός	1	exact	μελαγχολικός
tlg0059.tlg030	κῶμος	1	exact	κῶμος
tlg0059.tlg030	θάλεια	1	exact	θάλεια
tlg0059.tlg030	διακυβερνάω	1	exact	διακυβερνάω
tlg0059.tlg030	πρόσοδος	1	exact	πρόσοδος
tlg0059.tlg030	δανεισμός	1	exact	δανεισμός
tlg0059.tlg030	παραίρεσις	1	exact	παραίρεσις
tlg0059.tlg030	πανταχόθεν	1	exact	πανταχόθεν
tlg0059.tlg030	ἐπιγίγνομαι	1	exact	ἐπιγίγνομαι
tlg0059.tlg030	ἀπονέμω	1	exact	ἀπονέμω
tlg0059.tlg030	ἄωρος	1	exact	ἄωρος
tlg0059.tlg030	τοῖχος	1	exact	τοῖχος
tlg0059.tlg030	μόναρχος	1	exact	μόναρχος
tlg0059.tlg030	ἔνδοθεν	1	exact	ἔνδοθεν
tlg0059.tlg030	τοιχωρυχέω	1	exact	τοιχωρυχέω
tlg0059.tlg030	βαλλαντιοτομέω	1	exact	βαλλαντιοτομέω
tlg0059.tlg030	λωποδυτέω	1	exact	λωποδυτέω
tlg0059.tlg030	ἱεροσυλέω	1	exact	ἱεροσυλέω
tlg0059.tlg030	ψευδομαρτυρέω	1	exact	ψευδομαρτυρέω
tlg0059.tlg030	ἴκταρ	1	exact	ἴκταρ
tlg0059.tlg030	ὑφίημι	1	exact	ὑφίημι
tlg0059.tlg030	ἐπεισάγω	1	exact	ἐπεισάγω
tlg0059.tlg030	μητρίς	1	exact	μητρίς
tlg0059.tlg030	ὑποπίπτω	1	exact	ὑποπίπτω
tlg0059.tlg030	ἄγευστος	1	exact	ἄγευστος
tlg0059.tlg030	κεφαλαιόω	1	exact	κεφαλαιόω
tlg0059.tlg030	μοναρχέω	1	exact	μοναρχέω
tlg0059.tlg030	διαδέχομαι	1	exact	διαδέχομαι
tlg0059.tlg030	οἶστρος	1	exact	οἶστρος
tlg0059.tlg030	μεταμέλεια	1	exact	μεταμέλεια
tlg0059.tlg030	πενιχρός	1	exact	πενιχρός
tlg0059.tlg030	στεναγμός	1	exact	στεναγμός
tlg0059.tlg030	προσόμοιος	1	exact	προσόμοιος
tlg0059.tlg030	πεντήκοντα	1	exact	πεντήκοντα
tlg0059.tlg030	θεράπων	1	exact	θεράπων
tlg0059.tlg030	οὐδαμόσε	1	exact	οὐδαμόσε
tlg0059.tlg030	ἰδιωτεύω	1	exact	ἰδιωτεύω
tlg0059.tlg030	θωπεία	1	exact	θωπεία
tlg0059.tlg030	ἐπιδεής	1	exact	ἐπιδεής
tlg0059.tlg030	φθονερός	1	exact	φθονερός
tlg0059.tlg030	ἄφιλος	1	exact	ἄφιλος
tlg0059.tlg030	πανδοκεύς	1	exact	πανδοκεύς
tlg0059.tlg030	κῆρυξ	1	exact	κῆρυξ
tlg0059.tlg030	ἀνειπεῖν	1	exact	ἀνειπεῖν
tlg0059.tlg030	ἀναλέγω	1	exact	ἀναλέγω
tlg0059.tlg030	σφοδρότης	1	exact	σφοδρότης
tlg0059.tlg030	ἀκόλουθος	1	exact	ἀκόλουθος
tlg0059.tlg030	κριτήριον	1	exact	κριτήριον
tlg0059.tlg030	φιλόλογος	1	exact	φιλόλογος
tlg0059.tlg030	παναληθής	1	exact	παναληθής
tlg0059.tlg030	πτῶμα	1	exact	πτῶμα
tlg0059.tlg030	ἐναντίον	1	exact	ἐναντίον
tlg0059.tlg030	περιωδυνία	1	exact	περιωδυνία
tlg0059.tlg030	κίνησις	1	exact	κίνησις
tlg0059.tlg030	ὀσμή	1	exact	ὀσμή
tlg0059.tlg030	προλυπέομαι	1	exact	προλυπέομαι
tlg0059.tlg030	προσδοκία	1	exact	προσδοκία
tlg0059.tlg030	φαιός	1	exact	φαιός
tlg0059.tlg030	κένωσις	1	exact	κένωσις
tlg0059.tlg030	κενότης	1	exact	κενότης
tlg0059.tlg030	κύπτω	1	exact	κύπτω
tlg0059.tlg030	βόσκω	1	exact	βόσκω
tlg0059.tlg030	λακτίζω	1	exact	λακτίζω
tlg0059.tlg030	κυρίσσω	1	exact	κυρίσσω
tlg0059.tlg030	κέρας	1	exact	κέρας
tlg0059.tlg030	ὁπλή	1	exact	ὁπλή
tlg0059.tlg030	χρησμῳδέω	1	exact	χρησμῳδέω
tlg0059.tlg030	ἀποχραίνω	1	exact	ἀποχραίνω
tlg0059.tlg030	Ἑλένη	1	exact	Ἑλένη
tlg0059.tlg030	ἀριστοκρατικός	1	exact	ἀριστοκρατικός
tlg0059.tlg030	πολλαπλασίωσις	1	exact	πολλαπλασίωσις
tlg0059.tlg030	καταφορέω	1	exact	καταφορέω
tlg0059.tlg030	διαφορότης	1	exact	διαφορότης
tlg0059.tlg030	Χίμαιρα	1	exact	Χίμαιρα
tlg0059.tlg030	πλάστης	1	exact	πλάστης
tlg0059.tlg030	εὔπλαστος	1	exact	εὔπλαστος
tlg0059.tlg030	κηρός	1	exact	κηρός
tlg0059.tlg030	ἔλυτρον	1	exact	ἔλυτρον
tlg0059.tlg030	λιμοκτονέω	1	exact	λιμοκτονέω
tlg0059.tlg030	τιθασεύω	1	exact	τιθασεύω
tlg0059.tlg030	ψέκτης	1	exact	ψέκτης
tlg0059.tlg030	ἄθεος	1	exact	ἄθεος
tlg0059.tlg030	ὅρμος	1	exact	ὅρμος
tlg0059.tlg030	αὐθάδεια	1	exact	αὐθάδεια
tlg0059.tlg030	λεοντώδης	1	exact	λεοντώδης
tlg0059.tlg030	χάλασις	1	exact	χάλασις
tlg0059.tlg030	ὀχλώδης	1	exact	ὀχλώδης
tlg0059.tlg030	θώπευμα	1	exact	θώπευμα
tlg0059.tlg030	ἀντικαθίστημι	1	exact	ἀντικαθίστημι
tlg0059.tlg030	κοιμίζω	1	exact	κοιμίζω
tlg0059.tlg030	πρεσβεύω	1	exact	πρεσβεύω
tlg0059.tlg030	μακαρισμός	1	exact	μακαρισμός
tlg0059.tlg030	ὀλιγότης	1	exact	ὀλιγότης
tlg0059.tlg030	ἀνάκειμαι	1	exact	ἀνάκειμαι
tlg0059.tlg030	λώβη	1	exact	λώβη
tlg0059.tlg030	ἀμβλύς	1	exact	ἀμβλύς
tlg0059.tlg030	ἐπιφέρω	1	exact	ἐπιφέρω
tlg0059.tlg030	ἐφύω	1	exact	ἐφύω
tlg0059.tlg030	φυτουργός	1	exact	φυτουργός
tlg0059.tlg030	γέννημα	1	exact	γέννημα
tlg0059.tlg030	πλάγιος	1	exact	πλάγιος
tlg0059.tlg030	ζωγραφέω	1	exact	ζωγραφέω
tlg0059.tlg030	πάνσοφος	1	exact	πάνσοφος
tlg0059.tlg030	ἐπίνοια	1	exact	ἐπίνοια
tlg0059.tlg030	εὐμήχανος	1	exact	εὐμήχανος
tlg0059.tlg030	Κέως	1	exact	Κέως
tlg0059.tlg030	ῥαψῳδέω	1	exact	ῥαψῳδέω
tlg0059.tlg030	παιδαγωγέω	1	exact	παιδαγωγέω
tlg0059.tlg030	κήλησις	1	exact	κήλησις
tlg0059.tlg030	γυμνόω	1	exact	γυμνόω
tlg0059.tlg030	πρόσωπον	1	exact	πρόσωπον
tlg0059.tlg030	προλείπω	1	exact	προλείπω
tlg0059.tlg030	σκυτεύς	1	exact	σκυτεύς
tlg0059.tlg030	ὀρθότης	1	exact	ὀρθότης
tlg0059.tlg030	αὐλέω	1	exact	αὐλέω
tlg0059.tlg030	καμπύλος	1	exact	καμπύλος
tlg0059.tlg030	ἐξέχω	1	exact	ἐξέχω
tlg0059.tlg030	προθέω	1	exact	προθέω
tlg0059.tlg030	μετριάζω	1	exact	μετριάζω
tlg0059.tlg030	μονόω	1	exact	μονόω
tlg0059.tlg030	ἐμποδών	1	exact	ἐμποδών
tlg0059.tlg030	πτῶσις	1	exact	πτῶσις
tlg0059.tlg030	προσπταίω	1	exact	προσπταίω
tlg0059.tlg030	ἀνάμνησις	1	exact	ἀνάμνησις
tlg0059.tlg030	ἡσύχιος	1	exact	ἡσύχιος
tlg0059.tlg030	συμπάσχω	1	exact	συμπάσχω
tlg0059.tlg030	κῆδος	1	exact	κῆδος
tlg0059.tlg030	βδελύσσομαι	1	exact	βδελύσσομαι
tlg0059.tlg030	εὔλογος	1	exact	εὔλογος
tlg0059.tlg030	δακρύω	1	exact	δακρύω
tlg0059.tlg030	ἀποδύρομαι	1	exact	ἀποδύρομαι
tlg0059.tlg030	πενθέω	1	exact	πενθέω
tlg0059.tlg030	κωμῳδικός	1	exact	κωμῳδικός
tlg0059.tlg030	βωμολοχία	1	exact	βωμολοχία
tlg0059.tlg030	κωμῳδοποιός	1	exact	κωμῳδοποιός
tlg0059.tlg030	αὐχμέω	1	exact	αὐχμέω
tlg0059.tlg030	ἡδύνω	1	exact	ἡδύνω
tlg0059.tlg030	ἀποστέλλω	1	exact	ἀποστέλλω
tlg0059.tlg030	καταγιγνώσκω	1	exact	καταγιγνώσκω
tlg0059.tlg030	λακέρυζα	1	exact	λακέρυζα
tlg0059.tlg030	κραυγάζω	1	exact	κραυγάζω
tlg0059.tlg030	μεριμνάω	1	exact	μεριμνάω
tlg0059.tlg030	ἔραμαι	1	exact	ἔραμαι
tlg0059.tlg030	ἀκροάζομαι	1	exact	ἀκροάζομαι
tlg0059.tlg030	ἐπαείδω	1	exact	ἐπαείδω
tlg0059.tlg030	σπουδαστέος	1	exact	σπουδαστέος
tlg0059.tlg030	νομιστέος	1	exact	νομιστέος
tlg0059.tlg030	ἐμβλέπω	1	exact	ἐμβλέπω
tlg0059.tlg030	ὀφθαλμία	1	exact	ὀφθαλμία
tlg0059.tlg030	ἐρυσίβη	1	exact	ἐρυσίβη
tlg0059.tlg030	σηπεδών	1	exact	σηπεδών
tlg0059.tlg030	ξύλον	1	exact	ξύλον
tlg0059.tlg030	μαραίνω	1	exact	μαραίνω
tlg0059.tlg030	παλαιότης	1	exact	παλαιότης
tlg0059.tlg030	μοχθηρία	1	exact	μοχθηρία
tlg0059.tlg030	ἀνέλεγκτος	1	exact	ἀνέλεγκτος
tlg0059.tlg030	πυρετός	1	exact	πυρετός
tlg0059.tlg030	ὁμόσε	1	exact	ὁμόσε
tlg0059.tlg030	σχολαῖος	1	exact	σχολαῖος
tlg0059.tlg030	σκηνέω	1	exact	σκηνέω
tlg0059.tlg030	ἀίδιος	1	exact	ἀίδιος
tlg0059.tlg030	διαθεατέον	1	exact	διαθεατέον
tlg0059.tlg030	θαλάσσιος	1	exact	θαλάσσιος
tlg0059.tlg030	Γλαῦκος	1	exact	Γλαῦκος
tlg0059.tlg030	ἐκκλάω	1	exact	ἐκκλάω
tlg0059.tlg030	συντρίβω	1	exact	συντρίβω
tlg0059.tlg030	προσφύω	1	exact	προσφύω
tlg0059.tlg030	ἐκκομίζω	1	exact	ἐκκομίζω
tlg0059.tlg030	πόντος	1	exact	πόντος
tlg0059.tlg030	περικρούω	1	exact	περικρούω
tlg0059.tlg030	γεηρός	1	exact	γεηρός
tlg0059.tlg030	πετρώδης	1	exact	πετρώδης
tlg0059.tlg030	μονοειδής	1	exact	μονοειδής
tlg0059.tlg030	κυνέη	1	exact	κυνέη
tlg0059.tlg030	ἀνεπίφθονος	1	exact	ἀνεπίφθονος
tlg0059.tlg030	θεομισής	1	exact	θεομισής
tlg0059.tlg030	ἄττα	1	exact	ἄττα
tlg0059.tlg030	δρομεύς	1	exact	δρομεύς
tlg0059.tlg030	ἀποπηδάω	1	exact	ἀποπηδάω
tlg0059.tlg030	ἀστεφάνωτος	1	exact	ἀστεφάνωτος
tlg0059.tlg030	ἀποτρέχω	1	exact	ἀποτρέχω
tlg0059.tlg030	δρομικός	1	exact	δρομικός
tlg0059.tlg030	ἀπόλογος	1	exact	ἀπόλογος
tlg0059.tlg030	ἄλκιμος	1	exact	ἄλκιμος
tlg0059.tlg030	Πάμφυλος	1	exact	Πάμφυλος
tlg0059.tlg030	δεκαταῖος	1	exact	δεκαταῖος
tlg0059.tlg030	θάπτω	1	exact	θάπτω
tlg0059.tlg030	διαδικάζω	1	exact	διαδικάζω
tlg0059.tlg030	αὐχμός	1	exact	αὐχμός
tlg0059.tlg030	κατασκηνάω	1	exact	κατασκηνάω
tlg0059.tlg030	δεκάκις	1	exact	δεκάκις
tlg0059.tlg030	ἔκτεισμα	1	exact	ἔκτεισμα
tlg0059.tlg030	κακουχία	1	exact	κακουχία
tlg0059.tlg030	μεταίτιος	1	exact	μεταίτιος
tlg0059.tlg030	ἀσέβεια	1	exact	ἀσέβεια
tlg0059.tlg030	εὐσέβεια	1	exact	εὐσέβεια
tlg0059.tlg030	αὐτόχειρος	1	exact	αὐτόχειρος
tlg0059.tlg030	χιλιοστός	1	exact	χιλιοστός
tlg0059.tlg030	διάπυρος	1	exact	διάπυρος
tlg0059.tlg030	διαλαμβάνω	1	exact	διαλαμβάνω
tlg0059.tlg030	ἐκδέρω	1	exact	ἐκδέρω
tlg0059.tlg030	Τάρταρος	1	exact	Τάρταρος
tlg0059.tlg030	τεταρταῖος	1	exact	τεταρταῖος
tlg0059.tlg030	κίων	1	exact	κίων
tlg0059.tlg030	Ἶρις	1	exact	Ἶρις
tlg0059.tlg030	ἡμερήσιος	1	exact	ἡμερήσιος
tlg0059.tlg030	ὑπόζωμα	1	exact	ὑπόζωμα
tlg0059.tlg030	ἐπιστρέφω	1	exact	ἐπιστρέφω
tlg0059.tlg030	ἄγκιστρον	1	exact	ἄγκιστρον
tlg0059.tlg030	ἀδάμας	1	exact	ἀδάμας
tlg0059.tlg030	ἐκγλύφω	1	exact	ἐκγλύφω
tlg0059.tlg030	κάδος	1	exact	κάδος
tlg0059.tlg030	ὀκτώ	1	exact	ὀκτώ
tlg0059.tlg030	ἐξωτάτω	1	exact	ἐξωτάτω
tlg0059.tlg030	πλατύς	1	exact	πλατύς
tlg0059.tlg030	ξανθός	1	exact	ξανθός
tlg0059.tlg030	ὑπέρυθρος	1	exact	ὑπέρυθρος
tlg0059.tlg030	λευκότης	1	exact	λευκότης
tlg0059.tlg030	κυκλέω	1	exact	κυκλέω
tlg0059.tlg030	πέριξ	1	exact	πέριξ
tlg0059.tlg030	λευχειμονέω	1	exact	λευχειμονέω
tlg0059.tlg030	Σειρήν	1	exact	Σειρήν
tlg0059.tlg030	συνεπιστρέφω	1	exact	συνεπιστρέφω
tlg0059.tlg030	διαλείπω	1	exact	διαλείπω
tlg0059.tlg030	γόνυ	1	exact	γόνυ
tlg0059.tlg030	ἐφήμερος	1	exact	ἐφήμερος
tlg0059.tlg030	θανατηφόρος	1	exact	θανατηφόρος
tlg0059.tlg030	ἀδέσποτος	1	exact	ἀδέσποτος
tlg0059.tlg030	ὁπόστος	1	exact	ὁπόστος
tlg0059.tlg030	διατελής	1	exact	διατελής
tlg0059.tlg030	πτωχεία	1	exact	πτωχεία
tlg0059.tlg030	δόκιμος	1	exact	δόκιμος
tlg0059.tlg030	ἀδόκιμος	1	exact	ἀδόκιμος
tlg0059.tlg030	μεσόω	1	exact	μεσόω
tlg0059.tlg030	ζητητής	1	exact	ζητητής
tlg0059.tlg030	εὐγένεια	1	exact	εὐγένεια
tlg0059.tlg030	δυσγένεια	1	exact	δυσγένεια
tlg0059.tlg030	ἰδιωτεία	1	exact	ἰδιωτεία
tlg0059.tlg030	δυσμαθία	1	exact	δυσμαθία
tlg0059.tlg030	ἐπίκτητος	1	exact	ἐπίκτητος
tlg0059.tlg030	ἀνέκπληκτος	1	exact	ἀνέκπληκτος
tlg0059.tlg030	ἀνήκεστος	1	exact	ἀνήκεστος
tlg0059.tlg030	ἀθυμέω	1	exact	ἀθυμέω
tlg0059.tlg030	λαιμαργία	1	exact	λαιμαργία
tlg0059.tlg030	βρῶσις	1	exact	βρῶσις
tlg0059.tlg030	ἐπιδρομή	1	exact	ἐπιδρομή
tlg0059.tlg030	χθόνιος	1	exact	χθόνιος
tlg0059.tlg030	λεία	1	exact	λεία
tlg0059.tlg030	οὐράνιος	1	exact	οὐράνιος
tlg0059.tlg030	ἀηδών	1	exact	ἀηδών
tlg0059.tlg030	εἰκοστός	1	exact	εἰκοστός
tlg0059.tlg030	ἀετός	1	exact	ἀετός
tlg0059.tlg030	γελωτοποιός	1	exact	γελωτοποιός
tlg0059.tlg030	λωφέω	1	exact	λωφέω
tlg0059.tlg030	συμπέμπω	1	exact	συμπέμπω
tlg0059.tlg030	ἐπιστροφή	1	exact	ἐπιστροφή
tlg0059.tlg030	δίνη	1	exact	δίνη
tlg0059.tlg030	ἀμετάστροφος	1	exact	ἀμετάστροφος
tlg0059.tlg030	ἐπικλώθω	1	exact	ἐπικλώθω
tlg0059.tlg030	ἀμεταστρεπτί	1	exact	ἀμεταστρεπτί
tlg0059.tlg030	πεδίον	1	exact	πεδίον
tlg0059.tlg030	καῦμα	1	exact	καῦμα
tlg0059.tlg030	σκηνάω	1	exact	σκηνάω
tlg0059.tlg030	σεισμός	1	exact	σεισμός
tlg0059.tlg030	ἐξαπίνης	1	exact	ἐξαπίνης
tlg0059.tlg030	ἀίσσω	1	exact	ἀίσσω
tlg0059.tlg030	ἀστήρ	1	exact	ἀστήρ
tlg0059.tlg030	ἕωθεν	1	exact	ἕωθεν
tlg0059.tlg030	διαβαίνω	1	exact	διαβαίνω
tlg0059.tlg030	νικηφόρος	1	exact	νικηφόρος
